id,school_id,iern,batches_name,year_received,sources_fund,ecart_laptops,ecart_tablets,ecart_tv,charging_condition,remarks,created_at
1075,302833,2026-31141,Batch 42,2022,DepEd (DCP),46,0,1,Functional,"Headphones, Router",2026-04-08 14:11:30.086046+00:00
165,500086,2026-11996,42,2023,DepEd (DCP),41,0,1,Functional,,2026-04-06 13:23:51.053319+00:00
7118,303326,2026-34769,Batch 2022-01,2024,DepEd (DCP),46,0,0,Functional,"Some Dell Laptops need to be permanently plug-in to use. 
battery issues",2026-04-20 11:34:59.035963+00:00
1973,309612,2026-23537,Batch,2025,DepEd (DCP),46,0,0,Functional,,2026-04-10 05:08:26.012167+00:00
474,301768,2026-06421,Batch 2019-02,2021,DepEd (DCP),18,0,0,Functional,,2026-04-07 07:39:28.280113+00:00
475,301768,2026-06421,Batch 2018-01,2019,DepEd (DCP),0,25,0,Functional,,2026-04-07 07:39:28.284850+00:00
66,150021,2026-07744,DCP 2025 Packages(Laptop For Teaching(LAT)Lot 2,2025,DepEd (DCP),5,1,1,Functional,,2026-04-03 14:11:13.084732+00:00
323,302915,2026-31885,2022,2024,DepEd (DCP),46,0,0,Functional,Mouse,2026-04-07 05:44:34.293530+00:00
476,301768,2026-06421,Batch 36,2018,DepEd (DCP),4,0,0,Functional,,2026-04-07 07:39:28.289586+00:00
101,999881,999881,2,2024,DepEd (DCP),11,1,1,Functional,,2026-04-06 05:24:10.184353+00:00
477,301768,2026-06421,Batch 2024-01,2024,DepEd (DCP),46,0,0,Functional,,2026-04-07 07:39:28.295423+00:00
70,100271,2026-07920,Batch 2024-01 (E-LEARNING CART PACKAGE),2024,DepEd (DCP),46,0,1,Functional,"Routers, wireless mouse, mouse pad, headset, laptop bags",2026-04-03 14:36:14.867146+00:00
102,309162,2026-05356,35,2019,DepEd (DCP),1,0,0,Functional,"DVD writers, Head set router",2026-04-06 05:29:20.589090+00:00
1831,500053,2026-10114,DEPED LOT 1: IT PACKAGE (E-TEXTBOOK),2019,DepEd (DCP),0,50,0,Functional,"1 ROUTER, 50 MOUSE,  50HEADSETS",2026-04-10 03:52:45.705262+00:00
105,306119,2026-11680,Batch 43,2018,DepEd (DCP),5,0,0,Functional,Headphones,2026-04-06 06:19:39.800443+00:00
7119,303326,2026-34769,Batch 2023-01,2024,DepEd (DCP),46,0,0,Functional,All Lenovo Laptops In Good Condition,2026-04-20 11:34:59.042180+00:00
1117,301679,2026-06079,Batch 35,2022,DepEd (DCP),46,0,1,Functional,"Silicon Power Armor A60, Router, Projector,Speaker,UPS, AVR",2026-04-08 22:02:57.225654+00:00
495,136689,2026-07271,DCP Packages 2024,2024,DepEd (DCP),46,0,1,Functional,,2026-04-07 07:49:32.294428+00:00
127,305941,2026-11504,Batch 2023-03,2024,DepEd (DCP),5,0,0,Functional,,2026-04-06 07:37:27.206199+00:00
7121,306207,2026-12496,Batch 2019-03,2020,DepEd (DCP),1,50,0,Functional,,2026-04-20 11:45:49.795308+00:00
7280,305096,2026-00515,Batch 2022-01,2024,DepEd (DCP),46,0,1,Functional,,2026-04-21 04:31:29.578418+00:00
634,501614,2026-12807,DCP2022,2024,DepEd (DCP),51,0,1,Functional,Headphones,2026-04-07 12:09:48.095906+00:00
104,306115,2026-12168,2023,2024,DepEd (DCP),103,0,2,Functional,,2026-04-06 05:35:13.815067+00:00
90,300576,2026-11333,Batch 2019-03,2021,DepEd (DCP),0,50,0,Non-Functional,,2026-04-06 04:05:21.230549+00:00
5303,317520,2026-03058,Batch 2022-01,2022,DepEd (DCP),46,0,1,Functional,"Router, Charging station, external drive",2026-04-15 03:13:19.465404+00:00
1098,321802,2026-26740,FY 2022 eLearning Cart Secondary,2024,DepEd (DCP),1,50,0,Functional,"external hard drive, wireless router",2026-04-08 15:28:39.821844+00:00
110,104374,2026-12745,Batch 2022-01,2024,DepEd (DCP),46,0,1,Functional,"Routers, external hard drive",2026-04-06 06:44:20.482139+00:00
87,305832,2026-11881,black,2023,DepEd (DCP),50,0,1,Functional,"Router, Mouse, headset",2026-04-06 04:02:15.107299+00:00
88,305832,2026-11881,blue,2022,DepEd (DCP),51,0,1,Functional,"Router,headphone, mouse",2026-04-06 04:02:15.114587+00:00
89,305832,2026-11881,HE DCP,2026,DepEd (DCP),3,0,1,Functional,"Mouse,headset",2026-04-06 04:02:15.120866+00:00
5304,317520,2026-03058,Batch 2023-01,2023,DepEd (DCP),46,0,1,Functional,"Router, charging station , silicon power armor",2026-04-15 03:13:19.474343+00:00
1046,109559,2026-19502,Batch 23,2024,DepEd (DCP),4,0,5,Functional,,2026-04-08 13:28:28.045922+00:00
7392,316011,2026-42109,Batch,2024,DepEd (DCP),47,0,1,Functional,,2026-04-21 23:03:18.343880+00:00
139,305145,2026-01191,Batch 2023-01,2022,DepEd (DCP),46,0,1,Functional,,2026-04-06 08:24:35.312006+00:00
100,156507,2026-12689,Batch 44,2024,DepEd (DCP),44,0,0,Functional,,2026-04-06 04:52:05.734218+00:00
7460,301614,2026-05300,Batch 2018,2018,DepEd (DCP),0,50,1,Functional,,2026-04-22 13:40:08.731255+00:00
5346,302792,2026-30590,2023-01 E-Learning Package,2024,DepEd (DCP),46,0,1,Functional,"Wireless Routers 2pcs, External HDD 1pc",2026-04-15 03:46:55.436818+00:00
5354,500066,2026-11297,DCP-2024 BATCH 1,2024,DepEd (DCP),48,0,1,Functional,Other accessories are no longer working,2026-04-15 03:57:16.215275+00:00
5355,500066,2026-11297,DCP 2024 STV,2024,DepEd (DCP),0,0,4,Functional,,2026-04-15 03:57:16.225939+00:00
1428,101499,2026-09279,Batch 40,2018,DepEd (DCP),1,0,0,Functional,,2026-04-09 13:24:00.694005+00:00
1429,101499,2026-09279,DCP Batch 2020 Multimedia Classroom Package,2021,DepEd (DCP),4,0,0,Functional,,2026-04-09 13:24:00.698570+00:00
1430,101499,2026-09279,DCP 2024,2024,DepEd (DCP),5,0,0,Functional,,2026-04-09 13:24:00.703727+00:00
59,320808,2026-07747,e-Learning Package,2024,DepEd (DCP),26,0,1,Functional,"Routers, Headset, Laptop Bags, Wireless Mouse and Mouse Pad",2026-04-01 08:39:49.687807+00:00
58,102889,2026-11028,2018-01(E-Textbooks),2019,DepEd (DCP),1,50,0,Functional,5 are non functional ,2026-04-01 08:38:27.733255+00:00
111,300554,2026-11770,Batch 2022 elearning cart package,2024,DepEd (DCP),46,0,1,Functional,Need additional laptops,2026-04-06 07:10:47.001031+00:00
130,309402,2026-06774,BATCH 2024,2024,DepEd (DCP),46,0,1,Functional,,2026-04-06 07:48:25.508906+00:00
120,104381,2026-12751,Batch 01,2024,DepEd (DCP),51,0,1,Functional,,2026-04-06 07:25:58.295767+00:00
123,306421,2026-10867,Batch 2022-1,2022,DepEd (DCP),46,0,1,Functional,"2 Modem Router, 2 charging cart, 1 external hard drive",2026-04-06 07:36:06.739670+00:00
124,306421,2026-10867,eTextbooks Batch 2019,2019,DepEd (DCP),0,50,0,Functional,,2026-04-06 07:36:06.747668+00:00
125,306421,2026-10867,Junior High School ICT Package Batch 2016,2016,DepEd (DCP),0,0,0,Non-Functional,None,2026-04-06 07:36:06.751781+00:00
126,306421,2026-10867,Senior High School ICT Package Batch 2018 (Desktop),2018,DepEd (DCP),0,0,0,Non-Functional,Computer Bundle Set,2026-04-06 07:36:06.757149+00:00
137,118611,2026-31649,26,2020,DepEd (DCP),6,0,0,Functional,Routers,2026-04-06 08:05:29.602280+00:00
143,300572,2026-11835,2022-01,2024,DepEd (DCP),46,0,1,Functional,"external hard drive, flash drive, router",2026-04-06 09:10:31.418914+00:00
148,301776,2026-06587,BATCH 47,2024,DepEd (DCP),46,0,2,Functional,2 ROUTERS,2026-04-06 09:28:05.310661+00:00
157,501927,2026-41388,2024,2024,DepEd (DCP),46,0,1,Functional,"1 router, 1 hard drive",2026-04-06 10:53:24.692016+00:00
156,309007,2026-05471,DCP 2024,2024,DepEd (DCP),46,0,1,Functional,"Router, headphone, mouse",2026-04-06 10:23:43.147969+00:00
162,301777,2026-06380,Batch 2022-01 laptop HP 245 G9,2024,DepEd (DCP),46,0,1,Functional,"routers ,headphones",2026-04-06 12:18:15.345026+00:00
1974,502134,2026-04348,Batch 2024-01,2024,DepEd (DCP),46,0,1,Functional,"Routers, Head set, chargers, mouse & mouse pad",2026-04-10 05:09:17.913729+00:00
222,307812,2026-20280,DCP Package,2024,DepEd (DCP),46,0,0,Functional,"Mouse, router, headset, Smart TV",2026-04-07 03:16:01.504678+00:00
163,501315,2026-11682,08-2024-E-LC-THINKPAD LENOVO,2024,DepEd (DCP),51,0,0,Non-Functional,"Chargers, mouse",2026-04-06 12:26:15.352196+00:00
1099,136783,2026-07402,Batch 40,2018,DepEd (DCP),1,0,0,Functional,,2026-04-08 15:35:19.561020+00:00
635,304246,2026-42016,Batch 44,2017,DepEd (DCP),46,0,0,Functional,,2026-04-07 12:12:48.836131+00:00
320,322701,2026-10371,DCP Batch 2018-01,2019,DepEd (DCP),1,50,0,Non-Functional,"2 units charging/storage cart (unserviceable)
1 unit wireless router: Lynksys EA7500",2026-04-07 05:42:04.204049+00:00
324,500062,2026-10503,Batch 2023-1,2023,DepEd (DCP),46,0,1,Functional,"2 routers, 2 carts, ",2026-04-07 05:46:53.451598+00:00
158,300550,2026-11372,Batch 42 ,2022,DepEd (DCP),46,0,1,Functional,,2026-04-06 11:25:04.324142+00:00
1100,136783,2026-07402,Batch 31,2017,DepEd (DCP),2,0,2,Functional,,2026-04-08 15:35:19.567418+00:00
1101,136783,2026-07402,Batch 29,2016,DepEd (DCP),1,0,0,Functional,,2026-04-08 15:35:19.572761+00:00
336,301195,2026-17588,Batch 2024-01,2024,DepEd (DCP),46,0,1,Functional,"Routers, headphones, charging ecart, external hard drive, flash drive",2026-04-07 05:57:06.792076+00:00
161,306109,2026-12132,Batch ,2024,DepEd (DCP),51,0,1,Functional,"Routers, Adaptors, chargers",2026-04-06 12:07:18.501310+00:00
182,111397,2026-06542,Batch 14-2013,2013,DepEd (DCP),0,0,0,Non-Functional,"Classroom    Management    Software Net Support School
NComputing U170
DLink  USB  Powered  Hub  7port  w/
power adapter
Monitor, Keyboard, Mouse, UPS, Projector, Document cameras / Visualizers, Promethean ActivBoard, Printer",2026-04-07 01:51:34.561590+00:00
183,111397,2026-06542,Batch 29-2016,2016,DepEd (DCP),1,0,0,Non-Functional,"Projector
Projector Screen, Speakers
",2026-04-07 01:51:34.565500+00:00
184,111397,2026-06542,Batch 29,2015,DepEd (DCP),0,0,11,Non-Functional,Printer,2026-04-07 01:51:34.570881+00:00
186,306133,2026-11543,DCP2022 Batch 1,2024,DepEd (DCP),46,0,1,Functional,"Router, storage cart, external hard drive",2026-04-07 01:58:55.216290+00:00
5131,500303,2026-45663,batch 44,2024,DepEd (DCP),46,0,0,Functional,2 charging base,2026-04-15 00:49:42.016221+00:00
239,306070,2026-17727,Package 1 e-Learning Cart,2023,DepEd (DCP),46,0,1,Functional,With 2 Wireless routers and 1 External Hard Drive,2026-04-07 03:33:02.489175+00:00
5309,301966,2026-24105,BATCH 22,2024,DepEd (DCP),46,0,1,Functional,,2026-04-15 03:14:25.385003+00:00
3531,314208,2026-21912,e-textbook FY2018,2018,DepEd (DCP),0,50,0,Non-Functional,"1 router - unserviceable
1 laptop - unserviceable",2026-04-13 07:41:37.576784+00:00
168,502269,2026-12788,DCP,2022,DepEd (DCP),51,0,1,Functional,"Mouse, Routers, Headphones, Bag",2026-04-06 14:33:18.161141+00:00
192,305942,2026-12156,eLC 2023,2024,DepEd (DCP),46,0,1,Functional,,2026-04-07 02:03:21.849166+00:00
193,100152,2026-07775,Batch 2024-01,2024,DepEd (DCP),46,0,1,Functional,"Mouse, laptop bags, headphone, charging station, mouse pad",2026-04-07 02:08:40.288824+00:00
194,302832,2026-31264,ELEARNING CART PACKAGE,2024,DepEd (DCP),46,0,1,Functional,TP LINK WIRELESS ROUTER/ HARDDRIVE,2026-04-07 02:31:28.181989+00:00
1119,304310,2026-42474,eLearning Cart Package,2024,DepEd (DCP),46,0,0,Functional,"bag, mouse, mouse pad",2026-04-08 22:19:51.386055+00:00
656,108468,2026-18193,SMART TV PACKAGE 2025,2025,DepEd (DCP),0,0,5,Functional,,2026-04-07 13:44:39.752988+00:00
172,104385,2026-12774,Batch 2018 E-Textbook,2018,DepEd (DCP),1,50,0,Functional,"Router, Headphones",2026-04-07 01:11:46.976594+00:00
314,323602,2026-16623,DCP2024,2024,DepEd (DCP),46,0,1,Functional,,2026-04-07 05:35:18.347829+00:00
7120,302310,2026-26976,44,2024,DepEd (DCP),55,0,1,Functional,,2026-04-20 11:35:12.971561+00:00
200,103123,2026-11451,Batch 40,2018,DepEd (DCP),1,0,0,Non-Functional,Projector,2026-04-07 02:38:35.862302+00:00
201,103123,2026-11451,Batch 26,2015,DepEd (DCP),0,0,0,Non-Functional,None,2026-04-07 02:38:35.865810+00:00
202,309208,2026-06502,Batch 2022-01:ELearning cart package,2024,DepEd (DCP),46,0,1,Functional,4 Boxes Routers & Ext. Drive,2026-04-07 02:43:19.356286+00:00
1076,301486,2026-19670,Batch 2022-01:ELEARNING CART PCKAGE,2024,DepEd (DCP),46,0,1,Functional,,2026-04-08 14:12:39.634311+00:00
204,307922,2026-18062,E Learning Cart Package,2024,DepEd (DCP),46,0,1,Functional,"Router, External Hard Drive, Head Set, Mouse, USB Flash Drive",2026-04-07 02:51:22.680667+00:00
185,342600,2026-20113,E-Textbooks 2019-03,2021,DepEd (DCP),0,50,0,Functional,,2026-04-07 01:52:21.071956+00:00
174,309211,2026-06572,Batch 2018,2018,DepEd (DCP),10,15,5,Non-Functional,,2026-04-07 01:29:20.590314+00:00
3429,501208,2026-07498,TNE LT-CART,2024,DepEd (DCP),46,0,0,Functional,,2026-04-13 07:02:53.001591+00:00
7281,300631,2026-12520,G4-G6 ICT Package,2024,DepEd (DCP),46,0,0,Functional,Head phone,2026-04-21 04:48:17.757097+00:00
211,305943,2026-12041,Batch 2022-01,2022,DepEd (DCP),46,0,1,Functional,"Router, Storage Cart, External HDD",2026-04-07 02:59:32.073712+00:00
218,106764,2026-16524,Batch 2024,2024,DepEd (DCP),0,0,5,Functional,"Tv leg stand, external hard drive",2026-04-07 03:08:52.983369+00:00
219,301060,2026-16341,Batch 2023-01: eLearning ,2024,DepEd (DCP),46,0,1,Functional,,2026-04-07 03:15:07.096899+00:00
220,301060,2026-16341,Batch 2019-02,2020,DepEd (DCP),51,0,0,Functional,,2026-04-07 03:15:07.103248+00:00
221,301060,2026-16341,Batch 2019-03,2020,DepEd (DCP),1,50,0,Non-Functional,,2026-04-07 03:15:07.109572+00:00
223,500454,2026-43349,Batch 2022,2024,DepEd (DCP),46,0,1,Functional,"Headphones, wireless mouse, touch pad, TP link router, bags per Laptop ",2026-04-07 03:17:30.208697+00:00
224,300562,2026-11879,DCP Package 2022,2022,DepEd (DCP),46,0,1,Functional,,2026-04-07 03:17:55.498295+00:00
225,307917,2026-17941,BATCH 2022,2024,DepEd (DCP),46,0,1,Functional,,2026-04-07 03:19:10.055473+00:00
226,307903,2026-18092,Batch 2019-03,2020,DepEd (DCP),1,50,0,Functional,,2026-04-07 03:19:33.639679+00:00
228,305601,2026-10168,Batch 2019,2019,DepEd (DCP),1,50,0,Functional,50 Headset and 1 Wireless Router,2026-04-07 03:25:26.739496+00:00
229,305601,2026-10168,Batch 2020-01,2024,DepEd (DCP),46,0,1,Functional,with 2 Router and 1 External Hard Drive,2026-04-07 03:25:26.744159+00:00
230,301263,2026-18021,Batch (E- Learning Cart Package),2024,DepEd (DCP),46,0,1,Functional,"Wireless Mouse,Laptop Bag,Charging Cart,wireless router,",2026-04-07 03:27:31.038404+00:00
237,108146,2026-17822,Batch 2019-01:G4-6 ICT Package,2021,DepEd (DCP),1,50,1,Functional,"Router, inkjet printer, charging cart",2026-04-07 03:30:22.525676+00:00
234,300007,2026-07635,2024,2024,DepEd (DCP),46,0,1,Functional,,2026-04-07 03:29:17.001611+00:00
235,300007,2026-07635,2019,2019,DepEd (DCP),2,50,2,Functional,50 PHASEOUT,2026-04-07 03:29:17.005570+00:00
479,304365,2026-42813,Batch 2022,2024,DepEd (DCP),92,0,2,Functional,Dongle of some mouse are not functional,2026-04-07 07:42:49.414347+00:00
342,117452,2026-30181,40,2025,DepEd (DCP),46,0,1,Functional,"To link Archer,HDMI cable",2026-04-07 06:04:12.228398+00:00
246,300568,2026-11790,Batch 2022-01,2024,DepEd (DCP),46,0,1,Functional,"router, external hard drive, flash drive",2026-04-07 03:38:08.258550+00:00
247,300568,2026-11790,batch 2019-03,2021,DepEd (DCP),0,50,0,Non-Functional,"mouse, headset, cd writer, router, cart",2026-04-07 03:38:08.263797+00:00
248,502554,2026-06503,29,2022,DepEd (DCP),45,41,1,Functional,,2026-04-07 03:39:03.683697+00:00
1077,315315,2026-40681,Batch 2024-01,2024,DepEd (DCP),46,0,1,Functional,"Headset, wireless mouse, external hard drive, laptop bag, mouse pad, charging cart, router, tv keg stand, remote control with battery, wall mounting kit, HDMI cable, and USB",2026-04-08 14:15:48.361338+00:00
317,304500,2026-44290,22,2023,DepEd (DCP),45,0,1,Functional,,2026-04-07 05:36:41.269324+00:00
251,342345,2026-18118,Batch2024-01 E-Learning Cart Package,2024,DepEd (DCP),46,0,1,Functional,"2 Router
1 external hard drive
46 bag pack, 46 mouse & mouse pad, 46 headphone",2026-04-07 03:43:13.022495+00:00
252,342345,2026-18118,Batch2019-03 E-textbooks,2019,DepEd (DCP),1,50,0,Functional,"1 router, 2 charging cart, 1 laptop(unserviceable), 2 e-tablet(unserviceable-no power), 48 detachable keyboard(unserviceable)",2026-04-07 03:43:13.027738+00:00
1978,305315,2026-06886,Batch 2022-01,2024,DepEd (DCP),46,0,1,Functional,"with ASUS Backpack, Wireless Mouse",2026-04-10 05:10:59.635906+00:00
658,108468,2026-18193,DCP-2024-03-LAPTOP FOR TEACHING,2024,DepEd (DCP),5,0,0,Functional,,2026-04-07 13:44:39.765273+00:00
496,307808,2026-17881,Batch 44,2021,DepEd (DCP),1,50,0,Functional,,2026-04-07 07:50:31.168554+00:00
503,129249,2026-42467,G4-G6 ICT PACKAGE,2020,DepEd (DCP),1,50,1,Functional,"MODEM ROUTER, MOUSE, KEYBOARD",2026-04-07 07:53:37.810676+00:00
504,129249,2026-42467,DCP2023,2023,DepEd (DCP),5,0,0,Non-Functional,,2026-04-07 07:53:37.815426+00:00
505,129249,2026-42467,DCP BATCH 40,2018,DepEd (DCP),1,0,0,Non-Functional,"PROJECTOR, SPEAKER",2026-04-07 07:53:37.819932+00:00
263,302834,2026-31361,Batch 2022-01,2024,DepEd (DCP),46,0,1,Functional,"Carrying Bags, 46 Wireless Mouse with Bluetooth with Mousepad, Goodness Headset, 1 Flashdrive, 1 Wireless Router, 1 Lacie Rugged Mini External HDD 5tb",2026-04-07 03:49:35.000691+00:00
167,502266,2026-12808,Batch 2023:01,2024,DepEd (DCP),46,0,0,Functional,,2026-04-06 13:48:23.561517+00:00
335,108075,2026-17734,2019-dcp for g4-6,2019,DepEd (DCP),1,50,0,Functional,,2026-04-07 05:52:08.281572+00:00
1154,118048,2026-30977,Batch 2024-03: Laptop for Teaching Package,2024,DepEd (DCP),5,0,0,Functional,"Wireless mouse, Headset",2026-04-09 01:29:56.293282+00:00
271,100059,2026-07691,BATCH 2023-03,2024,DepEd (DCP),45,0,0,Functional,,2026-04-07 04:05:07.102559+00:00
268,305627,2026-06463,Batch 44,2024,DepEd (DCP),46,0,8,Functional,,2026-04-07 03:57:48.145765+00:00
5137,501637,2026-16249,DCP E-CLASSROOM PACKAGE 2023,2024,DepEd (DCP),92,0,1,Functional,"HEADPHONES, MOUSE, BAGS, CHARGERS",2026-04-15 00:52:44.715826+00:00
275,301764,2026-06480,Batch 2023-01,2024,DepEd (DCP),92,0,2,Functional,"routers, wireless mouse, headset",2026-04-07 04:20:06.147507+00:00
1120,304310,2026-42474,eLearning Cart Package,2024,DepEd (DCP),46,0,0,Functional,"bag, mouse, mouse pad",2026-04-08 22:19:51.391060+00:00
646,500089,2026-11398,Batch 45,2022,DepEd (DCP),46,0,0,Functional,,2026-04-07 12:59:26.198636+00:00
1982,128754,2026-41997,2018-1,2019,DepEd (DCP),1,50,0,Functional,,2026-04-10 05:15:33.621072+00:00
3473,500232,2026-34209,2022-01,2024,DepEd (DCP),46,0,1,Functional,,2026-04-13 07:18:56.467825+00:00
273,136892,2026-07584,Batch 2022-01,2024,DepEd (DCP),46,0,1,Functional,"TP-Link Archer AX12 AX1500 WI-FI 6 ROUTER
TPNE LT-CART-24AC-1 CHARGING CART
SEAGATE LACIE RUGGED MINI 5TB",2026-04-07 04:17:01.566503+00:00
281,300551,2026-12130,DCP BATCH 2024,2024,DepEd (DCP),46,5,10,Functional,,2026-04-07 04:52:21.033578+00:00
3430,501208,2026-07498,TNE LT-CART,2024,DepEd (DCP),46,0,0,Functional,,2026-04-13 07:02:53.012441+00:00
530,300508,2026-12202,Batch 22- 01,2024,DepEd (DCP),46,0,1,Non-Functional,"2Routers, Hard drive 1 , flash drive 1",2026-04-07 08:17:19.499943+00:00
345,301159,2026-19996,2022-01,2022,DepEd (DCP),46,0,0,Functional,,2026-04-07 06:09:45.456479+00:00
346,300603,2026-12093,Batch 1,2024,DepEd (DCP),46,0,0,Functional,,2026-04-07 06:11:26.054906+00:00
347,300603,2026-12093,Batch 2,2024,DepEd (DCP),46,0,0,Functional,,2026-04-07 06:11:26.064913+00:00
352,300504,2026-12177,Batch 44,2024,DepEd (DCP),94,47,2,Functional,eCart Package is Functional,2026-04-07 06:16:54.553990+00:00
103,999030,999030,Batch 12,2021,DepEd (DCP),2,3,2,Functional,,2026-04-06 05:33:20.446269+00:00
290,305296,2026-06871,Batch 44,2023,DepEd (DCP),92,1,2,Functional,,2026-04-07 05:07:25.452001+00:00
2029,304265,2026-42180,Batch 2023-01: E-Learning Cart Package,2023,DepEd (DCP),46,0,1,Functional,,2026-04-10 05:55:55.980257+00:00
2042,303812,2026-21548,Batch 44,2022,DepEd (DCP),46,0,1,Functional,,2026-04-10 06:00:49.115208+00:00
2064,302088,2026-24954,Batch 2019-03:Etextbooks,2020,DepEd (DCP),50,0,0,Functional,"Wireless mouse, headset, carrying bag, wireless router",2026-04-10 06:14:59.270352+00:00
539,300416,2026-10506,BATCH 2023-01,2024,DepEd (DCP),56,0,1,Functional,,2026-04-07 08:31:28.771586+00:00
540,300416,2026-10506,BATCH 2022-01,2024,DepEd (DCP),46,0,1,Functional,,2026-04-07 08:31:28.777745+00:00
541,300416,2026-10506,BATCH 2019-03,2021,DepEd (DCP),0,50,0,Functional,,2026-04-07 08:31:28.783911+00:00
640,342219,2026-20323,Batch 44,2024,DepEd (DCP),50,0,1,Functional,,2026-04-07 12:35:45.980353+00:00
500,301632,2026-05091,Batch 2018,2018,DepEd (DCP),1,50,0,Non-Functional,,2026-04-07 07:53:27.353217+00:00
312,300555,2026-11679,BATCH 2024 E-CART PACKAGE,2024,DepEd (DCP),46,0,0,Functional,COMPLETE,2026-04-07 05:30:29.980963+00:00
543,301166,2026-17587,2022-01,2022,DepEd (DCP),46,23,1,Functional,Some accessories are broken already,2026-04-07 08:34:12.634278+00:00
545,342285,2026-20263,Batch 2,2022,DepEd (DCP),0,49,0,Non-Functional,,2026-04-07 08:35:30.483992+00:00
546,342285,2026-20263,Batch 2024-01,2024,DepEd (DCP),46,0,0,Functional,,2026-04-07 08:35:30.488451+00:00
7393,316802,2026-45302,DEPED PACKAGE,2020,DepEd (DCP),0,44,1,Functional,,2026-04-22 00:02:11.260104+00:00
359,320821,2026-07965,DCP E-Learning Cart Package 2024,2024,DepEd (DCP),46,0,0,Functional,,2026-04-07 06:22:46.139466+00:00
309,500069,2026-11995,2024,2024,DepEd (DCP),46,0,1,Functional,,2026-04-07 05:13:08.883581+00:00
360,320821,2026-07965,DCP Package Batch 1,2019,DepEd (DCP),0,46,0,Non-Functional,25 Working,2026-04-07 06:22:46.144790+00:00
361,300375,2026-10167,Batch 2022-01,2024,DepEd (DCP),0,46,1,Functional,"2 routers, 2 storage cart,1 external drive",2026-04-07 06:26:59.043213+00:00
1049,303304,2026-34229,44,2025,DepEd (DCP),51,0,1,Functional,"Headphones, chargers, pieces of mouse",2026-04-08 13:37:24.393645+00:00
480,301244,2026-17988,Batch 2022-01: E-Learning Package,2024,DepEd (DCP),46,0,0,Functional,"Router, External Hard Drive",2026-04-07 07:43:05.838723+00:00
630,500684,2026-39666,2022-01,2024,DepEd (DCP),46,0,0,Functional,,2026-04-07 11:44:25.100530+00:00
369,341409,2026-43030,2022-01,2022,DepEd (DCP),46,0,1,Functional,"Wire routers, Charging Charts, External HDD",2026-04-07 06:33:02.131018+00:00
370,341409,2026-43030,2024-01,2024,DepEd (DCP),5,0,0,Functional,,2026-04-07 06:33:02.137408+00:00
631,500684,2026-39666,2024-01,2024,DepEd (DCP),46,0,1,Functional,"1 unit external hdd silicon power armor, 2 unit pixpro charging station max, 2 unit TP Link Wireless Router",2026-04-07 11:44:25.105527+00:00
372,316211,2026-42986,DCP2022 e-Learning Cart Package and smart TV Package,2022,DepEd (DCP),46,0,1,Functional,"Headphones, Mouse and Laptop Bags",2026-04-07 06:35:40.810550+00:00
1056,301028,2026-15987,Batch 2022-01,2024,DepEd (DCP),46,0,1,Functional,"ASUS B1400CB NOTEBOOK
INTEL CORE 15-1235U/8GB DDR4 ON BOARD/512GB M.2. 2280 NVME PCIE
4.0 SSD/WIN 11 PRO EDUC/14"" FHD
ASUS BACKPACK
RAPOO M160 WIRELESS MOUSE
PROMATE LA BOCA HEADPHONE BLACK
USB RECOVERY FLASH DRIVE
XITRIX XPN-DSA5850 58INCH SMART TV 3.0 USB WI ACCESSORIES
BASIC FULL MOTION TV MOUNT
MEDIA PLAYER/ PORTABLE STORAGE MOUNTING KIT (SMALL)
TP-LINK ARCHER AX12 AX1500 WIFI 6 ROUTER TNE LT-CART-24AC-1 CHARGING CART
SEAGATE LACIE MINI STB STJ15000400 EXTERNAL DRIVE",2026-04-08 13:46:44.521811+00:00
497,301173,2026-17677,2019-03,2019,DepEd (DCP),0,25,0,Functional,,2026-04-07 07:50:57.378872+00:00
498,301173,2026-17677,2019-03 ,2019,DepEd (DCP),0,25,1,Functional,,2026-04-07 07:50:57.383095+00:00
378,300010,2026-07709,Batch 2023-01,2024,DepEd (DCP),46,0,1,Functional,,2026-04-07 06:38:14.037517+00:00
641,301203,2026-17811,2023,2023,DepEd (DCP),46,0,1,Functional,,2026-04-07 12:37:14.237094+00:00
380,999067,999067,Batch 44,2016,DepEd (DCP),0,25,0,Functional,None,2026-04-07 06:41:42.502473+00:00
383,305694,2026-06605,E-learning Package,2024,DepEd (DCP),46,0,1,Functional,"routers, headphones, mouse, ext. drive",2026-04-07 06:44:56.273352+00:00
428,302867,2026-31465,Batch 2022-01,2024,DepEd (DCP),46,0,1,Functional,"Headphones, Wireless Mouse, USB Flash drive, Router",2026-04-07 07:14:17.926924+00:00
651,500343,2026-07966,Batch 2022-01,2024,DepEd (DCP),46,0,1,Functional,"charging-2, router-2",2026-04-07 13:23:08.558414+00:00
652,501319,2026-12158,Batch 1,2024,DepEd (DCP),46,5,1,Functional,"Router,storage cart,external hard drive,flash drive,hdmi,tv leg stand,mouse,headset,bag,remote",2026-04-07 13:23:32.031837+00:00
647,300522,2026-11503,DCP 2024-eLC-L2-SV-0041,2024,DepEd (DCP),46,1,1,Functional,Working,2026-04-07 13:03:21.490414+00:00
397,110388,2026-05082,DCP LOT 2022,2023,DepEd (DCP),4,0,0,Functional,,2026-04-07 06:51:21.654819+00:00
3579,302672,2026-29620,35,2024,DepEd (DCP),95,0,0,Functional,Headphones,2026-04-13 08:02:40.932057+00:00
398,500592,2026-07927,2024-01,2024,DepEd (DCP),46,0,1,Functional,Some laptops are no longer functioning.,2026-04-07 06:51:55.359090+00:00
1976,109854,2026-19885,Batch 2020,2020,DepEd (DCP),1,0,0,Functional,"Lapel, speaker",2026-04-10 05:10:35.272986+00:00
1977,109854,2026-19885,Batch 40,2019,DepEd (DCP),1,0,0,Functional,projector and multimedia speaker,2026-04-10 05:10:35.278452+00:00
670,301113,2026-20030,DCP Batch 2023,2023,DepEd (DCP),46,0,0,Functional,,2026-04-07 15:04:52.123003+00:00
673,108345,2026-18053,2024-02,2024,DepEd (DCP),0,0,5,Functional,,2026-04-07 16:44:25.960624+00:00
674,108345,2026-18053,2023-03,2024,DepEd (DCP),5,0,0,Functional,,2026-04-07 16:44:25.966710+00:00
659,108468,2026-18193,BATCH 20-MULTIMEDIA PACKAGE,2021,DepEd (DCP),1,0,1,Functional,LAPEL,2026-04-07 13:44:39.770014+00:00
3431,501208,2026-07498,TNE LT-CART,2024,DepEd (DCP),46,0,0,Functional,,2026-04-13 07:02:53.018318+00:00
449,307121,2026-16020,Batch 20,2019,DepEd (DCP),50,0,1,Functional,,2026-04-07 07:29:21.740112+00:00
384,304787,2026-41383,DCP Package Batch 2023-03,2023,DepEd (DCP),5,0,0,Functional,,2026-04-07 06:46:21.287567+00:00
408,312321,2026-31207,BATCH 2023,2024,DepEd (DCP),46,0,1,Functional,"router, charging carts",2026-04-07 06:53:30.242555+00:00
391,301236,2026-18087,Batch (E-learning Cart Package),2022,DepEd (DCP),46,0,1,Functional,"2 TP Link, 46Headsets, 46 wireless mouse, 46 laptop bags, 46 mouse pads, pixpro charging cart, charge station, TV mounting Kit for External HDD + 2 meters USB cable, A data external Hard drive",2026-04-07 06:50:09.282471+00:00
385,304787,2026-41383,Batch 2022-01: E-Learning Package,2022,DepEd (DCP),46,0,0,Functional,Headphones,2026-04-07 06:46:21.291781+00:00
410,301567,2026-04493,batch 2022-01,2022,DepEd (DCP),46,0,0,Functional,,2026-04-07 06:54:13.042511+00:00
3432,501208,2026-07498,TNE LT-CART,2024,DepEd (DCP),46,0,0,Non-Functional,,2026-04-13 07:02:53.024067+00:00
3734,304166,2026-41144,Batch 46,2019,DepEd (DCP),0,50,0,Functional,,2026-04-13 09:31:25.956240+00:00
5692,501392,2026-39943,Batch 2024-01,2024,DepEd (DCP),46,0,0,Functional,None,2026-04-15 08:55:39.942955+00:00
5842,307720,2026-17116,DCP Project 2015 Batch 27,2015,DepEd (DCP),0,0,0,Functional,,2026-04-15 13:49:28.188799+00:00
5843,307720,2026-17116,Batch (E-Learning Package),2024,DepEd (DCP),46,0,1,Functional,,2026-04-15 13:49:28.196315+00:00
417,500077,2026-11713,Batch 03,2021,DepEd (DCP),51,46,0,Functional,"Laptop bags, pouch, headphones",2026-04-07 06:59:38.780903+00:00
418,304305,2026-43375,Batch ,2025,DepEd (DCP),46,0,0,Functional,Routers and TV,2026-04-07 07:01:11.291888+00:00
427,303298,2026-34246,Batch 2022-01,2024,DepEd (DCP),46,0,1,Functional,"Headset, charging cart, TV",2026-04-07 07:11:43.174227+00:00
432,307802,2026-20279,Batch 44,2024,DepEd (DCP),41,1,1,Functional,,2026-04-07 07:18:55.931417+00:00
435,501520,2026-17653,DCP 2023,2024,DepEd (DCP),46,0,1,Functional,,2026-04-07 07:20:49.116624+00:00
436,501520,2026-17653,DCP 2022 Batch 2022-03,2024,DepEd (DCP),5,0,0,Functional,,2026-04-07 07:20:49.122501+00:00
437,501520,2026-17653,DCP 2023 Package 2,2024,DepEd (DCP),0,0,5,Functional,,2026-04-07 07:20:49.126928+00:00
438,305566,2026-07480,BATCH 21,2025,DepEd (DCP),50,0,1,Functional,"ROUTERS,HEADPHONES,ADAPTERS",2026-04-07 07:21:46.075268+00:00
440,999328,999328,26,2022,DepEd (DCP),1,0,1,Functional,Headphones,2026-04-07 07:25:26.590663+00:00
441,999333,999333,Batch 33,2020,DepEd (DCP),0,40,0,Functional,,2026-04-07 07:25:28.482000+00:00
442,999539,999539,Batch 26,2022,DepEd (DCP),20,0,0,Functional,,2026-04-07 07:25:49.273436+00:00
443,999539,999539,Batch 2024,2024,DepEd (DCP),46,0,0,Functional,,2026-04-07 07:25:49.279075+00:00
447,999151,999151,2024,2024,DepEd (DCP),46,0,1,Functional,,2026-04-07 07:28:58.991776+00:00
448,999053,999053,202,2024,DepEd (DCP),5,0,0,Functional,,2026-04-07 07:29:02.391839+00:00
531,306039,2026-43405,eLearning Cart Package Batch 2024-01,2024,DepEd (DCP),46,0,1,Functional,"2 units Charging/Storage Carts, 2 units Wireless Routers, 1 unit External Hard Drive",2026-04-07 08:24:21.460884+00:00
532,306039,2026-43405,Laptop for Teaching Batch 2023-03,2023,DepEd (DCP),3,0,0,Functional,,2026-04-07 08:24:21.469905+00:00
460,301642,2026-05264,BATCH 33,2021,DepEd (DCP),46,0,18,Functional,,2026-04-07 07:35:12.539630+00:00
473,307819,2026-17884,Batch 2023-01,2024,DepEd (DCP),46,0,1,Functional,,2026-04-07 07:37:57.032405+00:00
616,301248,2026-17961,eLearning Cart Package,2022,DepEd (DCP),46,0,1,Functional,"Modem Router, External Hard Drive, Charging Cart",2026-04-07 10:40:47.981905+00:00
617,301248,2026-17961,DCP Packages Batch 2023-03,2024,DepEd (DCP),5,0,0,Functional,"Wireless Optical Mouse, Headset with Microphone, USB Recovery Flash Drive, Backpack",2026-04-07 10:40:47.986710+00:00
1050,500278,2026-44500,eLC,2024,DepEd (DCP),46,0,1,Functional,,2026-04-08 13:39:51.144232+00:00
637,300006,2026-07721,Batch 2023-01: eLearning Cart Package,2024,DepEd (DCP),46,0,1,Functional,,2026-04-07 12:19:38.114888+00:00
1172,300045,2026-08113,Batch 1,2019,DepEd (DCP),1,50,0,Functional,"Router-1
Mouse-50
Bag-50
Headphones-50",2026-04-09 02:09:19.480018+00:00
470,502750,2026-07897,Batch 26,2016,DepEd (DCP),1,0,0,Non-Functional,,2026-04-07 07:37:55.725298+00:00
471,502750,2026-07897,Batch 29,2017,DepEd (DCP),1,0,0,Non-Functional,,2026-04-07 07:37:55.730584+00:00
472,502750,2026-07897,Batch 40,2018,DepEd (DCP),1,0,0,Non-Functional,Interactive projector (not functional),2026-04-07 07:37:55.734741+00:00
632,501323,2026-12115,Batch 2024-01: e-Learning Cart Package,2024,DepEd (DCP),46,0,1,Functional,"Routers, headset, mouse, External drive 5 terabytes",2026-04-07 11:49:48.308541+00:00
7123,302331,2026-27141,Batch 2022,2024,DepEd (DCP),46,0,1,Functional,,2026-04-20 11:54:29.574356+00:00
648,500593,2026-07896,BATCH 35,2023,DepEd (DCP),42,0,2,Functional,,2026-04-07 13:03:40.865989+00:00
561,108111,2026-17779,2019,2019,DepEd (DCP),2,50,1,Functional,printer,2026-04-07 09:08:35.106956+00:00
1979,300982,2026-15692,44,2025,DepEd (DCP),51,0,0,Functional,,2026-04-10 05:11:05.334319+00:00
662,104399,2026-12805,DCP Barch 2019 - 01,2019,DepEd (DCP),0,50,0,Functional,,2026-04-07 14:08:17.472274+00:00
1078,302145,2026-25802,Batch 36,2017,DepEd (DCP),14,0,0,Non-Functional,,2026-04-08 14:20:51.384988+00:00
1079,302145,2026-25802,2020 Batch 2019-03,2020,DepEd (DCP),15,0,0,Non-Functional,,2026-04-08 14:20:51.390445+00:00
1080,302145,2026-25802,Batch 2024-03 Lot 2 Laptop for Teaching Package,2025,DepEd (DCP),5,0,0,Functional,,2026-04-08 14:20:51.394787+00:00
525,301650,2026-05350,BATCH 2022,2024,DepEd (DCP),46,0,1,Functional,,2026-04-07 08:12:00.803928+00:00
526,301650,2026-05350,BATCH 20,2021,DepEd (DCP),2,0,2,Functional,,2026-04-07 08:12:00.809067+00:00
527,301650,2026-05350,BATCH 33,2016,DepEd (DCP),2,0,0,Functional,,2026-04-07 08:12:00.817692+00:00
556,312947,2026-34128,e-Learning Cart Package,2024,DepEd (DCP),45,0,1,Functional,"Delux M139 Optical Wireless Mouse, and Goodness GS-355 Headset",2026-04-07 08:50:54.026311+00:00
529,325104,2026-43348,Batch 44,2024,DepEd (DCP),46,0,5,Functional,"Routers, headset, mouse",2026-04-07 08:16:02.060779+00:00
551,301084,2026-19978,Batch 33,2019,DepEd (DCP),46,0,0,Functional,"Headphones, mouse , mousepad",2026-04-07 08:41:31.483713+00:00
671,501588,2026-11998,Batch 44,2025,DepEd (DCP),46,0,0,Functional,,2026-04-07 15:16:59.372429+00:00
5311,308119,2026-19440,Batch 19,2025,DepEd (DCP),46,0,1,Functional,,2026-04-15 03:14:52.881085+00:00
1155,118136,2026-31082,batch 46,2024,DepEd (DCP),46,0,6,Functional,"Routers, adaptors, headsets",2026-04-09 01:33:51.480227+00:00
1140,307935,2026-18022,2023-01-elearning cart package,2024,DepEd (DCP),46,0,1,Functional,2 charging station,2026-04-09 01:07:38.007798+00:00
499,301207,2026-17740,Batch 2024-01,2024,DepEd (DCP),46,0,1,Functional,"Witeless router, external hard drive",2026-04-07 07:52:57.532760+00:00
574,302894,2026-31800,Batch 56,2025,DepEd (DCP),46,0,1,Functional,"Router, headphones, external hard drive",2026-04-07 09:28:53.900488+00:00
620,306107,2026-12850,Batch 2024,2024,DepEd (DCP),46,0,1,Functional,,2026-04-07 11:08:44.094140+00:00
555,501142,2026-11738,Batch 2024-01,2024,DepEd (DCP),50,0,1,Functional,Routers,2026-04-07 08:45:23.520934+00:00
506,312327,2026-31687,eLearning Cart Package,2024,DepEd (DCP),46,0,1,Functional,Router and External Hard Drive,2026-04-07 07:54:28.835151+00:00
653,300585,2026-11540,Batch 2024-01,2024,DepEd (DCP),46,0,1,Functional,,2026-04-07 13:24:21.064771+00:00
1182,308139,2026-19338,Batch2022,2024,DepEd (DCP),46,0,1,Functional,"TP-Link Rourter 2pcs
External Hard Drive 4TB 1pc",2026-04-09 02:25:43.487371+00:00
1173,300045,2026-08113,Batch 1,2024,DepEd (DCP),46,0,1,Functional,"Routers-2
Bags-50
Mouse-50
Headphones-50",2026-04-09 02:09:19.486049+00:00
5498,136896,2026-07588,e-Learning Cart,2023,DepEd (DCP),46,0,1,Functional,,2026-04-15 06:29:18.403198+00:00
1205,303694,2026-20958,DCP ,2022,DepEd (DCP),46,0,1,Functional,,2026-04-09 03:08:47.478553+00:00
1194,109607,2026-19550,Lot 3: IT Package (e-textbook),2019,DepEd (DCP),1,50,0,Functional,,2026-04-09 02:41:46.724784+00:00
1213,100786,2026-10407,DCP 2019-01:G4-6 ICT Package - Lot 1 Tablet,2021,DepEd (DCP),0,50,0,Functional,28 units functional the 22 units were unserviceable,2026-04-09 03:13:14.336011+00:00
1141,307935,2026-18022,2019-03 E Learning Cart Package,2021,DepEd (DCP),0,50,0,Functional,2 charging cart,2026-04-09 01:07:38.014353+00:00
2084,100828,2026-08521,DCP2019,2019,DepEd (DCP),0,50,0,Non-Functional,,2026-04-10 06:22:19.159702+00:00
5694,302511,2026-29342,E-LEARNING PACKAGE,2024,DepEd (DCP),46,0,1,Functional,,2026-04-15 08:56:06.799951+00:00
569,305935,2026-31949,Batch 2022-01,2024,DepEd (DCP),46,0,1,Functional,"Carrying Bag, Wireless Mouse, Headset, 64 GB Flashdrive,Wireless Router, Charging Cart, Lacie STJJ5000400.",2026-04-07 09:19:19.270354+00:00
570,301277,2026-18116,DCP,2024,DepEd (DCP),46,0,2,Functional,"ROUTERS, HARD DRIVE",2026-04-07 09:21:08.832363+00:00
579,300448,2026-05118,DCP 2023,2023,DepEd (DCP),46,0,0,Functional,,2026-04-07 09:36:11.685012+00:00
584,103604,2026-11825,Batch 17,2020,DepEd (DCP),0,50,1,Functional,Headphones ,2026-04-07 09:38:23.810383+00:00
585,103604,2026-11825,Batch 17,2020,DepEd (DCP),0,50,1,Functional,Headphones ,2026-04-07 09:38:23.817685+00:00
615,302866,2026-31073,BATCH 2024-01,2024,DepEd (DCP),46,0,1,Functional,,2026-04-07 10:37:26.450707+00:00
1051,309155,2026-06103,Batch 46,2025,DepEd (DCP),46,0,1,Functional,,2026-04-08 13:43:18.928695+00:00
693,301178,2026-17695,DCP BATCH 36,2019,DepEd (DCP),0,50,0,Non-Functional,,2026-04-08 00:41:02.282234+00:00
694,301178,2026-17695,BATCH 2019,2019,DepEd (DCP),1,50,0,Non-Functional,,2026-04-08 00:41:02.288486+00:00
643,500867,2026-20014,BATCH 23,2023,DepEd (DCP),46,0,0,Functional,,2026-04-07 12:44:51.931645+00:00
1225,301493,2026-19695,eLearning Package,2023,DepEd (DCP),46,0,1,Functional,,2026-04-09 03:32:36.689267+00:00
695,301178,2026-17695,BATCH 2023-01,2024,DepEd (DCP),46,0,0,Functional,,2026-04-08 00:41:02.293327+00:00
697,307813,2026-17813,2022-01,2022,DepEd (DCP),46,0,1,Functional,,2026-04-08 00:43:22.172630+00:00
660,302716,2026-30244,Batch 2019-02,2021,DepEd (DCP),50,40,1,Functional,"Wireless router-2, charging cart-2, External HDD-1",2026-04-07 13:49:20.632031+00:00
698,300098,2026-08632,Batch 2024-01,2024,DepEd (DCP),46,0,1,Functional,"With Router, Hard Drive, Recovery Disc, Headset, Wireless Mouse, Mouse Pad",2026-04-08 00:45:46.791435+00:00
699,118315,2026-31302,Batch 29,2016,DepEd (DCP),1,0,0,Non-Functional,,2026-04-08 00:55:16.659856+00:00
700,118315,2026-31302,Batch 40,2018,DepEd (DCP),1,0,0,Non-Functional,,2026-04-08 00:55:16.664486+00:00
1105,500083,2026-11938,14,2024,DepEd (DCP),46,0,1,Functional,Routers,2026-04-08 16:02:17.028656+00:00
665,320805,2026-07732,Batch 2022,2024,DepEd (DCP),46,0,1,Functional,"Heaphones, Wireless Mouse, Charger, USB Recovery Drive",2026-04-07 14:33:43.650647+00:00
668,500685,2026-39654, (E-Learning Cart Package Batch 2022-01),2024,DepEd (DCP),46,5,1,Functional,,2026-04-07 14:37:48.640136+00:00
669,500685,2026-39654, (E-Learning Packages 1 Package - Batch 2024-01),2024,DepEd (DCP),46,0,1,Functional,,2026-04-07 14:37:48.644284+00:00
672,309028,2026-05425,batch 2023,2024,DepEd (DCP),46,0,1,Non-Functional,"Headphones, Hard drive and ",2026-04-07 15:40:40.039885+00:00
675,108345,2026-18053,2020,2021,DepEd (DCP),1,0,1,Non-Functional,Plus 1 not functional lapel,2026-04-07 16:44:25.972352+00:00
701,118315,2026-31302,Batch 26,2016,DepEd (DCP),1,0,0,Non-Functional,,2026-04-08 00:55:16.668215+00:00
177,321603,2026-20022,DCP22-L06-PKG1-REDDOT-24-0341,2024,DepEd (DCP),46,0,1,Functional,,2026-04-07 01:40:29.925628+00:00
5135,302546,2026-29360,batch 2023-01,2024,DepEd (DCP),46,0,1,Functional,silicon power armor,2026-04-15 00:51:43.264216+00:00
2122,301503,2026-19777,DCP package 2024,2024,DepEd (DCP),92,0,2,Functional,,2026-04-10 06:52:20.224669+00:00
679,301163,2026-20004,DCP 2023,2024,DepEd (DCP),46,0,1,Functional,All peripherals are working.,2026-04-07 23:26:09.248661+00:00
680,103311,2026-11577,BATCH 2019,2019,DepEd (DCP),0,20,0,Non-Functional,,2026-04-07 23:32:50.407184+00:00
7124,306058,2026-11791,Batch 1,2023,DepEd (DCP),46,0,1,Functional,,2026-04-20 12:17:27.442884+00:00
638,300006,2026-07721,Batch 2022-01: eLearning Cart Package,2024,DepEd (DCP),46,0,1,Functional,,2026-04-07 12:19:38.120022+00:00
2091,502281,2026-30508,DCP package ,2025,DepEd (DCP),46,0,1,Functional,Adopters,2026-04-10 06:24:51.624474+00:00
1122,107940,2026-17617,Batch 2019,2019,DepEd (DCP),1,50,1,Functional,10 2 in 1 PC Tablet are not working,2026-04-08 23:30:01.850268+00:00
683,117471,2026-30213,Package 1,2024,DepEd (DCP),46,0,1,Functional,"Routers, external hard drive, mouse, headphones,laptop bags",2026-04-07 23:47:10.486456+00:00
684,300569,2026-11811,Batch 2023-03,2023,DepEd (DCP),5,0,0,Functional,"Mouse, Headset, Bag, Flash Drive",2026-04-07 23:52:53.185263+00:00
685,300569,2026-11811,Batch 2023-01,2023,DepEd (DCP),46,0,1,Functional,"2 Routers
2 Charging Cart
1 External Hard Drive
1 Flash Drive",2026-04-07 23:52:53.192144+00:00
686,300569,2026-11811,Batch 2020,2020,DepEd (DCP),2,0,2,Functional,"Lapel, USB FD, Bag, Coby Headset, Wireless Mouse",2026-04-07 23:52:53.197760+00:00
91,300576,2026-11333,Batch 2023-01,2024,DepEd (DCP),46,0,1,Functional,,2026-04-06 04:05:21.236588+00:00
92,300576,2026-11333,Batch 2023-01,2024,DepEd (DCP),46,0,1,Functional,,2026-04-06 04:05:21.243184+00:00
1195,301607,2026-04735,Batch ,2024,DepEd (DCP),46,0,1,Functional,"Headphones, mouse",2026-04-09 02:43:03.555996+00:00
714,300571,2026-11834,Batch 2022-01,2024,DepEd (DCP),46,0,1,Functional,"Router, Storage- External, Flash Drive",2026-04-08 01:15:15.905281+00:00
1142,301478,2026-19599,Batch 34,2018,DepEd (DCP),6,0,0,Functional,,2026-04-09 01:12:47.791941+00:00
1143,107939,2026-17616,DCP Package 2019 (Grades 4-6),2021,DepEd (DCP),1,50,1,Functional,"Headphones, Mouse",2026-04-09 01:12:48.719524+00:00
1144,107939,2026-17616,DCP Package 2020,2022,DepEd (DCP),1,0,1,Functional,Lapel,2026-04-09 01:12:48.724458+00:00
687,500732,2026-11460,BATCH 2019-02,2019,DepEd (DCP),51,0,0,Functional,,2026-04-08 00:19:42.196637+00:00
2156,126108,2026-22692,2022-01,2024,DepEd (DCP),46,0,0,Functional,,2026-04-10 07:11:29.081324+00:00
1160,340635,2026-07371,Batch1,2022,DepEd (DCP),0,50,1,Functional,,2026-04-09 01:42:38.968398+00:00
663,500210,2026-31803,Batch 57,2025,DepEd (DCP),46,0,10,Non-Functional,,2026-04-07 14:14:27.324328+00:00
1161,340635,2026-07371,Batch2,2024,DepEd (DCP),46,0,1,Functional,,2026-04-09 01:42:38.975569+00:00
1206,300565,2026-11345,BATCH 2023-01:e-Learning Cart Package,2024,DepEd (DCP),92,0,2,Functional,"Mouse,Headset,Bag,5 meters HDMI,External HDD Mounting Kit,Wireless Router-TP-Link Archer,External Hard Drive,Flash Drive",2026-04-09 03:10:02.346480+00:00
709,324103,2026-10437,DCP Batch 44,2018,DepEd (DCP),0,0,0,Non-Functional,,2026-04-08 01:11:23.494023+00:00
710,324103,2026-10437,DCP2023-eLC-LT1-TG-0155,2023,DepEd (DCP),46,0,0,Functional,,2026-04-08 01:11:23.498901+00:00
711,305683,2026-41396,batch 44,2024,DepEd (DCP),46,0,1,Functional,"routers, headphones, mouse",2026-04-08 01:11:58.301992+00:00
712,305683,2026-41396,batch 45,2025,DepEd (DCP),10,0,0,Functional,,2026-04-08 01:11:58.306787+00:00
649,304085,2026-40500,DCP Batch 2024,2024,DepEd (DCP),46,0,1,Functional,,2026-04-07 13:06:38.744273+00:00
713,323903,2026-12825,Batch 2022-01: ELEARNING CART PACKAGE,2024,DepEd (DCP),46,0,1,Functional,"-2 Router TP-Link Archer AX12
-2 Storage Cart TNE-LT-Cart 24AC
-1 External Hard Drive- Silicon Power 5TB Armour AG2
-Flash Drive (Recovery Disk)",2026-04-08 01:15:14.762768+00:00
2157,126108,2026-22692,2023-2,2024,DepEd (DCP),0,0,5,Functional,,2026-04-10 07:11:29.088936+00:00
1214,301658,2026-06077,44,2025,DepEd (DCP),46,0,1,Functional,"Routers, headphones, mice",2026-04-09 03:13:41.867631+00:00
715,307103,2026-15962,Batch 9,2010,DepEd (DCP),0,0,0,Non-Functional,"keyboard, projector, mouse, printer",2026-04-08 01:28:48.244096+00:00
716,307103,2026-15962,Batch 35 & 36,2018,DepEd (DCP),3,0,0,Non-Functional,"Headphones, mouse, projector, printer, headset ",2026-04-08 01:28:48.250564+00:00
706,118641,2026-31684,Batch 2023-01,2024,DepEd (DCP),46,0,1,Functional,,2026-04-08 01:07:56.842211+00:00
1980,303247,2026-34158,Batch 41,2019,DepEd (DCP),0,50,2,Functional,,2026-04-10 05:11:29.856002+00:00
718,307918,2026-18138,DCP Batch 2019-03,2020,DepEd (DCP),1,50,0,Functional,Router,2026-04-08 02:03:26.203656+00:00
719,307918,2026-18138,Batch 2023,2023,DepEd (DCP),46,0,1,Functional,"1 flash drive, 2 router,  1 external hard drive",2026-04-08 02:03:26.212293+00:00
1981,308507,2026-19709,2022,2024,DepEd (DCP),46,0,1,Functional,,2026-04-10 05:12:22.707346+00:00
756,107020,2026-16111,Batch 1,2019,DepEd (DCP),0,50,0,Functional,,2026-04-08 04:18:00.764563+00:00
1055,300583,2026-13023,Batch 2024,2024,DepEd (DCP),0,20,0,Functional,,2026-04-08 13:46:26.293948+00:00
722,304343,2026-42686,2023-01,2025,DepEd (DCP),46,0,1,Functional,,2026-04-08 02:59:54.305771+00:00
723,321602,2026-20005,Batch 22,2024,DepEd (DCP),92,0,2,Functional,"Router, Headphone, USB, Harddrive, Mouse, Laptop Bag",2026-04-08 03:16:56.056857+00:00
7125,302273,2026-26536,batch 2024-01: elearning cart package so#24pc0010 swps#215205,2024,DepEd (DCP),46,0,1,Functional,,2026-04-20 12:26:57.003360+00:00
767,300944,2026-16474,Batch 2019,2019,DepEd (DCP),0,50,0,Functional,,2026-04-08 04:28:36.427428+00:00
727,300570,2026-11812,45,2025,DepEd (DCP),46,0,1,Functional,None,2026-04-08 03:19:47.977797+00:00
728,306113,2026-11628,1,2024,DepEd (DCP),16,16,2,Functional,,2026-04-08 03:21:51.335699+00:00
729,106450,2026-15501,LOT #2 E-Textbooks SO#19-PC0008 SWPS#175103,2019,DepEd (DCP),50,1,0,Functional,ALL OF THE 2-IN-1 TABLET COMPUTERS ARE DEFECTIVE.,2026-04-08 03:23:43.067636+00:00
2093,500059,2026-10223,DCPeLC,2022,DepEd (DCP),46,0,1,Functional,,2026-04-10 06:25:59.888572+00:00
725,500093,2026-11974,Batch 2022-01,2024,DepEd (DCP),46,0,1,Functional,"Router, storage cart, External hard drive, flash drive",2026-04-08 03:18:42.488907+00:00
735,301748,2026-42719,COBY,2020,DepEd (DCP),1,50,0,Functional,"1 router
50 mouse 
50 headset",2026-04-08 03:35:32.862980+00:00
753,320815,2026-07910,Batch 2023,2024,DepEd (DCP),49,0,0,Functional,"Headphones,mouse,laptop bag",2026-04-08 04:03:44.367720+00:00
3434,300437,2026-10649,2019,2019,DepEd (DCP),1,50,1,Functional,"1 router, 2 charging cart, 50 mouse, 50 headset, 50 pouch pad",2026-04-13 07:03:06.906006+00:00
738,300417,2026-10512,Batch 2022-01,2024,DepEd (DCP),46,0,1,Functional,"Routers, External hard drive, flash drive",2026-04-08 03:36:23.452441+00:00
739,300417,2026-10512,Batch 2023-01,2024,DepEd (DCP),46,0,1,Functional,"Routers, hard drive, flash drive",2026-04-08 03:36:23.504615+00:00
740,316549,2026-44036,Batch 2022,2022,DepEd (DCP),43,0,1,Non-Functional,Broken and Missing due to arm conflict in the area,2026-04-08 03:37:44.765065+00:00
761,301228,2026-18223,DCP BATCH 2023-01,2024,DepEd (DCP),46,0,1,Functional,,2026-04-08 04:25:07.528044+00:00
1106,301275,2026-18061,E-LEARNING CART,2024,DepEd (DCP),46,0,1,Functional,,2026-04-08 16:08:49.999427+00:00
5313,303186,2026-33237,2022-01,2024,DepEd (DCP),46,0,1,Functional,"TP LINK, CHARGING CART",2026-04-15 03:17:06.198909+00:00
5499,500339,2026-07507,2024-01,2024,DepEd (DCP),46,0,0,Functional,,2026-04-15 06:29:43.433978+00:00
762,300556,2026-12153,Batch 3,2019,DepEd (DCP),1,50,1,Functional,"Laptop - Not Functional
10 Tablets - Not Functional",2026-04-08 04:25:59.728428+00:00
775,301269,2026-18198,2024-01,2024,DepEd (DCP),46,0,1,Functional,2 wireless router and 1 external HDD,2026-04-08 04:50:46.704503+00:00
750,305125,2026-01144,DEPED DCP E-LEARNING 2024,2024,DepEd (DCP),46,0,1,Functional,,2026-04-08 03:59:08.457204+00:00
1123,106501,2026-15561,E textbook,2018,DepEd (DCP),0,50,0,Functional,,2026-04-08 23:33:56.066268+00:00
758,300606,2026-12112,Batch 2023-03 Laptop for Teaching,2024,DepEd (DCP),5,0,0,Functional,,2026-04-08 04:22:25.095399+00:00
766,306122,2026-11653,BATCH 2024,2024,DepEd (DCP),46,0,1,Functional,,2026-04-08 04:27:03.141406+00:00
720,301755,2026-06419,Learning Cart Package,2022,DepEd (DCP),51,47,1,Functional,,2026-04-08 02:47:13.616496+00:00
717,104338,2026-12699,Batch 1,2022,DepEd (DCP),46,0,1,Functional,"Routers,hard drive,flash drive",2026-04-08 01:46:13.941734+00:00
741,312951,2026-33885,Batch 2018-01,2018,DepEd (DCP),1,50,0,Non-Functional,All e-textbooks/tablets are not functioning as of this time.,2026-04-08 03:38:06.843554+00:00
771,309744,2026-24287,35,2024,DepEd (DCP),44,0,1,Non-Functional,,2026-04-08 04:38:25.410407+00:00
745,312909,2026-33795,Batch 2022-01 E learning cart package,2024,DepEd (DCP),46,0,0,Functional,"Routers, headphones and adapters",2026-04-08 03:55:30.573652+00:00
759,300606,2026-12112,Batch 2023-01 eLearning Cart Package,2024,DepEd (DCP),46,0,0,Functional,,2026-04-08 04:22:25.101451+00:00
772,301483,2026-19508,JHS - SHS ICT PACKAGE,2024,DepEd (DCP),46,0,0,Functional,,2026-04-08 04:42:54.714844+00:00
773,301483,2026-19508,JHS - SHS ICT PACKAGE,2024,DepEd (DCP),46,0,0,Functional,,2026-04-08 04:42:54.720825+00:00
774,301217,2026-17590,Batch 2024,2024,DepEd (DCP),47,0,1,Functional,"2 TP LINK ROUTER
EXTERNAL HARD DRIVE",2026-04-08 04:46:05.483232+00:00
732,309209,2026-06536,BATCH 2022-01,2024,DepEd (DCP),46,0,1,Functional,,2026-04-08 03:26:40.232658+00:00
776,500134,2026-16282,Batch 2022-01ElEarnign Cart Package,2024,DepEd (DCP),46,0,1,Functional,"1 router,46  mouse,46 headphones",2026-04-08 04:53:11.407800+00:00
777,306173,2026-43640,Batch2024-01: E-Learning Package,2024,DepEd (DCP),46,0,1,Functional,Router and External Hard Drive,2026-04-08 04:54:37.156467+00:00
778,107873,2026-20102,DCP 2021,2022,DepEd (DCP),22,0,0,Functional,,2026-04-08 04:57:23.165151+00:00
779,305310,2026-06931,Batch 2022,2024,DepEd (DCP),1,46,1,Functional,"Routers, Headphone, Hard Drive, Mouse, Bag",2026-04-08 05:05:51.244738+00:00
768,104271,2026-12634,DCP Batch 22,2022,DepEd (DCP),46,19,1,Functional,,2026-04-08 04:29:28.887345+00:00
730,321401,2026-16449,2024,2025,DepEd (DCP),46,0,0,Functional,,2026-04-08 03:23:49.415616+00:00
733,309209,2026-06536,LOT 4: IT PACKAGE (E-TEXTBOOK),2020,DepEd (DCP),1,50,0,Functional,,2026-04-08 03:26:41.769502+00:00
751,301015,2026-15918,Batch 2022,2022,DepEd (DCP),46,0,1,Functional,"head Phones
mouse 
back pack
flash drive
HDMI
External drive
TP link Router
Media Player",2026-04-08 04:02:12.476048+00:00
770,302854,2026-31362,Batch 45,2024,DepEd (DCP),0,0,0,Functional,Router and headphones,2026-04-08 04:32:52.141870+00:00
734,100208,2026-07845,Batch 2024-01,2024,DepEd (DCP),46,0,1,Functional,"Charging cart, router and external hardware",2026-04-08 03:27:44.308555+00:00
752,301015,2026-15918,batch 2020,2020,DepEd (DCP),1,50,0,Functional,"optical drive
mouse
headphone
laptop bag
wireless router
2 charging cart",2026-04-08 04:02:12.488980+00:00
746,501606,2026-15941,Batch 2022,2024,DepEd (DCP),46,0,0,Functional,"Headphone, Mause",2026-04-08 03:57:58.549429+00:00
747,501606,2026-15941,Batch  2019,2020,DepEd (DCP),0,48,0,Non-Functional,,2026-04-08 03:57:58.617055+00:00
748,501606,2026-15941,Batch 2020,2021,DepEd (DCP),1,0,1,Non-Functional,,2026-04-08 03:57:58.705700+00:00
749,501606,2026-15941,Bayanihan,2020,Private Donor / NGO,1,0,0,Non-Functional,,2026-04-08 03:57:58.957735+00:00
783,500148,2026-16393,Batch 2023-01,2024,DepEd (DCP),46,0,1,Functional,"Wireless router, external hard drive ",2026-04-08 05:14:19.035569+00:00
784,109612,2026-19552,Batch 2023,2024,DepEd (DCP),51,0,0,Functional,E-learning Cart ,2026-04-08 05:16:10.516762+00:00
785,309210,2026-06449,Batch 2019,2018,DepEd (DCP),0,50,0,Functional,"routers, head phones  ",2026-04-08 05:16:18.832288+00:00
786,309210,2026-06449,Batch 22,2022,DepEd (DCP),46,0,1,Functional,"2  functional routers, and 46 head phones.
Other laptops had stop working. ",2026-04-08 05:16:19.020231+00:00
789,340554,2026-07288,Batch 2023 - 03,2023,DepEd (DCP),16,0,0,Functional,,2026-04-08 05:23:55.488994+00:00
781,500113,2026-12734,Batch 35,2023,DepEd (DCP),23,0,0,Functional,,2026-04-08 05:10:34.447170+00:00
1053,305637,2026-41559,eLearning Cart Package,2022,DepEd (DCP),50,0,0,Functional,,2026-04-08 13:46:14.779059+00:00
1054,305637,2026-41559,Multimedia Package,2023,DepEd (DCP),0,48,0,Functional,,2026-04-08 13:46:14.784973+00:00
1084,110335,2026-05009,Batch 24,2024,DepEd (DCP),0,0,5,Functional,Hard Drive,2026-04-08 14:30:52.477435+00:00
1083,118203,2026-31168,E-LEARNING CART PACKAGE,2023,DepEd (DCP),46,0,1,Functional,"Routers, Headphones, Adapter,  mouse",2026-04-08 14:30:36.198047+00:00
1108,303679,2026-20742,JHS/SHS ICT PACKAGE ,2024,DepEd (DCP),50,0,0,Functional,,2026-04-08 16:19:40.865333+00:00
1126,304204,2026-41695,Batch 36,2024,DepEd (DCP),46,50,2,Functional,"Router- 2, headphone 46",2026-04-09 00:07:53.963465+00:00
1146,500084,2026-11375,Batch 2024-1,2024,DepEd (DCP),46,0,1,Functional,"Routers, external drive",2026-04-09 01:18:30.649676+00:00
1983,301274,2026-18212,DCP 2020,2022,DepEd (DCP),1,0,1,Non-Functional,Lapel Speaker,2026-04-10 05:15:51.617852+00:00
5136,304531,2026-44660,e-Learning Package,2024,DepEd (DCP),42,0,0,Functional,There 8 units that are unserviceable.,2026-04-15 00:52:38.623833+00:00
1184,301690,2026-06164,BATCH 2023-01,2024,DepEd (DCP),46,0,1,Functional,"Routers, Headphones, Mouse and Hard drive",2026-04-09 02:28:41.222876+00:00
1085,342213,2026-17307,DCP,2024,DepEd (DCP),46,0,1,Functional,"wireless router-2
external HDD-1",2026-04-08 14:31:18.862932+00:00
1207,312908,2026-34108,2022-01,2024,DepEd (DCP),46,0,0,Functional,,2026-04-09 03:10:05.691012+00:00
1226,303130,2026-31886,Batch 2022-01,2024,DepEd (DCP),46,0,1,Functional,"2 routers, 1 Hard drive, 46 mouse, 46 headset",2026-04-09 03:33:57.335079+00:00
1233,303820,2026-21455,eLearning Cart: Batch 2024,2024,DepEd (DCP),44,0,1,Functional,"2 pc. Router 
44 pc. Headphones 
44 pc. Bluetooth Mouse",2026-04-09 03:44:28.104766+00:00
1196,306250,2026-33777,Batch 1,2023,DepEd (DCP),46,0,0,Functional,None,2026-04-09 02:44:24.102578+00:00
1246,309108,2026-05931,DEPED COMPUTERIZATION PROGRAM,2022,DepEd (DCP),46,0,1,Functional,"Wireless Router, External HDD",2026-04-09 04:05:49.942409+00:00
7126,132671,2026-03663,Batch 2024,2024,DepEd (DCP),46,0,1,Functional,"COBY HEADSET CD-128, EXTERNAL HARDDRIVE SILICON POWER ARMOR A62, TP LINK WIRELESS ROUTER ARCHER AX12, USB (FLASHDRIVE)",2026-04-20 12:41:33.145943+00:00
7394,316802,2026-45302,DEPED PACKAGE,2024,DepEd (DCP),50,0,4,Functional,,2026-04-22 00:02:11.266296+00:00
1275,178516,2026-27181,BATCH 40 and 42,2018,DepEd (DCP),3,0,2,Non-Functional,"With additional of 12 units DCP Monitors, keyboards, batteries,  touchpads,  PC, 1 unit multimedia speaker,  1 unit projector,  1 unit router and others.",2026-04-09 04:57:29.555657+00:00
1276,178516,2026-27181,BATCH 2024-03: ELEARNING CART PACKAGE ,2024,DepEd (DCP),5,0,0,Functional,"With additional of 5 units DCP keyboards,  touchpads,  headsets,  mouses and others.",2026-04-09 04:57:29.561645+00:00
1277,178516,2026-27181,Batch 2025,2025,DepEd (DCP),0,0,5,Functional,With additional of 5 units HD330- ADATA HARDDRIVES,2026-04-09 04:57:29.568457+00:00
1279,106460,2026-15511,Batch 41,2019,DepEd (DCP),1,50,0,Functional,,2026-04-09 05:00:08.288350+00:00
1239,102167,2026-10119,Computer Set (Lot 1 IT Package-E-Textbook),2019,DepEd (DCP),2,100,0,Non-Functional,,2026-04-09 03:57:43.948518+00:00
1984,301274,2026-18212,BATCH 2022-01,2024,DepEd (DCP),46,0,1,Functional,"External Hard Drive, Flashdrive, Router",2026-04-10 05:15:51.623930+00:00
1289,110381,2026-05076,Batch 26,2016,DepEd (DCP),1,0,0,Non-Functional,,2026-04-09 05:20:16.686500+00:00
1290,110381,2026-05076,Batch 29,2016,DepEd (DCP),1,0,0,Functional,Laptop needs to be plugged into a power outlet to function.,2026-04-09 05:20:16.693183+00:00
1269,303714,2026-20719,Batch 22,2022,DepEd (DCP),51,0,0,Functional,,2026-04-09 04:49:10.297838+00:00
1309,111485,2026-06674,Batch 40,2023,DepEd (DCP),0,0,1,Functional,None,2026-04-09 05:49:54.464848+00:00
5318,301620,2026-05158,elp,2022,DepEd (DCP),46,0,1,Functional,,2026-04-15 03:21:50.030518+00:00
1299,305961,2026-30931,eLearning Cart Package,2023,DepEd (DCP),46,0,1,Functional,"TP Link Archer AX12, External Hard Drive, ",2026-04-09 05:35:10.090049+00:00
1304,305227,2026-01698,Batch 44,2024,DepEd (DCP),46,0,0,Functional,,2026-04-09 05:43:47.650886+00:00
1985,301274,2026-18212,Batch 2023-01,2024,DepEd (DCP),46,0,1,Functional,"Router, External Hard Drive, Flashdrive",2026-04-10 05:15:51.629716+00:00
2034,301988,2026-24329,E-Cart,2024,DepEd (DCP),46,0,1,Functional,Wireless Router & External Hard Drive,2026-04-10 05:58:18.398283+00:00
1256,300653,2026-12612,Batch 2019-03,2021,DepEd (DCP),1,0,0,Functional,Tp Link AC1900,2026-04-09 04:32:53.804177+00:00
1215,104344,2026-12702,Batch 2023,2023,DepEd (DCP),0,30,0,Functional,,2026-04-09 03:16:48.403694+00:00
1216,104344,2026-12702,Batch 2018,2018,DepEd (DCP),2,0,0,Non-Functional,,2026-04-09 03:16:48.410686+00:00
1217,104344,2026-12702,Batch 2024,2024,DepEd (DCP),5,0,0,Functional,,2026-04-09 03:16:48.415113+00:00
1317,301018,2026-16016,DCP ELLC2023,2024,DepEd (DCP),46,0,1,Functional,Router (2),2026-04-09 06:02:53.359632+00:00
1321,304375,2026-43107,2022-1,2024,DepEd (DCP),46,0,1,Functional,,2026-04-09 06:08:02.474417+00:00
1325,305540,2026-06731,1,2022,DepEd (DCP),45,0,1,Functional,mouse,2026-04-09 06:17:25.698795+00:00
1334,301034,2026-16094,Batch 44 ,2018,DepEd (DCP),0,50,0,Functional,18 units are not functioning ,2026-04-09 09:47:39.240478+00:00
1335,301034,2026-16094,Batch 2019-3,2020,DepEd (DCP),0,50,0,Functional,17 units are not functioning ,2026-04-09 09:47:39.246426+00:00
1342,301180,2026-17782,2023-01,2024,DepEd (DCP),46,0,1,Functional,"Router, Laptop Bags, Headphone, Mouse w/ Battery, mounting kit, HDD 5 TB, HDMI, Charging Ports",2026-04-09 09:53:19.508323+00:00
2088,301158,2026-17433,39,2024,DepEd (DCP),88,0,19,Functional,,2026-04-10 06:23:08.275858+00:00
2092,300950,2026-15707,2023-01 and 2023-03,2025,DepEd (DCP),92,0,2,Functional,,2026-04-10 06:24:53.613342+00:00
1361,304209,2026-41809,Lot 17 IT Package ,2019,DepEd (DCP),0,0,0,Functional,,2026-04-09 10:26:42.250524+00:00
1124,307702,2026-17306,eLearning Cart Package,2024,DepEd (DCP),46,0,2,Functional,,2026-04-08 23:52:08.760849+00:00
1240,102167,2026-10119,Smart TV Package,2025,DepEd (DCP),0,0,5,Functional,ADATA HD330 External Hard Drive,2026-04-09 03:57:43.953576+00:00
1294,302823,2026-31437,Batch 2022-01,2024,DepEd (DCP),46,0,1,Functional,"Headphones, Router, Storage Cart, Flash Drive, External Drive",2026-04-09 05:23:48.438907+00:00
1057,301028,2026-15987,Batch 2019-03,2020,DepEd (DCP),0,50,0,Functional,,2026-04-08 13:46:44.527633+00:00
1058,301028,2026-15987,Batch 33 ,2016,DepEd (DCP),7,0,0,Functional,"Acer Veriton M4630G (Host PC)
Intel Core 17-3. 6GHz, 16GB (2x8GB)
DDR3,
1. 0TB HDD (Partitioned 408-408-108-108), ZGB V/C, MS WIN MulespoInt SerVer 2012
Premium, Application Software & e-Learning
Materials, DepEd Logo Programmed in PC BIOS, Acer USB Keyboard, Acer USB Mouse w/Pad, Power Cord for CPU, Acer VI96HQL 19* BED Monitor (VGA & DVI) w/Power Cond DVD-Recordable Disc(for Recovery)
(5pcs./Set)with CD Pocket
Totolink S808G 8Port Switch
60Days
42.
42
Pes.
Pes.
Unit
Set
MCT MWS9943 Desktop Virtualization Device
Terminal Access Devices:
-Acer V196HQL 19* LED Monitor (VGA only)
-Acer USB Keyboard & Acer USB Mouse w/ Pad
-Dolby Goodness GS-233 Headset",2026-04-08 13:46:44.534490+00:00
788,340554,2026-07288,Batch 2023 - 01,2023,DepEd (DCP),46,0,0,Functional,,2026-04-08 05:23:55.371425+00:00
790,301681,2026-05928,Batch 45,2019,DepEd (DCP),0,35,0,Functional,"Routers, Headphones",2026-04-08 05:24:33.129538+00:00
731,321401,2026-16449,2025,2025,DepEd (DCP),5,0,0,Functional,,2026-04-08 03:23:50.954622+00:00
1059,301028,2026-15987,Batch 36 ,2018,LGU / SEF,1,6,0,Functional,"Acor TravelMate P246-MG-567G
Intel Core 15-1.7GHz, 4GB DDR3 DIMM, 500GB HDD (Partitioned 40%-403-108-105), DVDRH Drive, 2GB Dadteated Ve, Card Reader, MS Win 10 Home, Application Software & e-Learning Materials, DepEd Logo Programmed in PC BIOS DVD-Recordable Dise (for Recovery)
t6pea./Set)wi-th CD-Pocket.
Laptop Sling Bag
Deepcool Laptop Coo",2026-04-08 13:46:44.543209+00:00
1354,312931,2026-34028,Batch 43,2023,DepEd (DCP),48,0,1,Functional,,2026-04-09 10:14:12.087212+00:00
1088,305720,2026-30896,Batch 2023-01,2024,DepEd (DCP),46,0,1,Functional,"46 wireless mouse, 46 headset, 1 64GB USB, 2 wireless router, 2 charging carts, 1 external hard drive",2026-04-08 14:46:50.013367+00:00
1103,312967,2026-33886,DCP Batch 36,2024,DepEd (DCP),24,0,0,Functional,"Routers, headphones, adapters ",2026-04-08 15:42:39.709648+00:00
1125,312927,2026-33934,Batch 2024,2024,DepEd (DCP),46,0,1,Functional,"Laptop bag, headphones, mouse, tp link router HDMI cable",2026-04-09 00:01:23.453480+00:00
1127,500085,2026-12019,batch 43,2025,DepEd (DCP),46,0,0,Functional,,2026-04-09 00:14:04.266029+00:00
1258,304269,2026-43484,Batch 22,2024,DepEd (DCP),46,0,0,Functional,"laptop bag w/ sling, USB mouse, charger",2026-04-09 04:37:56.477994+00:00
1159,342288,2026-17761,Batch 2024,2024,DepEd (DCP),0,50,0,Functional,"Routers, headphone, charger",2026-04-09 01:42:19.356637+00:00
1176,118581,2026-31608,Batch 44,2024,DepEd (DCP),46,0,1,Functional,,2026-04-09 02:16:15.657590+00:00
2035,304361,2026-42724,Batch 44,2022,DepEd (DCP),46,0,0,Functional,,2026-04-10 05:58:30.953285+00:00
1197,114432,2026-26387,BATCH 2019-01: G4-6 ICT PACKAGE,2019,DepEd (DCP),1,50,1,Non-Functional,,2026-04-09 02:51:22.259409+00:00
3436,303640,2026-37915,Batch 2024-01,2024,DepEd (DCP),45,0,1,Functional,,2026-04-13 07:07:01.531013+00:00
7132,103402,2026-12949,Batch 2018-01,2019,DepEd (DCP),0,50,0,Functional,"Some tablets, mouse and head phones are not functional anymore ",2026-04-20 13:03:47.552343+00:00
1227,300099,2026-10432,Batch 2018-1-E Textbook (E1),2019,DepEd (DCP),1,50,0,Functional,,2026-04-09 03:34:07.814062+00:00
3524,302687,2026-30176,2023-01,2024,DepEd (DCP),46,0,1,Functional,"2 WiFi routers
1 portable storage device",2026-04-13 07:39:03.302577+00:00
1297,300336,2026-09968,Batch 35,2015,DepEd (DCP),2,0,0,Non-Functional,,2026-04-09 05:29:49.704257+00:00
1291,304338,2026-43379,batch 44,2019,DepEd (DCP),1,50,0,Non-Functional,misssing and  non serviceable,2026-04-09 05:20:26.199123+00:00
2094,500059,2026-10223,DCPeLC,2023,DepEd (DCP),46,0,0,Functional,,2026-04-10 06:25:59.894408+00:00
2124,301505,2026-19809,DCP2022-L06-PKGI-REDDOT-01-24-0328,2024,DepEd (DCP),46,0,0,Functional,"Router, External Hard drive",2026-04-10 06:52:30.243735+00:00
2125,500132,2026-16184,Batch 7,2019,DepEd (DCP),50,50,1,Non-Functional,,2026-04-10 06:54:04.091177+00:00
1305,300438,2026-11295,Batch 2022,2022,DepEd (DCP),46,0,1,Functional,,2026-04-09 05:44:50.154951+00:00
1306,300438,2026-11295,2019-003,2021,DepEd (DCP),0,50,0,Functional,Bloated batteries ,2026-04-09 05:44:50.169878+00:00
1259,304269,2026-43484,E-Textbook 2018,2019,DepEd (DCP),0,50,0,Non-Functional,Charger,2026-04-09 04:37:56.487233+00:00
1313,305555,2026-06124,Batch 42,2020,DepEd (DCP),36,0,0,Non-Functional,,2026-04-09 05:50:36.560537+00:00
1336,301205,2026-17812,DCP pc tab,2021,DepEd (DCP),0,50,0,Functional,headphones,2026-04-09 09:49:53.626838+00:00
1322,300283,2026-10038,Batch 40,2025,DepEd (DCP),46,0,0,Functional,,2026-04-09 06:08:20.123125+00:00
1986,316545,2026-43642,Batch 2024,2024,DepEd (DCP),46,0,1,Functional,"Routers, headphones, mouse",2026-04-10 05:16:04.434857+00:00
1358,314211,2026-21125,ecart2022,2023,DepEd (DCP),46,0,1,Functional,,2026-04-09 10:24:10.546906+00:00
1198,302907,2026-30895,Batch 2023-01 ,2024,DepEd (DCP),46,0,0,Functional,"46 wireless mouse, 46 headser, 1 64g USB, 2 wireless router, 2 charging cart, 1 external hard drive",2026-04-09 02:55:05.852856+00:00
5138,305436,2026-07463,Batch 2024 - 01,2024,DepEd (DCP),0,0,1,Functional,,2026-04-15 00:57:16.447866+00:00
1263,304228,2026-41952,Batch 2023-01,2024,DepEd (DCP),46,0,1,Functional,2 routers,2026-04-09 04:41:47.681785+00:00
1264,304228,2026-41952,Batch 2025,2025,DepEd (DCP),5,0,0,Functional,Laptop for teachers,2026-04-09 04:41:47.687889+00:00
5142,306046,2026-40876,L4t,2022,DepEd (DCP),10,0,0,Functional,,2026-04-15 01:11:26.257633+00:00
1362,304209,2026-41809,2in1 tablet pc,2019,DepEd (DCP),0,50,0,Functional,Others are broken,2026-04-09 10:26:42.259436+00:00
1363,304209,2026-41809,Charging/storage cart: pixpro,2019,DepEd (DCP),0,0,0,Functional,,2026-04-09 10:26:42.268364+00:00
1364,304209,2026-41809,Wireless router,2019,DepEd (DCP),0,0,0,Functional,,2026-04-09 10:26:42.275961+00:00
1365,304209,2026-41809,Laptop Coby,2019,DepEd (DCP),1,0,0,Functional,,2026-04-09 10:26:42.282056+00:00
5326,304576,2026-45033,DCP Batch 2024-01,2025,DepEd (DCP),46,0,1,Functional,"Router
External HDD
Charging cart",2026-04-15 03:31:59.598345+00:00
1331,118776,2026-31840,29,2017,DepEd (DCP),1,0,0,Functional,LAPTOP NON FUNCTIONAL/ 9 DESKTOP NON FUNCTIONAL,2026-04-09 09:35:15.950023+00:00
1343,501162,2026-40808,Batch 2023-01,2024,DepEd (DCP),46,0,1,Functional,,2026-04-09 09:54:38.663506+00:00
1310,111485,2026-06674,30,2021,DepEd (DCP),0,0,0,Functional,Headphones,2026-04-09 05:49:54.470094+00:00
1280,301294,2026-41537,DCP,2024,DepEd (DCP),1,50,0,Non-Functional,,2026-04-09 05:01:39.278777+00:00
1312,111485,2026-06674,Batch 29,2022,DepEd (DCP),0,0,1,Functional,"Mouses, routers",2026-04-09 05:49:54.480350+00:00
800,309942,2026-25549,BATCH 34,2018,DepEd (DCP),1,7,0,Non-Functional,,2026-04-08 05:43:11.354465+00:00
1255,301120,2026-17181,E-LEARNING CART PACKAGE,2024,DepEd (DCP),46,0,1,Functional,"1-USB FLASH DRIVE, 2 -WIRELESS ROUTER, USB CABLE, 1 EXTERNAL HARD DRIVE",2026-04-09 04:31:37.653693+00:00
780,500113,2026-12734,Batch 35,2023,DepEd (DCP),23,0,0,Functional,,2026-04-08 05:10:34.380604+00:00
1061,301023,2026-16060,DCP 2022,2024,DepEd (DCP),0,0,0,Functional,,2026-04-08 13:47:15.571129+00:00
799,301198,2026-17572,Batch 2024-01,2024,DepEd (DCP),46,0,1,Functional,,2026-04-08 05:42:05.968689+00:00
1087,111361,2026-06496,Profuturo Digital Education,2021,Private Donor / NGO,1,30,0,Functional,"Mini projector, UPS, Charger, ",2026-04-08 14:45:08.412916+00:00
1110,117968,2026-30879,Batch 2023-01,2024,DepEd (DCP),48,0,0,Functional,,2026-04-08 16:55:00.990140+00:00
1111,304349,2026-42851,ELEARNING CART PACKAGE,2022,DepEd (DCP),46,0,1,Functional,,2026-04-08 16:57:39.410065+00:00
1128,302717,2026-30245,Not indicated,2022,LGU / SEF,44,0,1,Functional,,2026-04-09 00:16:49.868438+00:00
1314,301076,2026-16827,Batch 2024-02,2024,DepEd (DCP),46,0,1,Functional,"The smart TV became unusable after it was accidentally knocked over by strong winds during the Youth Development Symposium, resulting in damage to the unit.",2026-04-09 05:56:24.230546+00:00
1148,303572,2026-43930,DCP Batch 1,2019,DepEd (DCP),2,13,2,Functional,,2026-04-09 01:24:05.860118+00:00
1319,308202,2026-19509,E-Cart Package 2024,2024,DepEd (DCP),46,0,1,Functional,"2 Routers,2 charging carts, mouse, headset,usb 1pc, external drive",2026-04-09 06:05:26.405676+00:00
1162,302138,2026-25639,4,2024,DepEd (DCP),81,32,8,Functional,"Headphones, charger",2026-04-09 01:51:24.607981+00:00
7131,303468,2026-38599,Batch 2014 ELC,2024,DepEd (DCP),48,30,5,Functional,,2026-04-20 13:02:31.982946+00:00
1129,156516,2026-12638,Batch 34,2023,DepEd (DCP),2,0,1,Non-Functional,"Some are not functional, needs repair",2026-04-09 00:18:27.271742+00:00
1177,309141,2026-06102,2022,2024,DepEd (DCP),44,0,7,Functional,"lapel, silicon power armor A60 Capacity:5TB",2026-04-09 02:16:59.944932+00:00
1186,340656,2026-07313,Batch 44,2023,DepEd (DCP),41,0,0,Functional,,2026-04-09 02:31:57.212089+00:00
1200,300370,2026-10137,batch ,2023,DepEd (DCP),44,0,2,Functional,,2026-04-09 03:02:33.971770+00:00
976,306054,2026-06363,"SILICON VALLEY (COMPUTER GROUP PHILS.,INC) Batch 45",2024,DepEd (DCP),56,0,1,Functional,"Routers, Headset, External Hard Drive, Laptop bags, mouse",2026-04-08 09:39:19.683329+00:00
2043,315815,2026-41592,BATCH 18,2019,DepEd (DCP),1,50,0,Functional,"1 wireless router, 51 headsets, 51 mouse",2026-04-10 06:01:05.598612+00:00
1235,303004,2026-32985,ELC Package 2022,2022,DepEd (DCP),46,0,1,Functional,"With 2 routers, headsets, bluetooth mouse and bags.

Smart TV damaged due to the 6.9M earthquake.",2026-04-09 03:46:16.915494+00:00
1228,102150,2026-10101,Batch1,2022,LGU / SEF,4,10,7,Functional,,2026-04-09 03:34:22.514281+00:00
3437,135468,2026-01083,Batch 29,2016,DepEd (DCP),1,0,0,Non-Functional,"projector, speaker",2026-04-13 07:07:36.318129+00:00
7128,302424,2026-28065,2022-01,2024,DepEd (DCP),46,0,1,Functional,2 router,2026-04-20 12:55:14.306833+00:00
7129,302424,2026-28065,2024-01,2025,DepEd (DCP),46,0,1,Functional,2 routers,2026-04-20 12:55:14.313768+00:00
5139,500475,2026-16196,Batch 50,2020,DepEd (DCP),1,50,1,Functional,,2026-04-15 00:57:58.299494+00:00
1271,305596,2026-16931,DCP 2020,2022,DepEd (DCP),2,0,2,Functional,,2026-04-09 04:57:09.843726+00:00
1272,305596,2026-16931,2023-03,2024,DepEd (DCP),5,0,0,Functional,,2026-04-09 04:57:09.850810+00:00
1273,305596,2026-16931,2024-1,2024,DepEd (DCP),46,0,1,Functional,,2026-04-09 04:57:09.856885+00:00
1248,311402,2026-30362,DCP 19-07-2917,2017,DepEd (DCP),0,29,0,Non-Functional,Routers and storage charging cart,2026-04-09 04:14:01.427179+00:00
2095,163502,2026-17132,Batch 19,2014,DepEd (DCP),0,0,0,Non-Functional,"CPU, Thin Client Server, Network Switch, Monitor, USB Keyboard and USB Mouse, and Printer",2026-04-10 06:26:09.332554+00:00
1292,304214,2026-41661,Batch 2022-01,2024,DepEd (DCP),46,0,1,Functional,,2026-04-09 05:20:32.087324+00:00
1296,117999,2026-30917,BATCH 26/BATCH29,2016,DepEd (DCP),1,0,0,Non-Functional,MALFUNCTIONED DESKTOPS AND EQUIPMENTS,2026-04-09 05:29:35.727693+00:00
1301,300614,2026-12886,DCP Batch 2019-03,2019,DepEd (DCP),0,50,0,Functional,,2026-04-09 05:41:09.221334+00:00
1302,300614,2026-12886,DCP 2023-ELSV-0059,2023,DepEd (DCP),46,0,0,Functional,With 2 charging carts,2026-04-09 05:41:09.230725+00:00
1281,109604,2026-19547,DCP Batch 26,2015,DepEd (DCP),1,0,0,Functional,"Host monitor, keyboard, projector, thin client server, LED monitor, multimedia speaker, UPS, AVR",2026-04-09 05:04:32.125143+00:00
1282,109604,2026-19547,DCP Batch 29,2016,DepEd (DCP),1,0,0,Functional,"Projector, Edifier Speaker",2026-04-09 05:04:32.131445+00:00
1283,109604,2026-19547,DCP Batch 21,2022,DepEd (DCP),4,0,0,Functional,,2026-04-09 05:04:32.136609+00:00
1284,109604,2026-19547,Batch 40,2018,DepEd (DCP),1,0,0,Functional,Acer projector,2026-04-09 05:04:32.141533+00:00
2126,301927,2026-24749,"Batch 23, 2024, 46",2024,DepEd (DCP),46,0,1,Functional,"Router 2, headphones, 46 ",2026-04-10 06:55:07.115408+00:00
1368,305760,2026-34084,DCP Batch 2023,2023,DepEd (DCP),46,0,4,Functional,,2026-04-09 10:44:21.924374+00:00
3438,135468,2026-01083,Cti,2025,DepEd (DCP),5,0,0,Functional,wireless mouse,2026-04-13 07:07:36.324925+00:00
2158,126108,2026-22692,2023-3,2024,DepEd (DCP),5,0,0,Functional,,2026-04-10 07:11:29.095610+00:00
1254,312335,2026-31643,TVL ,2026,DepEd (DCP),3,0,1,Non-Functional,"Bag, headphones ",2026-04-09 04:30:44.936020+00:00
1332,307711,2026-17231,batch 40,2024,DepEd (DCP),46,0,1,Functional,,2026-04-09 09:39:09.520518+00:00
1338,300956,2026-15408,BATCH 2019-03,2019,DepEd (DCP),0,50,0,Functional,"1 ROUTER, 50 WIRELESS MOUSE, 50 HEADPHONES",2026-04-09 09:50:51.583246+00:00
1339,300956,2026-15408,BATCH 2022-01,2022,DepEd (DCP),46,0,1,Functional,"2 ROUTERS, 46 WIRELESS MOUSE, 46 LAPTOP BAG, 46 HEADPHONES",2026-04-09 09:50:51.594150+00:00
1340,300956,2026-15408,BATCH 2023-01,2023,DepEd (DCP),46,0,1,Functional,"2 ROUTERS, 46 WIRELESS MOUSE, 46 HEADPHONES, 46 LAPTOP BAG",2026-04-09 09:50:51.599649+00:00
1350,301232,2026-18050,Batch 2019-03: E-textbooks - Lot 3,2020,DepEd (DCP),1,50,0,Functional,,2026-04-09 10:05:06.118408+00:00
1344,307021,2026-15816,BATCH 46,2024,DepEd (DCP),91,0,2,Functional,,2026-04-09 09:54:39.259020+00:00
1355,305557,2026-44085,DCP 2022,2024,DepEd (DCP),46,0,1,Functional,"2 ROUTERS, 46 HEADPHONES, 46 MOUSES, 1 EXT DRIVE",2026-04-09 10:16:20.839153+00:00
1359,500845,2026-40553,Package 4,2023,DepEd (DCP),42,0,1,Functional,"Routers, Headphones, Mouse",2026-04-09 10:25:40.008064+00:00
2190,342234,2026-19510,Ecart,2024,DepEd (DCP),46,0,1,Functional,"wireless router, Hard drive disk, charging base",2026-04-10 07:36:04.673361+00:00
1307,100608,2026-08287,batch 40-41,2022,DepEd (DCP),4,0,5,Functional,,2026-04-09 05:45:58.970295+00:00
7283,317409,2026-02922,Batch 36,2023,DepEd (DCP),51,60,2,Functional,"With 2 routers, headphones, laptop bags, tablet cases, mouse, and adopters",2026-04-21 05:41:00.289961+00:00
1377,500063,2026-10497,2023-01,2022,DepEd (DCP),46,0,1,Functional,,2026-04-09 11:04:10.190890+00:00
1380,301006,2026-15959,Batch 2024,2024,DepEd (DCP),46,0,1,Functional,"Modem Cart - 2 pcs, Charging cart - 2 units & External hard drive - 1 pc.",2026-04-09 11:11:28.584196+00:00
792,305936,2026-01451,BATCH 2024-01,2024,DepEd (DCP),46,0,1,Functional,,2026-04-08 05:30:36.003856+00:00
793,502658,2026-16044,Batch 2024-01,2024,DepEd (DCP),46,0,1,Functional,"With wireless router, charging storage cart, headphones, HDMI Cable, wireless mouse",2026-04-08 05:31:58.883651+00:00
795,108494,2026-18210,BATCH 2019-01: G4-6 ICT PACKAGE - LOT 3,2020,DepEd (DCP),1,50,1,Functional,"ROUTER, PRINTER",2026-04-08 05:35:07.345759+00:00
796,309158,2026-05690,BATCH 2022-01,2024,DepEd (DCP),46,0,1,Functional,,2026-04-08 05:36:45.908052+00:00
797,303303,2026-34208,Batch 44,2024,DepEd (DCP),51,0,0,Functional,"Routers, head phones",2026-04-08 05:41:10.894317+00:00
798,301198,2026-17572,Batch 2023-01,2024,DepEd (DCP),46,0,1,Functional,,2026-04-08 05:42:05.319168+00:00
807,309166,2026-05724,batch 1,2024,DepEd (DCP),46,0,1,Functional,"2 Router, laptops headset and mouse",2026-04-08 05:50:23.169564+00:00
5140,306073,2026-31189,Batch 2022-01 E-LEARNING CART PACKAGE,2024,DepEd (DCP),46,0,1,Functional,"Routers, mouse, headset, bag, mouse pad, external hard drive",2026-04-15 00:58:10.054288+00:00
810,316301,2026-43147,ELearning Cart Package,2022,DepEd (DCP),46,0,1,Functional,,2026-04-08 05:53:26.531993+00:00
837,303225,2026-33793,Batch 2018-1,2019,DepEd (DCP),1,50,0,Functional,"1 router, 2 charging cart",2026-04-08 06:24:33.992925+00:00
838,303225,2026-33793,Batch 2022-01,2024,DepEd (DCP),46,0,1,Functional,46 mouse; 46 headset with microphone; 2 routers;  2 charging carts; 1 USB flash drive; 1 External drive,2026-04-08 06:24:34.494356+00:00
839,303225,2026-33793,Batch 2022-03,2024,DepEd (DCP),5,0,0,Functional,,2026-04-08 06:24:35.066984+00:00
840,303225,2026-33793,Batch 2020,2022,DepEd (DCP),6,0,5,Functional,,2026-04-08 06:24:35.623355+00:00
841,303225,2026-33793,TVL Package,2024,DepEd (DCP),10,0,0,Functional,1 printer,2026-04-08 06:24:36.109179+00:00
1988,301005,2026-15958,2019/E-Textbooks,2020,DepEd (DCP),0,50,0,Functional,,2026-04-10 05:19:09.516115+00:00
829,300109,2026-08836,Batch 2024-01,2024,DepEd (DCP),92,0,2,Functional,6,2026-04-08 06:10:20.412316+00:00
1089,108263,2026-17930,Multimedia package (Smart TV) ,2025,DepEd (DCP),0,0,5,Functional,,2026-04-08 14:54:22.139775+00:00
1090,108263,2026-17930,Batch 20,2021,DepEd (DCP),1,0,1,Functional,,2026-04-08 14:54:22.145531+00:00
2001,305312,2026-06913,40,2023,DepEd (DCP),40,40,0,Functional,,2026-04-10 05:27:42.662214+00:00
827,301012,2026-16117,27,2015,DepEd (DCP),1,0,0,Functional,,2026-04-08 06:08:42.572130+00:00
828,300564,2026-11772,Batch 45,2023,DepEd (DCP),50,50,1,Non-Functional,,2026-04-08 06:08:48.501695+00:00
1091,108263,2026-17930,Batch 40,2018,DepEd (DCP),1,0,0,Functional,,2026-04-08 14:54:22.151935+00:00
831,111268,2026-06383,Batch 44,2024,DepEd (DCP),51,0,1,Functional,"Routers, Adapters, Headphones, Mouse, USB Recovery",2026-04-08 06:15:48.895172+00:00
832,307806,2026-17833,Batch 37,2022,DepEd (DCP),46,0,1,Functional,"Headphones, Adapters",2026-04-08 06:17:22.128675+00:00
833,500962,2026-39667,BATCH 2022-01,2024,DepEd (DCP),46,0,1,Functional,"ROUTER, mouse, mouse pad, External drive, bag",2026-04-08 06:23:20.738038+00:00
834,301470,2026-19539,Batch 2019-03 E-textbook,2021,DepEd (DCP),1,50,0,Functional,,2026-04-08 06:23:34.694324+00:00
835,301470,2026-19539,Batch 2023-01 ELearning Cart Package,2023,DepEd (DCP),46,0,1,Functional,Silicon Power Supply,2026-04-08 06:23:35.434636+00:00
843,301906,2026-43126,DCP2024,2024,DepEd (DCP),46,0,1,Functional,,2026-04-08 06:27:49.864791+00:00
1187,301718,2026-06165,Batch 1,2024,DepEd (DCP),46,0,1,Functional,,2026-04-09 02:33:47.941027+00:00
794,300600,2026-11652,Batch 2023-1,2024,DepEd (DCP),46,0,1,Functional,,2026-04-08 05:35:04.263635+00:00
1266,300815,2026-16415,Batch 2019-03,2022,DepEd (DCP),46,0,1,Functional,"Routers, External Drive, USB Recovery, Flash Drive",2026-04-09 04:42:54.444063+00:00
842,301474,2026-19507,Batch 2023-01,2023,DepEd (DCP),46,0,0,Functional,,2026-04-08 06:26:27.746723+00:00
818,307924,2026-17900,REDFOX-WIZPAD VALUER R10S,2023,DepEd (DCP),0,3,0,Non-Functional,NO CHARGING PORT NEEDED,2026-04-08 05:58:27.392483+00:00
1062,501830,2026-15840,2022,2022,DepEd (DCP),46,0,1,Functional,"Headphones, Router, 5TB External Hard Drive",2026-04-08 13:49:57.748324+00:00
1249,500938,2026-12929,Batch 2023,2024,DepEd (DCP),46,0,0,Functional,,2026-04-09 04:24:43.816205+00:00
2002,305312,2026-06913,35,2020,DepEd (DCP),1,50,1,Functional,50 pcs mouse,2026-04-10 05:27:42.667734+00:00
2045,302170,2026-25732,BATCH 2023-01 E-LEARNING CART PACKAGE,2023,DepEd (DCP),46,0,1,Functional,,2026-04-10 06:02:02.544378+00:00
836,305594,2026-34083,   ,2024,DepEd (DCP),46,15,2,Functional,"Headphones, back pack, keyboard",2026-04-08 06:24:11.793239+00:00
1210,301544,2026-04422,Batch 46,2025,DepEd (DCP),46,0,1,Functional,Headphones and adapters,2026-04-09 03:11:36.193972+00:00
1112,301665,2026-06163,DCP 2023,2024,DepEd (DCP),46,0,0,Functional,"Router, 2 Storage Carts, 1 External Drive",2026-04-08 17:40:49.687086+00:00
825,301771,2026-06586,"BATCH 2023-001, LOT 5",2024,DepEd (DCP),46,0,1,Functional,,2026-04-08 06:04:17.646669+00:00
1229,305721,2026-31669,2023,2023,DepEd (DCP),45,0,1,Functional,,2026-04-09 03:35:41.834214+00:00
1236,102175,2026-10130,DCP BATCH 19-07-1333,2019,DepEd (DCP),2,100,0,Functional,"Routers and chargers were not functioning.
Some of the mouse were broken.

",2026-04-09 03:46:41.786888+00:00
1243,302835,2026-31866,2022-01,2024,DepEd (DCP),46,0,1,Functional,,2026-04-09 03:59:36.586778+00:00
1265,312902,2026-33915,Deped batch 2024,2024,DepEd (DCP),46,0,1,Functional,,2026-04-09 04:42:13.873688+00:00
1250,500938,2026-12929,Batch 2023,2024,DepEd (DCP),46,0,0,Functional,,2026-04-09 04:24:43.821541+00:00
801,309942,2026-25549,2019-03 ,2021,DepEd (DCP),1,50,0,Functional,,2026-04-08 05:43:12.375153+00:00
1130,300605,2026-12095,44,2023,DepEd (DCP),51,15,5,Functional,"Router, adapter",2026-04-09 00:28:45.226393+00:00
1178,304239,2026-41981,DCP Batch 27,2018,DepEd (DCP),44,0,0,Functional,,2026-04-09 02:19:13.023476+00:00
802,309942,2026-25549,BATCH 36 - LOT 4 ,2018,DepEd (DCP),2,0,0,Non-Functional,,2026-04-08 05:43:13.330817+00:00
803,309942,2026-25549,BATCH 44,2019,DepEd (DCP),0,50,0,Functional,,2026-04-08 05:43:14.428736+00:00
804,309942,2026-25549,BATCH 2020 - LOT 4 ,2023,DepEd (DCP),0,0,1,Non-Functional,,2026-04-08 05:43:15.515436+00:00
805,309942,2026-25549,BATCH 2023-01 ,2024,DepEd (DCP),42,0,1,Functional,,2026-04-08 05:43:16.739716+00:00
844,303294,2026-34227,23,2023,DepEd (DCP),46,0,1,Functional,"Wireless Routers, external hard drive",2026-04-08 06:28:35.407636+00:00
806,305509,2026-42124,BATCH 2024-01: eLearning Cart Package,2024,DepEd (DCP),46,0,1,Functional,"Router, hars drive",2026-04-08 05:48:37.449652+00:00
2160,309602,2026-23727,Batch 2024-01,2024,DepEd (DCP),46,0,0,Functional,,2026-04-10 07:12:04.469824+00:00
2191,302262,2026-26475,BATCH 2023-01,2024,DepEd (DCP),46,0,1,Functional,,2026-04-10 07:36:36.201970+00:00
2192,302262,2026-26475,BATCH 2022-01,2024,DepEd (DCP),46,0,1,Functional,,2026-04-10 07:36:36.207047+00:00
847,305744,2026-06143,DCP Package 2022,2022,DepEd (DCP),46,0,1,Functional,,2026-04-08 06:34:24.849593+00:00
848,129566,2026-42819,Batch 53,2023,DepEd (DCP),46,0,0,Functional,"HDD, HEADSET, MOUSE, LAPTOP BAG, MOUSE PAD, EHD, 1 TB
",2026-04-08 06:34:42.706178+00:00
849,106940,2026-16012,DCP 2018,2022,DepEd (DCP),0,50,0,Functional,Charging cart,2026-04-08 06:38:13.208276+00:00
2049,301766,2026-06448,DCP Batch 41 - Lot 4,2018,DepEd (DCP),50,50,2,Functional,,2026-04-10 06:03:23.615539+00:00
853,301535,2026-04461,41,2019,DepEd (DCP),0,50,2,Non-Functional,The charging station is no longer functional,2026-04-08 06:53:43.101730+00:00
854,301535,2026-04461,LOT 4,2019,DepEd (DCP),0,50,0,Non-Functional,The charging station is no longer function,2026-04-08 06:53:44.880292+00:00
1074,500481,2026-10452,E-learning Cart Package,2025,DepEd (DCP),46,0,1,Functional,"46 headphones
46 mouse
2 router",2026-04-08 14:09:10.566903+00:00
7130,302288,2026-26786,Batch 44,2022,DepEd (DCP),46,0,1,Functional,,2026-04-20 12:56:54.289336+00:00
857,306114,2026-12167,Batch 22,2024,DepEd (DCP),92,0,2,Functional,,2026-04-08 06:56:44.619158+00:00
7395,306911,2026-15202,2023,2024,DepEd (DCP),92,0,2,Functional,2 Routers,2026-04-22 00:27:42.195030+00:00
2047,500659,2026-32585,E- Learning Cart Batch 2024,2024,DepEd (DCP),46,0,1,Functional,"WIRELESS ROUTER, EXTERNAL HDD",2026-04-10 06:02:51.072642+00:00
861,304174,2026-41513,Batch2023,2023,DepEd (DCP),45,0,1,Functional,"External Hard Drive, Model, Router",2026-04-08 07:01:23.977271+00:00
862,304174,2026-41513,Batch27,2015,DepEd (DCP),45,0,0,Functional,None,2026-04-08 07:01:23.989606+00:00
863,111367,2026-06507,26,2018,DepEd (DCP),1,0,0,Non-Functional,,2026-04-08 07:02:15.055339+00:00
864,300945,2026-16445,E Learning Cart,2024,DepEd (DCP),46,0,1,Functional,"Router -2 units
charging Station-2
External Hard Drive-1",2026-04-08 07:04:45.619329+00:00
865,300945,2026-16445,FY 2019- SHS,2019,DepEd (DCP),1,49,0,Functional,"Headset- 50
Carrying Bag-48
Mouse-46
Router-1",2026-04-08 07:04:45.627005+00:00
1202,301697,2026-05791,eLearning Cart Package Batch 2022,2022,DepEd (DCP),46,0,1,Functional,Two (2) routers,2026-04-09 03:06:41.146731+00:00
874,500390,2026-16485,BATCH 2022,2022,DepEd (DCP),92,0,2,Functional,"WIRELESS ROUTERS, EXTERNAL HARD DIVE",2026-04-08 07:23:28.560309+00:00
899,999991,999991,Batch 25,2024,DepEd (DCP),0,0,0,Non-Functional,,2026-04-08 08:02:41.055963+00:00
872,103153,2026-11488,Batch 1-2019,2020,DepEd (DCP),1,50,0,Functional,,2026-04-08 07:17:42.253380+00:00
886,319224,2026-02093,eLC Package 2022 Batch 2022-03,2022,DepEd (DCP),46,0,1,Functional,,2026-04-08 07:42:58.046364+00:00
903,305415,2026-07303,2023-01,2023,DepEd (DCP),10,0,0,Functional,,2026-04-08 08:06:49.811672+00:00
878,308203,2026-19574,Batch 2023,2024,DepEd (DCP),46,0,2,Functional,,2026-04-08 07:28:31.455053+00:00
879,300557,2026-42947,Haier Laptop,2024,DepEd (DCP),46,0,1,Functional,"46 - Mouse
46 - Headset
",2026-04-08 07:29:07.367743+00:00
880,300557,2026-42947,2-in-1 Tablet,2021,DepEd (DCP),0,50,0,Functional,"With - 50 heads but some are not functional
          - 50 mouse but some are not functional
         - some of the tablets are not functional",2026-04-08 07:29:08.007840+00:00
3541,502173,2026-01194,Batch 24,2018,DepEd (DCP),1,0,0,Functional,"projector, printer, monitors, speaker, AVR, ",2026-04-13 07:45:42.850307+00:00
873,303293,2026-34226,Batch 2022-01,2024,DepEd (DCP),46,0,0,Functional,,2026-04-08 07:18:12.339294+00:00
5319,304724,2026-04274,batch 43,2024,DepEd (DCP),46,0,0,Functional,"router, headphones",2026-04-15 03:24:27.713794+00:00
885,316210,2026-42732,Batch 41,2021,DepEd (DCP),0,73,0,Functional,,2026-04-08 07:42:41.714565+00:00
3542,502173,2026-01194,Batch 29,2018,DepEd (DCP),1,0,0,Non-Functional,"projector, speaker",2026-04-13 07:45:42.856660+00:00
889,325106,2026-43384,E-learning package,2024,DepEd (DCP),0,50,0,Functional,,2026-04-08 07:47:19.740064+00:00
890,321806,2026-26734,Batch 44,2018,DepEd (DCP),0,50,0,Non-Functional,,2026-04-08 07:48:31.866660+00:00
869,109631,2026-19604,Batch 2024,2024,DepEd (DCP),42,0,1,Functional,,2026-04-08 07:15:40.851909+00:00
891,300094,2026-08631,BATCH 2024-01 ELEARNING CART PACKAGE,2024,DepEd (DCP),92,0,2,Functional,,2026-04-08 07:50:56.788943+00:00
1150,103211,2026-12829,Batch 22,2022,DepEd (DCP),47,0,0,Functional,,2026-04-09 01:25:05.103564+00:00
1066,301218,2026-17852,DCP,2022,DepEd (DCP),46,0,1,Functional,,2026-04-08 13:55:08.155665+00:00
894,164511,2026-20198,2019-01 lot 3,2021,DepEd (DCP),1,50,1,Functional,"1 Printer, 1 router",2026-04-08 07:52:44.023566+00:00
895,111216,2026-06063,Batch 34,2018,DepEd (DCP),1,7,0,Functional,"Router, Headphone",2026-04-08 07:58:03.205487+00:00
896,111216,2026-06063,Smart TV Package,2025,DepEd (DCP),0,0,5,Non-Functional,Hard Drive,2026-04-08 07:58:04.140830+00:00
1067,301218,2026-17852,DCP,2023,DepEd (DCP),46,0,1,Functional,,2026-04-08 13:55:08.160016+00:00
5500,500558,2026-16197,BATCH 41,2018,DepEd (DCP),0,47,0,Functional,,2026-04-15 06:30:24.728700+00:00
851,500742,2026-10178,Batch 2022,2024,DepEd (DCP),46,0,1,Functional,,2026-04-08 06:53:06.309393+00:00
852,500742,2026-10178,Batch 2023,2024,DepEd (DCP),46,0,1,Functional,,2026-04-08 06:53:06.315116+00:00
904,304370,2026-42753,LOT 2 BATCH 2025,2025,DepEd (DCP),5,0,0,Functional,,2026-04-08 08:12:25.910823+00:00
905,304370,2026-42753,BATCH 2024 E LEARNING CART,2024,DepEd (DCP),46,0,1,Functional,,2026-04-08 08:12:25.950169+00:00
921,301647,2026-05348,LOT 4,2019,DepEd (DCP),1,50,1,Functional,,2026-04-08 08:27:23.420607+00:00
140,305145,2026-01191,Batch 2023-01,2023,DepEd (DCP),46,0,1,Functional,,2026-04-06 08:24:35.316579+00:00
858,309105,2026-05899,Batch 22,2024,DepEd (DCP),46,0,1,Functional,,2026-04-08 06:56:51.923676+00:00
875,104380,2026-12750,2022-01,2024,DepEd (DCP),46,0,1,Functional,"Routers, Headphone, External Drive, Flash Drive, Bags",2026-04-08 07:26:49.693878+00:00
871,316203,2026-43007,DCP eLearning Cart (46 Laptops) Batch 2022,2025,DepEd (DCP),46,0,0,Functional,,2026-04-08 07:17:05.000685+00:00
900,111384,2026-06524,DCP BATCH 26,2016,DepEd (DCP),1,0,0,Non-Functional,"Printer, host PC, share FL300 THIN CLIENT, MONITOR, KEYBOARD AND MOUSE, CANON PIXMA MP237, PROJECTOR IS HOW X1500,PROJECTOR SCREEN, SPEAKER, UPS, AVR, NETWORKING PERIPHERALS (All are not working)",2026-04-08 08:04:30.173163+00:00
901,111384,2026-06524,DCP BATCH 40,2018,DepEd (DCP),1,0,0,Non-Functional,"Interactive projector Acer S1286GH, Multimedia Speaker: Microlab M280 (All are not functioning)",2026-04-08 08:04:30.711759+00:00
902,111384,2026-06524,DCP BATCH 29,2016,DepEd (DCP),1,0,0,Non-Functional,Speaker Microlab M-280,2026-04-08 08:04:31.323784+00:00
884,301513,2026-19898,Batch 34,2024,DepEd (DCP),46,0,1,Functional,all other equipment are all functional,2026-04-08 07:38:04.360744+00:00
887,305849,2026-43565,BATCH2023,2023,DepEd (DCP),46,0,1,Functional,"Routers, Headphones",2026-04-08 07:46:19.761800+00:00
5502,116394,2026-29004,Batch 2024-01: ELEARNING CART PACKAGE,2024,DepEd (DCP),46,0,1,Functional,17 not functional,2026-04-15 06:34:59.332921+00:00
1188,301253,2026-18115,Batch 2022-01,2024,DepEd (DCP),46,0,1,Functional,,2026-04-09 02:37:56.970555+00:00
906,304370,2026-42753,MULTIMEDIA PACKAGE DCP 20,2022,DepEd (DCP),1,0,1,Functional,,2026-04-08 08:12:26.057217+00:00
907,304370,2026-42753,E TEXTBOOK PACKAGE,2019,DepEd (DCP),0,50,0,Functional,,2026-04-08 08:12:26.265621+00:00
908,304370,2026-42753,LOT 3 HOST PC,2019,DepEd (DCP),0,0,0,Functional,"25 UNITS HOST PC, 1 UNIT 3IN 1 PRINTER",2026-04-08 08:12:26.314472+00:00
1068,302731,2026-30331,Batch 36,2018,DepEd (DCP),0,50,0,Functional,,2026-04-08 13:59:11.471030+00:00
1069,302731,2026-30331,e Learning Tablet,2020,DepEd (DCP),0,50,0,Functional,,2026-04-08 13:59:11.491712+00:00
1094,305316,2026-06932,2019-02,2020,DepEd (DCP),51,0,1,Functional,,2026-04-08 15:27:49.779463+00:00
1095,305316,2026-06932,DCP E-Classroom Package 2023,2024,DepEd (DCP),46,0,1,Functional,,2026-04-08 15:27:49.786961+00:00
1113,501447,2026-11427,Batch 44,2022,DepEd (DCP),41,18,1,Functional,,2026-04-08 19:30:10.315084+00:00
1180,306371,2026-31164,Batch 2024-01,2024,DepEd (DCP),46,0,1,Functional,"Headphones, routers ",2026-04-09 02:25:29.308275+00:00
1203,129477,2026-43093,51,2021,DepEd (DCP),47,0,0,Functional,"with external drive, headphone",2026-04-09 03:08:32.412482+00:00
1211,108341,2026-18047,Batch 2019-03,2019,DepEd (DCP),1,50,0,Functional,1 router and 2 charging carts,2026-04-09 03:12:00.874988+00:00
1166,307823,2026-20281,Batch 2023-01: eLearning Cart Package,2024,DepEd (DCP),46,0,1,Functional,,2026-04-09 02:04:43.506498+00:00
1333,301709,2026-05896,BATCH 22,2024,DepEd (DCP),51,0,1,Functional,,2026-04-09 09:45:52.898608+00:00
1221,301492,2026-19694,25,2019,DepEd (DCP),46,0,1,Functional,,2026-04-09 03:26:30.537428+00:00
1222,301492,2026-19694,Aboitiz,2022,Private Donor / NGO,3,5,0,Non-Functional,,2026-04-09 03:26:30.544876+00:00
1230,302850,2026-31187,Batch 2024-01,2024,DepEd (DCP),46,0,1,Functional,"2 wireless router, 2 charging cart, 1 external hard drive",2026-04-09 03:35:54.913490+00:00
1189,109629,2026-19602,Cherry Mobile Aqua Tab Pulse,2022,DepEd (DCP),0,15,0,Functional,,2026-04-09 02:39:24.640801+00:00
1190,109629,2026-19602,Cherry Mobile Omega Tab Pro,2025,DepEd (DCP),0,25,0,Functional,,2026-04-09 02:39:24.646053+00:00
1991,301098,2026-17412,Batch 2022-01-E-learning cart package,2024,DepEd (DCP),46,0,1,Functional,,2026-04-10 05:21:25.310284+00:00
1244,501911,2026-43609,40,2024,DepEd (DCP),41,0,1,Functional,Routers,2026-04-09 03:59:45.422368+00:00
1252,118042,2026-30971,Batch 2024-03: Laptop for Teaching Package,2024,DepEd (DCP),5,0,0,Functional,mouse and headset,2026-04-09 04:29:11.421304+00:00
1267,104387,2026-12802,BATCH 40,2021,DepEd (DCP),0,50,0,Functional,,2026-04-09 04:45:06.118576+00:00
1286,501834,2026-15607,Batch 2024-01,2024,DepEd (DCP),46,0,1,Functional,"Mouse, Headphones",2026-04-09 05:08:40.935766+00:00
7133,103402,2026-12949,Batch 2019,2021,DepEd (DCP),0,50,0,Functional,Some tablets and other accessories are un functional ,2026-04-20 13:03:47.559866+00:00
1303,300552,2026-12823,Batch 2022-01,2024,DepEd (DCP),0,0,0,Functional,,2026-04-09 05:42:38.473324+00:00
1295,341235,2026-40668,DCP BATCH 2018-1,2019,DepEd (DCP),1,50,0,Functional,,2026-04-09 05:26:40.077918+00:00
5146,500155,2026-23111,Batch 2022-01,2024,DepEd (DCP),46,0,2,Functional, 2 laptops are unserviceable,2026-04-15 01:12:05.792030+00:00
1328,301033,2026-16077,Batch 2019-3,2019,DepEd (DCP),51,0,0,Functional,"Router, Headphones, Adapter",2026-04-09 07:20:38.698562+00:00
1329,301033,2026-16077,Bstch 2025,2024,DepEd (DCP),46,0,1,Functional,"Router, Headphones, Adapter",2026-04-09 07:20:38.708097+00:00
1356,300640,2026-41692,Batch 2022,2024,DepEd (DCP),46,1,1,Functional,,2026-04-09 10:19:23.646344+00:00
1360,301083,2026-17154,Batch 25,2024,DepEd (DCP),46,0,1,Functional,"Router, Headset, Adopter",2026-04-09 10:26:28.628262+00:00
1298,108060,2026-17712,BATCH 19,2019,DepEd (DCP),1,50,1,Functional,"Routers, Headphones, Mouse (50 Pcs) but some mouse are not functional same with the tablet only 25 are functional",2026-04-09 05:31:56.220400+00:00
1320,304375,2026-43107,2022-1,2023,DepEd (DCP),46,0,1,Functional,,2026-04-09 06:08:00.342451+00:00
3442,501991,2026-45017,BATCH 2024,2024,DepEd (DCP),51,0,0,Functional,,2026-04-13 07:07:52.575274+00:00
5320,128881,2026-43449,Batch 2022-01,2024,DepEd (DCP),46,0,5,Functional,,2026-04-15 03:25:45.689002+00:00
1351,307123,2026-16002,Batch 2024-1,2024,DepEd (DCP),46,0,1,Functional,"Headphones, Routers, Mouse",2026-04-09 10:08:07.475029+00:00
1352,307123,2026-16002,Batch 2010-03,2020,DepEd (DCP),1,50,0,Functional,"Routers, Headphones, Mouse",2026-04-09 10:08:07.480618+00:00
1367,502138,2026-17552,Batch 2022-01,2024,DepEd (DCP),46,0,1,Functional,"Router-2
External Hard Drive-1
Flash Drive(Recovery Disk)-1",2026-04-09 10:34:06.396662+00:00
1369,315003,2026-39634,2024,2024,DepEd (DCP),46,0,1,Functional,,2026-04-09 10:54:23.043231+00:00
1374,102169,2026-10121,2024-01,2024,DepEd (DCP),46,0,1,Functional,Routers,2026-04-09 11:00:41.903597+00:00
1376,501735,2026-12786,DCP Package,2024,DepEd (DCP),46,0,1,Functional,,2026-04-09 11:01:59.675762+00:00
1378,306166,2026-11712,DCP22,2024,DepEd (DCP),51,0,1,Functional,,2026-04-09 11:05:28.940540+00:00
1379,306166,2026-11712,Tablets,2020,DepEd (DCP),0,40,0,Functional,,2026-04-09 11:05:28.945909+00:00
1316,316529,2026-44208,Entrans,2024,DepEd (DCP),53,0,2,Functional,,2026-04-09 05:58:42.868923+00:00
1372,501909,2026-43608,Batch 2022-01,2024,DepEd (DCP),46,0,1,Functional,"Router-TP-Link Archer AX-12,External Hard Drive-ADATA HD330,Flash Drive(Recovery Disk)",2026-04-09 10:55:05.146432+00:00
1391,300367,2026-10125,LOT 1: IT Package (E-Textbook),2019,DepEd (DCP),1,50,0,Non-Functional,All units are not working. (Damaged),2026-04-09 11:23:18.607383+00:00
1392,300367,2026-10125,BATCH 2022-01: E-LEARNING CART PACKAGE,2024,DepEd (DCP),92,0,2,Functional,,2026-04-09 11:23:18.613422+00:00
1393,500511,2026-16131,Batch 36,2024,DepEd (DCP),4,0,0,Functional,Charger,2026-04-09 11:25:03.448321+00:00
1394,500511,2026-16131,Batch 2019,2019,DepEd (DCP),58,0,1,Non-Functional,Bags and Head sets,2026-04-09 11:25:03.453468+00:00
1381,301006,2026-15959,Batch 2019,2020,DepEd (DCP),1,52,0,Functional,,2026-04-09 11:11:28.591522+00:00
1399,502200,2026-21913,DCP PACKAGE BATCH 2024,2024,DepEd (DCP),44,0,1,Functional,Routers,2026-04-09 12:21:42.761805+00:00
1382,205015,2026-43582,Ecart 2021,2024,DepEd (DCP),46,0,1,Functional,,2026-04-09 11:12:01.815511+00:00
1345,301957,2026-24343,Batch 2024-01 E LEARNING CART PACKAGE,2024,DepEd (DCP),46,0,1,Functional,,2026-04-09 09:58:08.951588+00:00
1315,309510,2026-23082,Batch 33,2023,DepEd (DCP),42,37,1,Functional,"Tp link wireless Router, projector",2026-04-09 05:56:32.654091+00:00
1132,104263,2026-12626,Batch 44,2024,DepEd (DCP),52,0,1,Non-Functional,,2026-04-09 00:33:49.478607+00:00
1278,305559,2026-19653,DCP 2023,2023,DepEd (DCP),46,0,1,Functional,"Headphone, Mouse, Charger",2026-04-09 04:59:41.634737+00:00
1388,316513,2026-44389,Batch 2023-01,2024,DepEd (DCP),46,0,1,Functional,"46 mouse
46 headset
46 touchpad
46 laptop bag
46 charger
1 usb
2 Wireless Router
1 External Drive",2026-04-09 11:22:03.575669+00:00
909,304370,2026-42753,BATCH 36,2018,DepEd (DCP),2,0,0,Non-Functional,"2 UNITS HOST PC, 44 MONITORS, EXTERNAL ODD, 2 UNITS UPS, 2 UNITS NETWORKING PEREFERALS",2026-04-08 08:12:26.339587+00:00
910,304370,2026-42753,DCP PROJECT BATCH 27,2015,DepEd (DCP),0,0,0,Non-Functional,"8 UNITS HOST PC, 42 UNITS DESKTOP VERTUALIZATION TERMINAL, 42 LED MONITOR, 8 UPS 7 UNITS AVR, 1 NETWORK PEREFERALS",2026-04-08 08:12:26.411508+00:00
911,501067,2026-43009,Learning cart package,2020,DepEd (DCP),26,0,0,Functional,,2026-04-08 08:12:28.235073+00:00
912,501067,2026-43009,ELearning  cart package,2024,DepEd (DCP),27,0,0,Functional,,2026-04-08 08:12:29.401184+00:00
1096,300020,2026-07784,Batch 2024-01,2024,DepEd (DCP),50,0,1,Functional,"Routers, HDD",2026-04-08 15:28:04.761393+00:00
915,301136,2026-16930,DCP Packages 2023 Batch 2023-01,2024,DepEd (DCP),46,0,1,Functional,,2026-04-08 08:20:50.769953+00:00
1070,342077,2026-11426,03-2024,2024,DepEd (DCP),5,0,1,Functional,Routers ,2026-04-08 14:01:43.414263+00:00
913,305742,2026-31076,Batch 2022-01,2024,DepEd (DCP),46,80,1,Functional,"Routers, Headphones",2026-04-08 08:16:08.274725+00:00
916,304363,2026-43046,BATCH 2024-01,2024,DepEd (DCP),46,0,1,Functional,"WIRELESS ROUTER, STORAGE CHARGING CART, EXTERNAL HARD DRIVE",2026-04-08 08:24:41.153524+00:00
3443,303530,2026-37037,Batch 2022-01,2024,DepEd (DCP),46,0,1,Functional,"Router-TP-Link Archer AX12
External Hard Drive-Silicon Power Armor A62
Flash Drive (Recovery Disk)",2026-04-13 07:08:14.297474+00:00
918,305402,2026-07248,2023-2024 Package 1,2024,DepEd (DCP),46,0,1,Functional,,2026-04-08 08:26:55.855033+00:00
920,301647,2026-05348,BATCH 41,2018,DepEd (DCP),1,50,1,Non-Functional,,2026-04-08 08:27:22.985007+00:00
1114,102311,2026-10486,Batch 44,2024,DepEd (DCP),46,50,2,Functional,,2026-04-08 20:45:25.354127+00:00
1115,501224,2026-15839,Batch 2022,2022,DepEd (DCP),46,0,1,Functional,"2 Routers
46 Headphones
1 hard drive
46 mouse",2026-04-08 20:53:21.352840+00:00
3444,303530,2026-37037,Batch 2023-01,2024,DepEd (DCP),46,0,1,Functional,"Wireless Router-TP-Link Archer AX12
External Hard Drive-Silicon Power Armor A62
Flash Drive (Recovery Disk)",2026-04-13 07:08:14.312302+00:00
932,301529,2026-04522,44,2019,DepEd (DCP),46,0,2,Functional,n/a,2026-04-08 08:46:16.393435+00:00
933,307107,2026-16000,DCP 2022,2024,DepEd (DCP),46,0,0,Functional,"Mouse, Headset",2026-04-08 08:46:37.891292+00:00
934,500770,2026-16132,Batch 1,2024,DepEd (DCP),46,30,1,Functional,3 routers 1 headphone,2026-04-08 08:47:49.425176+00:00
935,302826,2026-31483,Batch 2022-01:elearning cart package,2024,DepEd (DCP),46,0,1,Functional,"Routers, external hardrive",2026-04-08 08:51:02.039867+00:00
926,300613,2026-12824,Batch 41,2018,DepEd (DCP),1,50,2,Functional,50 tablets not functional,2026-04-08 08:36:56.603093+00:00
927,300613,2026-12824,Batch 2019-03: e textbooks,2019,DepEd (DCP),1,50,0,Non-Functional,Laptop and Tablets not functional,2026-04-08 08:36:56.709994+00:00
949,343971,2026-33543,Batch 35,2016,DepEd (DCP),2,0,0,Non-Functional,"Host PC, printer, projector, mouse, keyboard, monitor, AVR",2026-04-08 09:02:21.025725+00:00
5147,306086,2026-42670,Batch 2024,2024,DepEd (DCP),43,0,0,Functional,Headphones and mouse,2026-04-15 01:16:02.117614+00:00
950,343971,2026-33543,DCP 2018-01,2019,DepEd (DCP),0,50,0,Non-Functional,"tablets, charging station,",2026-04-08 09:02:21.032512+00:00
951,343971,2026-33543,DCP TVL,2020,DepEd (DCP),3,0,1,Non-Functional,"Lapel, wireless mouse",2026-04-08 09:02:21.038406+00:00
946,300593,2026-12016,30,2019,DepEd (DCP),0,50,0,Functional,,2026-04-08 08:59:41.669532+00:00
947,300593,2026-12016,10,2023,DepEd (DCP),0,44,0,Functional,,2026-04-08 08:59:41.763012+00:00
948,501406,2026-42950,Batch 2022-01,2023,DepEd (DCP),46,0,1,Functional,,2026-04-08 09:00:02.154820+00:00
955,301661,2026-06190,BATCH 2023-01 (DCP PACKAGES 2023),2024,DepEd (DCP),46,0,1,Functional,2 ROUTERS TP LINK ARCHER,2026-04-08 09:14:51.575167+00:00
963,301022,2026-16076,Batch 2019,2019,DepEd (DCP),1,50,0,Functional,"Headphones, mouse",2026-04-08 09:21:05.654426+00:00
964,301745,2026-05897,Batch 44,2019,DepEd (DCP),80,0,0,Non-Functional,,2026-04-08 09:21:33.910287+00:00
965,305821,2026-08315,BATCH 22,2022,DepEd (DCP),51,0,0,Functional,,2026-04-08 09:21:34.746304+00:00
925,104325,2026-12694,Batch 2024-01,2024,DepEd (DCP),46,20,1,Functional,,2026-04-08 08:28:44.641331+00:00
1167,502318,2026-08179,Batch 22,2022,DepEd (DCP),46,0,0,Functional,,2026-04-09 02:05:11.441997+00:00
914,300413,2026-10491,E-Learninh Cart Package,2024,DepEd (DCP),46,0,0,Functional,,2026-04-08 08:18:19.522418+00:00
945,304303,2026-43374,Batch 2023-01,2024,DepEd (DCP),46,0,1,Functional,"Headset, Wireless Mouse, Charger and laptop bags",2026-04-08 08:59:13.454606+00:00
957,108095,2026-17764,BATCH 7,2010,DepEd (DCP),0,0,0,Non-Functional,"LCD MONITOR ACER, keyboard, mouse, Ncomputing,  power supply, interactive whiteboard, projector, ",2026-04-08 09:19:31.375913+00:00
958,108095,2026-17764,BATCH 2020,2021,DepEd (DCP),1,0,1,Functional,Lapel - not functional,2026-04-08 09:19:32.576043+00:00
928,300575,2026-11853,Batch 2022-01,2024,DepEd (DCP),46,0,1,Functional,"2 Routers, 2 Storage Carts, 1 External HD, 1 Flash Drive (Recovery Disk)",2026-04-08 08:42:24.793127+00:00
959,108095,2026-17764,Batch 2021,2022,DepEd (DCP),4,0,0,Functional,Hard drive,2026-04-08 09:19:33.655186+00:00
960,108095,2026-17764,BATCH 2023,2024,DepEd (DCP),5,0,0,Functional,"Headset, mouse, flashdrive- not functional",2026-04-08 09:19:34.787964+00:00
929,300575,2026-11853,Batch 2019-02,2021,DepEd (DCP),51,0,1,Functional,"1 TP Link AC1900, 2 EnPower Pro Series Features, 1 Epson 3150",2026-04-08 08:42:25.205258+00:00
930,300575,2026-11853,Batch 2019-03: E-textbooks,2021,DepEd (DCP),0,50,0,Non-Functional,,2026-04-08 08:42:25.393139+00:00
931,300575,2026-11853,Technical Drafting (NC II)- Laptop Computer,2026,DepEd (DCP),22,0,0,Functional,"1 Canon Pixma G3780 Multifunction Inkjet Printer, 22 Coby Headset, 22 Coby Laptop bag, 22 Coby wireless optical mouse",2026-04-08 08:42:25.677355+00:00
936,102159,2026-10110,44,2019,DepEd (DCP),1,50,0,Non-Functional,unserviceable,2026-04-08 08:51:49.992817+00:00
962,312961,2026-33917,2024-01,2024,DepEd (DCP),46,0,1,Functional,"Wireless outer, external HDD",2026-04-08 09:20:24.479026+00:00
3525,105235,2026-14076,Batch 29,2016,DepEd (DCP),1,0,0,Functional,Projector,2026-04-13 07:40:27.799451+00:00
2050,301549,2026-04548,BATCH 1,2024,DepEd (DCP),46,0,1,Functional,,2026-04-10 06:05:28.404169+00:00
1133,301668,2026-05658,Batch 2022-1,2022,DepEd (DCP),46,0,1,Functional,"1 router,1 hard drive",2026-04-09 00:48:40.015681+00:00
966,301684,2026-05767,2024,2024,DepEd (DCP),2,0,0,Functional,,2026-04-08 09:22:08.813453+00:00
2101,305129,2026-00997,Batch 2023-01,2024,DepEd (DCP),46,0,0,Functional,,2026-04-10 06:29:05.119799+00:00
3569,501440,2026-29692,46,2023,DepEd (DCP),44,0,2,Functional,,2026-04-13 07:55:52.877152+00:00
2123,301505,2026-19809,DCP20-R4A-008381,2022,DepEd (DCP),46,0,1,Functional,,2026-04-10 06:52:30.235917+00:00
1992,309517,2026-23108,2024-01,2024,DepEd (DCP),46,0,1,Functional,,2026-04-10 05:22:04.125464+00:00
937,108384,2026-18110,Batch 1,2021,DepEd (DCP),0,50,0,Functional,,2026-04-08 08:54:38.748550+00:00
968,320301,2026-07416,Batch 33,2024,DepEd (DCP),46,0,2,Functional,,2026-04-08 09:24:04.944014+00:00
1007,306191,2026-31024,Batch 2023-01: eLearning Cart Package,2024,DepEd (DCP),46,0,1,Functional,"Routers, External Hard Drive, headset, mouse, usb",2026-04-08 11:05:31.023564+00:00
974,343604,2026-30186,Batch 39,2024,DepEd (DCP),46,0,1,Functional,,2026-04-08 09:32:54.311043+00:00
977,120190,2026-33767,batch 44,2018,DepEd (DCP),0,0,0,Non-Functional,Cpu outdated and mostly not functional,2026-04-08 09:49:38.772206+00:00
3445,305470,2026-07618,DCP Batch 2023-01,2023,DepEd (DCP),51,0,1,Functional,,2026-04-13 07:08:46.153414+00:00
5503,116394,2026-29004,BATCH 2023-03: LAPTOP FOR TEACHING,2023,DepEd (DCP),5,0,0,Functional,,2026-04-15 06:34:59.340756+00:00
980,301698,2026-05831,2022-01,2024,DepEd (DCP),46,0,1,Functional,"2 units TP-Link Archer AX12, 2 units TSDI Charging Cart, 1 unit Silicon Power Armor A60",2026-04-08 09:51:13.704573+00:00
3527,105235,2026-14076,Batch 2023_02 Smart Tv package,2024,DepEd (DCP),0,0,5,Functional,External Hard drive,2026-04-13 07:40:27.812577+00:00
1018,100553,2026-08220,Batch 40,2018,DepEd (DCP),1,0,0,Functional,,2026-04-08 12:02:43.534869+00:00
1025,100856,2026-08554,DCP 2021,2022,DepEd (DCP),4,0,0,Functional,,2026-04-08 12:23:01.713848+00:00
969,100141,2026-07765,Batch 2025-02,2025,DepEd (DCP),0,0,5,Functional,,2026-04-08 09:25:04.951636+00:00
970,100141,2026-07765,DCP 2025 Packages (Laptop for Teaching L4T) Lot 2),2025,DepEd (DCP),5,0,0,Functional,,2026-04-08 09:25:04.959994+00:00
967,304487,2026-43821,Lot 8: IT PACKAGE,2019,DepEd (DCP),0,50,0,Functional,,2026-04-08 09:23:19.251165+00:00
986,301646,2026-05374,DEPEDDCP BATCH 41,2019,DepEd (DCP),1,50,0,Functional,ALL LAPTOP AND TABLETS INCLUDED ARE FOR REPAIR.,2026-04-08 10:15:33.820779+00:00
987,301646,2026-05374,DEPED DCP BATCH 42,2024,DepEd (DCP),46,0,1,Functional,7 LAPTOPS ARE FOR REPAIR/NOT FUNCTIONAL.,2026-04-08 10:15:33.832763+00:00
988,301711,2026-05742,BATCH 44,2024,DepEd (DCP),46,0,2,Functional,"Routers, Headphone, Hard Drive, USB",2026-04-08 10:18:14.960766+00:00
989,501774,2026-41597,2023-01,2023,DepEd (DCP),46,25,15,Functional,,2026-04-08 10:19:49.977182+00:00
990,500287,2026-44566,BATCH 2022 – 01: E-LEARNING CART PACKAGE,2023,DepEd (DCP),46,0,1,Functional,"ROUTER, STORAGE CART, EXTERNAL HARD DRIVE, HEADPHONES",2026-04-08 10:20:51.304305+00:00
991,501062,2026-42769,BATCH 2023,2024,DepEd (DCP),54,0,1,Functional,"ROUTERS, EXTERNAL HARD DRIVE & HEADSET",2026-04-08 10:27:23.663644+00:00
7134,301326,2026-18781,batch 36,2024,DepEd (DCP),46,0,0,Non-Functional,"external drive,routers",2026-04-20 13:03:54.863371+00:00
983,501169,2026-15860,BATCH 2022,2022,DepEd (DCP),46,0,0,Functional,,2026-04-08 10:06:44.711099+00:00
994,308201,2026-19541,Batch 2019-03,2021,DepEd (DCP),50,0,0,Functional,,2026-04-08 10:40:29.618872+00:00
995,308201,2026-19541,Batch 36,2018,DepEd (DCP),44,0,0,Functional,,2026-04-08 10:40:29.626296+00:00
996,308201,2026-19541,Batch 27,2015,DepEd (DCP),42,0,0,Functional,,2026-04-08 10:40:29.638381+00:00
975,106451,2026-15502,BII-CB030-C125 LOT 2,2018,DepEd (DCP),0,50,0,Functional,,2026-04-08 09:39:19.455687+00:00
998,306012,2026-11244,DCP PACKAGE- ELC 2 BATCH 2023-01,2023,DepEd (DCP),45,0,1,Functional,"HEADPHONES, MOUSE, BAGS",2026-04-08 10:41:52.338828+00:00
1000,301728,2026-06213,Batch 36,2018,DepEd (DCP),45,0,0,Functional,,2026-04-08 10:43:29.726206+00:00
1001,301728,2026-06213,Batch 2022-01,2022,DepEd (DCP),46,0,1,Functional,,2026-04-08 10:43:29.732917+00:00
1002,301728,2026-06213,Batch 33,2016,DepEd (DCP),42,0,0,Functional,,2026-04-08 10:43:29.737669+00:00
1024,117572,2026-30351,7,2023,DepEd (DCP),2,16,1,Functional,,2026-04-08 12:22:52.229040+00:00
1990,308130,2026-19375,Batch E Learning Package,2024,DepEd (DCP),45,0,1,Functional,"Routers
Adapters
Headphone
Mouse",2026-04-10 05:21:18.174500+00:00
1004,301794,2026-06656,2023-01,2024,DepEd (DCP),46,0,0,Functional,"46 Head sets, 46 optical wireless mouse, 46 carrying bag, 2 wireless router, 2 charging cart, 1 hard disk drive ",2026-04-08 10:59:55.831006+00:00
1011,309112,2026-05554,Batch 35,2024,DepEd (DCP),46,0,1,Functional,"Wireless routers, External Drive",2026-04-08 11:19:45.282823+00:00
1191,300662,2026-12728,Batch 2,2021,DepEd (DCP),0,50,0,Functional,,2026-04-09 02:40:22.499284+00:00
1009,306273,2026-33695,2,2024,DepEd (DCP),50,0,1,Functional,"router, adaptor, headset",2026-04-08 11:16:51.714467+00:00
979,501284,2026-44729,batch 44,2024,DepEd (DCP),44,0,0,Functional,,2026-04-08 09:50:55.025936+00:00
1010,301128,2026-19984,2022-01,2024,Other,46,0,1,Functional," 1 external hard drive, 46 headsets, 46 wireless mouse, 2 TP Link wireless router Archer, 46  laptop bags, 46 mouse pads, 2 meters USB cable 3.0",2026-04-08 11:18:53.416598+00:00
971,301703,2026-06362,BATCH 44,2024,DepEd (DCP),46,0,0,Functional,,2026-04-08 09:25:05.279769+00:00
1012,301772,2026-06630,Batch2023-eLearning Cart Package,2024,DepEd (DCP),46,0,1,Functional,"Carrying Bag, Mouse, Headphone, Flashdrive,Charging Cart, ",2026-04-08 11:42:32.453712+00:00
1192,300662,2026-12728,Batch 3,2021,DepEd (DCP),50,0,0,Functional,,2026-04-09 02:40:22.505431+00:00
1013,300991,2026-15625,ECart 2022,2022,DepEd (DCP),46,0,1,Functional,Wireless Router and HDD,2026-04-08 11:49:25.896346+00:00
1014,300991,2026-15625,ECart 2024,2024,DepEd (DCP),46,0,1,Functional,"Router, HDD",2026-04-08 11:49:25.902291+00:00
1015,102173,2026-10128,eLearning Cart Package,2024,DepEd (DCP),45,0,1,Functional,"Modem/ Router, External Hard drive, Mouse, Headphones",2026-04-08 11:53:25.790482+00:00
2055,304097,2026-40417,DCP Package 2022,2024,DepEd (DCP),46,0,1,Functional,,2026-04-10 06:08:33.229079+00:00
1137,102202,2026-10161,DCP 2024-eLC,2024,DepEd (DCP),46,0,0,Functional,,2026-04-09 00:56:05.423582+00:00
985,999197,999197,10,2023,DepEd (DCP),10,10,7,Functional,,2026-04-08 10:14:03.991917+00:00
1017,502111,2026-16061,DCP 2023,2024,DepEd (DCP),46,0,1,Functional,,2026-04-08 11:54:46.764319+00:00
1020,113680,2026-26750,2019 DCP-01,2020,DepEd (DCP),1,50,1,Functional,,2026-04-08 12:15:16.261135+00:00
3580,305133,2026-01277,2019-02:JHS/SHS ICT PACKAGE - Lot 1,2021,DepEd (DCP),51,0,1,Functional,"TPLINK, PRINTER",2026-04-13 08:05:18.486663+00:00
1023,307111,2026-16122,2024,2024,DepEd (DCP),46,0,1,Functional,"With routers, mouses, TV stand.",2026-04-08 12:20:28.906560+00:00
973,302148,2026-26729,FY 2024 eLC Secondary Schools & FY 2023 eLC Secondary Schools,2024,DepEd (DCP),92,0,2,Functional,"TP Link Archer Router, 64GB Flash USB Drive, 5TB Extended HDD",2026-04-08 09:32:05.049678+00:00
1022,160516,2026-16116,Batch 26,2015,DepEd (DCP),0,0,0,Non-Functional,"Projector (2), monitor (6), speaker (1), CPU (1), Mouse (1)",2026-04-08 12:20:25.906863+00:00
999,501736,2026-10492,Batch 2022,2024,DepEd (DCP),46,0,1,Functional,,2026-04-08 10:43:03.629620+00:00
997,108166,2026-17845,1,2020,DepEd (DCP),0,30,0,Functional,,2026-04-08 10:41:02.077808+00:00
3634,301516,2026-19899,DCP BATCH 2020 JHS.SHS ICT PACKAGE LOT 3,2019,DepEd (DCP),51,0,1,Functional,,2026-04-13 08:30:41.665115+00:00
1993,301902,2026-23646,Batch 2019,2019,DepEd (DCP),1,50,0,Functional,,2026-04-10 05:23:36.831942+00:00
1028,306127,2026-12056,Batch 44,2025,DepEd (DCP),60,0,0,Functional,Headphones,2026-04-08 12:39:38.671726+00:00
2056,305638,2026-22500,DCP 2022,2024,DepEd (DCP),46,0,1,Functional,"Wireless Router, External Hard Drive, Flash drive",2026-04-10 06:09:20.087259+00:00
5148,500169,2026-26444,Batch 22-01,2024,DepEd (DCP),46,0,1,Functional,"2 Wireless routers, 2 storage charging cart, 1 external hard drive",2026-04-15 01:17:18.743578+00:00
3447,500526,2026-40459,Batch 2022 (ELC Package),2024,DepEd (DCP),46,0,1,Functional,"Router, mouse, headset, bag, charger",2026-04-13 07:09:49.537198+00:00
1245,304848,2026-05898,DEPED DCP E-Learning,2024,DepEd (DCP),46,0,1,Functional,,2026-04-09 04:01:22.412552+00:00
2102,303451,2026-36379,2023:01,2025,DepEd (DCP),46,0,1,Functional,"Routers, headphones, mouse, & bags",2026-04-10 06:29:59.895620+00:00
2103,303451,2026-36379,Batch 2024:01,2025,DepEd (DCP),46,0,1,Functional,"Routers, headphones, mouse, & bags",2026-04-10 06:29:59.910153+00:00
1039,303916,2026-22688,2018-1 (2018-10-ICTSS3 009&010)-B11-CB030-C051/LOT6 (Region 8&9),2018,DepEd (DCP),1,50,0,Functional,,2026-04-08 13:05:01.034801+00:00
1045,303829,2026-21975,2023,2023,DepEd (DCP),45,15,1,Functional,LAPTOPS ARE ALREADY NOT WORKING 5/45,2026-04-08 13:24:00.741761+00:00
1097,302828,2026-31338,Batch 46,2025,DepEd (DCP),3,0,1,Functional,"Routers. headphones, mouse, CCTV camera, biometric scanners",2026-04-08 15:28:22.681695+00:00
5321,131502,2026-02451,Batch 2024,2024,DepEd (DCP),46,0,1,Functional,"2 routers, 2 units storage cart Pixpro charge station max CSTN",2026-04-15 03:28:40.329034+00:00
1040,300415,2026-10502,Batch,2023,DepEd (DCP),50,0,0,Functional,,2026-04-08 13:14:00.652365+00:00
1041,300415,2026-10502,Batch,2021,DepEd (DCP),0,49,0,Non-Functional,,2026-04-08 13:14:00.668807+00:00
1042,108270,2026-17944,Batch 2020,2020,DepEd (DCP),1,0,1,Functional,Headphones,2026-04-08 13:16:27.348971+00:00
1043,108270,2026-17944,Batch 2022,2022,DepEd (DCP),5,0,0,Functional,,2026-04-08 13:16:27.355949+00:00
1044,108270,2026-17944,Batch 26,2015,DepEd (DCP),0,0,0,Non-Functional,Not Functional for Condemn,2026-04-08 13:16:27.361100+00:00
811,307924,2026-17900,BATCH 2019-03 LOT3,2021,DepEd (DCP),1,50,0,Functional," 1 PC WIRELESS ROUTER TP-LINK ARCHER C9
 51 PCS COBY SM364AG WIRELESS MOUSE AND MOUSE PAD",2026-04-08 05:58:17.334383+00:00
812,307924,2026-17900,BATCH 2022-01: ELEARNING CART PACKAGE,2024,DepEd (DCP),46,0,1,Functional,"1 PC ADTA EXTERNAL HARD DRIVE HD701P (PRO)
46 PCS COBY HEADSET CD128
46 PCSS WIRELESS MOUSE SM-364AG
46 PCS LAPTOP BAG
46 PCS MOUSE PAD
2 PCS TPLINK WIRELESS ROUTER ARCHER AX12
TV MOUNTING KIT FOR EXTERNAL HDD + 2 METERS USB CBALE 3.0",2026-04-08 05:58:18.563951+00:00
813,307924,2026-17900,DCP BATCH 2020: MULTIMEDIA PACKAGE,2022,DepEd (DCP),1,0,1,Non-Functional,"1 PC MAOMO AU-CO1 LAPEL SPEAKER
CHARGING STATION NOT INCLUDED IN THE PACKAGE",2026-04-08 05:58:20.040417+00:00
814,307924,2026-17900,DCP BATCH 35-36,2018,DepEd (DCP),2,0,0,Non-Functional,"42 PCS THIN CLIENT: SHARE THIN CLIENT FL300
42 PCS ACER MONITOR FOR THIN CLIENT
42 PCS KEYBOARD/MOUSE/HEADSET
3 HOST PC MONITOR (ACER)
2 HOST PC ACER VERITON
2 PCS ACER PROJECTOR
2 PCS LAPTOP MOUSE
2 PCS PROJECTOR MOUNTING BRACKET
2 PCS PROJECTOR SCREEN
7 AVR SUPREMO
3 PCS UPS
1 SPEAKER
1 HP DESKJET PRINTER
NO CHARGING STATION
",2026-04-08 05:58:21.408861+00:00
815,307924,2026-17900,DCP BATCH 2023-03 LAPTOP FOR TEACHING,2024,DepEd (DCP),5,0,0,Non-Functional,"5 PCS PROMATE WIRELESS OPTICAL MOUSE
5 PCS PROMATE HEADSET
1 PC USB RECOVERY FLASH DRIVE
NO CHARGING STATION NEEDED",2026-04-08 05:58:22.862064+00:00
816,307924,2026-17900,2025 LOCAL GUIDING SERVICES NCII FRONT OFFICE SERVICES,2026,DepEd (DCP),14,0,0,Non-Functional,"1 PC CANON PIXMA INKJET PRINTER
14 PCS COBY HEADSET
14 PCS COBY WIRELESS OPTICAL MOUSE
1 PC USB FLASHDRIVE (RECOVERY SOFTWARE)
CHARGING PORT NOT NEEDED",2026-04-08 05:58:24.222844+00:00
817,307924,2026-17900,LOT 2 LAPTOP FOR TEACHING PACKAGE,2025,DepEd (DCP),5,0,0,Non-Functional,CHARGING PORT NOT NEEDED,2026-04-08 05:58:25.709066+00:00
819,307924,2026-17900,CHERRY MOBILE AQUA TAB ULTRA,2023,DepEd (DCP),0,10,0,Non-Functional,NO CHARGING PORT NEEDED,2026-04-08 05:58:28.788347+00:00
820,307924,2026-17900,CHERRY MOBILE AQUA TAB ULTRA,2022,DepEd (DCP),0,21,0,Non-Functional,NO CHARGING PORT NEEDED,2026-04-08 05:58:29.998967+00:00
821,307924,2026-17900,LENOVO TAB M10 HD GEN 2,2022,DepEd (DCP),0,16,0,Non-Functional,NO CHARGING PORT NEEDED,2026-04-08 05:58:31.026617+00:00
822,307924,2026-17900,CHERRY PULSE TABLET,2022,DepEd (DCP),0,7,0,Non-Functional,NO CHARGING PORT NEEDED,2026-04-08 05:58:32.165192+00:00
823,307924,2026-17900,WIZPAD VALUER V8B TABLET,2021,DepEd (DCP),0,11,0,Non-Functional,NO CHARGING PORT NEEDED,2026-04-08 05:58:32.994075+00:00
824,307924,2026-17900,WIZPAD TABLET,2021,DepEd (DCP),0,10,0,Non-Functional,NO CHARGING PORT NEEDED,2026-04-08 05:58:33.936902+00:00
1073,303207,2026-33692,Batch 2022-01,2022,DepEd (DCP),46,0,1,Functional,"Wireless Mouse, USB 64GB, Router",2026-04-08 14:08:12.584418+00:00
1026,100856,2026-08554,DCP 2024,2024,DepEd (DCP),5,0,0,Functional,,2026-04-08 12:23:01.719551+00:00
1116,118843,2026-31883,2023-1,2023,DepEd (DCP),46,0,1,Functional,"Optical mouses, headphones, carrying bags, charging carts, wireless routers, usb flashdrive, rugged mini 5TB",2026-04-08 21:54:02.577273+00:00
1118,100047,2026-07675,2024,2024,DepEd (DCP),46,0,1,Functional,"46 Headphones, 2 WiFi routers, 1 external hard drive (5TB)",2026-04-08 22:18:38.527811+00:00
1135,301014,2026-16075,DCP 2019-03: E-Textbooks,2019,DepEd (DCP),1,50,0,Functional,,2026-04-09 00:53:43.021695+00:00
1136,301014,2026-16075,DCP 2024-Package 1-e-Learning Cart,2024,DepEd (DCP),46,0,1,Functional,,2026-04-09 00:53:43.031425+00:00
1153,309124,2026-06053,44,2025,DepEd (DCP),46,0,0,Functional,"2 routers, 46 headsets, 46 mouses",2026-04-09 01:28:26.452861+00:00
1168,308804,2026-04494,Batch 44 -2024,2024,DepEd (DCP),51,0,1,Functional,"Router, Headphone and adopter",2026-04-09 02:05:24.256629+00:00
1231,125936,2026-22443,Batch 2024,2024,DepEd (DCP),46,0,5,Functional,,2026-04-09 03:38:49.136927+00:00
1179,300089,2026-10405,DCP Batch 22-01,2022,DepEd (DCP),46,0,1,Functional,"with headset,mouse,smart TV,router,storage cart",2026-04-09 02:23:20.733622+00:00
1193,300662,2026-12728,Batch 3,2021,DepEd (DCP),0,50,0,Functional,,2026-04-09 02:40:22.512909+00:00
6163,500500,2026-07223,Batch 1,2024,DepEd (DCP),0,0,0,Functional,Charging Carts,2026-04-16 07:41:35.154710+00:00
1037,108154,2026-17830,Batch 2019,2021,DepEd (DCP),1,50,1,Functional,"Headphones, mouse, modem/ router",2026-04-08 13:04:36.293893+00:00
1223,501225,2026-15923,Batch 2019-03: eTextbooks,2019,DepEd (DCP),0,45,0,Functional,,2026-04-09 03:27:09.088388+00:00
1238,100327,2026-07988,Batch 26,2015,DepEd (DCP),0,0,0,Non-Functional,,2026-04-09 03:57:06.763405+00:00
1038,501227,2026-15862,DCP BATCH 2019-03:E-Textbooks,2020,DepEd (DCP),1,50,0,Functional,Router,2026-04-08 13:04:46.678227+00:00
1253,312335,2026-31643,DCP ,2015,DepEd (DCP),46,0,1,Functional,"Routers, Headphones, Bag and External Hardrive ",2026-04-09 04:30:44.929989+00:00
1019,100553,2026-08220,Batch 42,2018,DepEd (DCP),2,0,2,Functional,,2026-04-08 12:02:43.541701+00:00
1395,302863,2026-30855,Batch 27-28,2018,DepEd (DCP),3,50,1,Functional,"routers, laptops and desktop are damage due to typhoon audit; batterie are drained due to covid lockdown.",2026-04-09 11:38:40.693200+00:00
1397,316534,2026-44249,2023 DCP e-LC,2024,DepEd (DCP),46,0,1,Functional,"2 wireles routers
1 external hard drive",2026-04-09 12:07:41.319231+00:00
1408,316531,2026-44229,DCP LAPTOPS,2024,DepEd (DCP),47,0,1,Functional,"2 routers, headphones, mouse ",2026-04-09 12:30:16.012298+00:00
1402,303126,2026-33536,DCP Batch 36,2016,DepEd (DCP),0,0,0,Functional,"Host PC, Thin Clients, UPS, AVR, Speaker",2026-04-09 12:24:15.494337+00:00
1403,303126,2026-33536,Black Tablets,2022,DepEd (DCP),0,29,0,Non-Functional,"Tablet, Stylus Pen, Bluetooth Keyboard, Charger, Bag",2026-04-09 12:24:15.498986+00:00
1404,303126,2026-33536,PC Tablets,2019,DepEd (DCP),1,50,0,Non-Functional,"Tablet PC, Charging Storage Cart, Wireless Router Linksys, Laptop Coby",2026-04-09 12:24:15.503291+00:00
1400,303163,2026-33187,Elearning Cart,2024,DepEd (DCP),46,0,1,Functional,"Routers, headphones, mouse",2026-04-09 12:23:15.907746+00:00
1401,303163,2026-33187,ETAB,2019,DepEd (DCP),1,50,0,Functional,"Headphones, mouse, router",2026-04-09 12:23:15.913491+00:00
1396,305679,2026-43435,Batch 45,2024,DepEd (DCP),49,0,1,Functional,"1 router, 46 headphones and 46 chargers",2026-04-09 12:01:16.130509+00:00
3448,306110,2026-11711,DCP 44,2024,DepEd (DCP),50,0,0,Functional,,2026-04-13 07:09:52.374093+00:00
1398,316550,2026-44144,Batch 2024-01: ELEARNING CART PACKAGE,2024,DepEd (DCP),46,0,1,Functional,"charging cart, modem/router,headphones, mouse, chargers",2026-04-09 12:10:00.966722+00:00
2104,301552,2026-04593,Batch 2023-01/ Batch 2022-01,2024,DepEd (DCP),51,0,1,Functional,"Headset, mouse, Bag, Flash drive, charging cart",2026-04-10 06:30:04.128647+00:00
3528,313716,2026-38019,BATCH 2022,2024,DepEd (DCP),46,0,1,Functional,,2026-04-13 07:40:48.706266+00:00
2377,300146,2026-08800,Batch 44,2023,DepEd (DCP),46,0,0,Functional,,2026-04-10 09:39:12.521386+00:00
2161,118750,2026-31809,E-CART 2023,2023,DepEd (DCP),5,0,1,Functional,,2026-04-10 07:12:29.988011+00:00
2162,118750,2026-31809,E-CART 2022,2022,DepEd (DCP),46,0,0,Functional,,2026-04-10 07:12:29.994604+00:00
7135,114719,2026-26886,Batch 2019-01,2019,DepEd (DCP),1,50,0,Non-Functional,,2026-04-20 13:14:47.233883+00:00
2211,303256,2026-34310,36,2022,DepEd (DCP),0,46,1,Functional,2 wireless routers,2026-04-10 07:42:59.874357+00:00
2224,306940,2026-16701,22,2022,DepEd (DCP),46,0,1,Functional,"Routers, headphones, mouse",2026-04-10 07:52:25.233725+00:00
3582,300136,2026-08669,Batch 2024-01,2024,DepEd (DCP),46,0,1,Functional,"Headset, External hard drive, laptop bag, mouse pad, mouse, ",2026-04-13 08:06:47.764201+00:00
3624,300086,2026-08485,eLearning Cart Package ,2024,DepEd (DCP),46,0,2,Functional,Routers,2026-04-13 08:26:58.483882+00:00
3625,300086,2026-08485,JHS/SHS ICT PACKAGE,2021,DepEd (DCP),57,0,0,Functional,,2026-04-13 08:26:58.489319+00:00
2263,301548,2026-04574,2022-01,2024,DepEd (DCP),46,0,1,Functional,,2026-04-10 08:04:36.041029+00:00
2265,301662,2026-05585,BATCH 2023-01: ELEARNING CART PACKAGE,2024,DepEd (DCP),46,0,1,Functional,,2026-04-10 08:04:55.968213+00:00
2275,301850,2026-23060,Batch 2022,2022,DepEd (DCP),46,0,1,Functional,"Charging Carts-2
Wireless Router -2
External HDD-1",2026-04-10 08:08:07.579100+00:00
2295,301840,2026-23323,Batch 2023-01,2024,DepEd (DCP),46,0,1,Functional,"VLT24 Charging Cart, TP Link ArcherAX12 Wireless Router, Mini 5TB ExtHDD",2026-04-10 08:28:42.563822+00:00
2186,305883,2026-42168,Batch 2022-01: eLearning Cart Package,2024,DepEd (DCP),46,0,1,Functional,"Headphones, Routers, Mouse, Hard Drive",2026-04-10 07:35:10.181424+00:00
2438,302140,2026-25221,"BATCH 2019-03, LOT 4",2021,DepEd (DCP),1,50,0,Non-Functional,,2026-04-10 10:40:14.663362+00:00
2322,300061,2026-08294,batch 50,2024,DepEd (DCP),46,0,3,Functional,,2026-04-10 08:58:18.648239+00:00
5149,305908,2026-40875,Batch 24,2024,DepEd (DCP),46,0,1,Functional,,2026-04-15 01:18:36.391999+00:00
478,118012,2026-30933,batch ,2024,DepEd (DCP),46,0,1,Functional,"routers, 64 GB USB Flash drive
Acer Travelmate P214-41
Optical Mouse
Charging Cart
Headset
TP Link Wireless
Rugged MNI 5TB EXT
XTRIX SMART TV W/ TV STAND REMOTE W/ BTTERY, HDMI CABLE, WALL MOUNT, HDD MOUNT
Acer Travelmate P214-41 AMD RYZEN 5 8GB 512 GB W11 PRO
DELUX M 39 WIRELESS MOUSE
GOODNESS HEADSET
64 GB FLASH DRIVE

",2026-04-07 07:41:52.579489+00:00
2251,501983,2026-44769,BATCH 44,2018,DepEd (DCP),1,50,0,Functional,2 CHARGING STATIONS AND 1 ROUTER,2026-04-10 08:00:42.918973+00:00
2252,501983,2026-44769,BATCH 36,2013,DepEd (DCP),2,0,0,Functional,"44 MIRROR SCREEN, 2 SERVER, 2 PIXMA PROJECTOR",2026-04-10 08:00:42.925563+00:00
2253,501983,2026-44769,DCP 2025,2025,DepEd (DCP),5,0,0,Non-Functional,,2026-04-10 08:00:42.933596+00:00
2254,501983,2026-44769,DCP BATCH 2020,2021,DepEd (DCP),1,0,1,Non-Functional,1 LAPEL,2026-04-10 08:00:42.940406+00:00
2255,501983,2026-44769,DCP BATCH 2021,2022,DepEd (DCP),2,0,2,Non-Functional,2 LAPEL,2026-04-10 08:00:42.946092+00:00
2374,309012,2026-05534,DCP BATCH 2022,2024,DepEd (DCP),46,0,1,Functional,"Routers, Headphone, Charger Adapter, bluetooth",2026-04-10 09:38:55.364804+00:00
2389,304288,2026-42239,BATCH 2024-01,2024,DepEd (DCP),50,0,1,Functional,,2026-04-10 09:47:22.825008+00:00
2460,501746,2026-08468,Batch 2022-01,2024,DepEd (DCP),46,0,0,Functional,,2026-04-10 11:15:52.469852+00:00
2467,112107,2026-23474,2018-01,2018,DepEd (DCP),1,50,0,Non-Functional,,2026-04-10 11:27:52.915300+00:00
2482,500514,2026-15963,DCP 2024 ELC,2024,DepEd (DCP),46,0,0,Functional,,2026-04-10 11:57:21.013486+00:00
2427,304091,2026-40606,DCP 2023 batch 2023-01,2024,DepEd (DCP),46,0,1,Functional,Router,2026-04-10 10:24:59.195711+00:00
2336,300274,2026-09819,batch 2022-01,2024,DepEd (DCP),46,0,1,Functional,"Includes Router, External Hard Drive, FLashdrive",2026-04-10 09:10:06.694511+00:00
2452,310202,2026-26459,Batch 2024-01: Elearning Cart Package,2024,DepEd (DCP),46,0,1,Functional,,2026-04-10 11:07:29.471850+00:00
2501,300476,2026-10788,Multimedia Package,2020,DepEd (DCP),1,0,0,Functional,,2026-04-10 12:17:03.160653+00:00
2502,300476,2026-10788,JHS/SHS ICT PACKAGE,2019,DepEd (DCP),1,0,1,Functional,,2026-04-10 12:17:03.166725+00:00
2503,300476,2026-10788,e-Textbooks,2019,DepEd (DCP),1,50,0,Functional,,2026-04-10 12:17:03.172410+00:00
2504,300476,2026-10788,eLearning Cart Package,2022,DepEd (DCP),50,0,1,Functional,,2026-04-10 12:17:03.178053+00:00
2505,300476,2026-10788,Laptop for Teaching,2024,DepEd (DCP),5,0,0,Functional,,2026-04-10 12:17:03.184046+00:00
2523,301886,2026-23618,2022-01,2022,DepEd (DCP),23,0,0,Functional,,2026-04-10 12:44:57.514890+00:00
2537,500608,2026-08981,e-Learning Cart Package,2022,DepEd (DCP),46,0,0,Functional,,2026-04-10 13:02:57.184640+00:00
2540,302105,2026-25065,Batch 2023,2024,DepEd (DCP),46,0,1,Functional,,2026-04-10 13:12:07.246223+00:00
5150,300154,2026-08893,Batch 2023,2024,DepEd (DCP),46,0,1,Functional,,2026-04-15 01:20:11.803962+00:00
1409,120446,2026-33938,19,2019,DepEd (DCP),0,0,0,Non-Functional,,2026-04-09 12:30:30.651387+00:00
1410,120446,2026-33938,batch 40,2020,DepEd (DCP),2,0,2,Non-Functional,,2026-04-09 12:30:30.656137+00:00
1411,301019,2026-15900,Batch 2019,2019,DepEd (DCP),0,50,0,Functional,,2026-04-09 12:38:33.466353+00:00
1412,301019,2026-15900,Batch 2025 ELC,2025,DepEd (DCP),46,0,1,Functional,,2026-04-09 12:38:33.471750+00:00
1417,107997,2026-17630,Batch 26,2015,DepEd (DCP),1,0,0,Non-Functional,"Not functional due to robbery incident that was reported, Stolen/missing parts of the package",2026-04-09 12:42:48.695555+00:00
1418,107997,2026-17630,DCP 2020,2022,DepEd (DCP),1,0,1,Functional,,2026-04-09 12:42:48.700541+00:00
1995,301194,2026-20260,Batch 2022-01,2024,DepEd (DCP),46,0,1,Functional,"Headset-46pcs.
Wireless Mouse-46pcs.
Laptop Bag-46pcs.
Mouse Pad-46pcs.
Charging Cart Chargestation Max-2 units
Wireless Router-2pcs.
TV Mounting Kit + 1 meter USB-1 pc.
USB (Flashdrive) Recovery-1 pc.",2026-04-10 05:24:40.301784+00:00
1421,500555,2026-16463,DCP 2022 Package 1 - E Learning Package,2024,DepEd (DCP),46,0,1,Functional,"With 2 Charging carts, 2 wireless routers, and 1 external hard drive",2026-04-09 12:53:32.563705+00:00
1422,304070,2026-40498,DCP BATCH 2022-ELC,2024,DepEd (DCP),46,0,1,Functional,"router, headset, mouse , bag",2026-04-09 13:08:49.497686+00:00
1415,106457,2026-15508,E-TEXTBOOKS SO#19-PC0008 SWPS#175103,2019,DepEd (DCP),1,50,0,Functional,Includes 1 Pocket WiFi,2026-04-09 12:42:03.972996+00:00
1425,106472,2026-15526,DCP,2020,DepEd (DCP),50,0,0,Non-Functional,,2026-04-09 13:21:16.646945+00:00
1426,501159,2026-21397,Batch 2022-01,2024,DepEd (DCP),46,0,1,Functional,,2026-04-09 13:21:51.574037+00:00
1432,118437,2026-31446,1,2024,DepEd (DCP),49,0,6,Functional,,2026-04-09 13:28:28.082888+00:00
1433,118437,2026-31446,1,2024,DepEd (DCP),49,0,6,Functional,,2026-04-09 13:28:28.087849+00:00
1996,301194,2026-20260,DCP 2021,2022,DepEd (DCP),4,0,0,Non-Functional,"Mouse-4 pcs.
Headset-4 pcs.
External Hard Drive-4 pcs.
HDD-4 pcs.
Mousepad-4 pcs.
Laptop Bag-4 pcs.
USB 64GB-1 pc.",2026-04-10 05:24:40.307538+00:00
5151,300154,2026-08893,Batch 2024,2024,DepEd (DCP),46,0,1,Functional,,2026-04-15 01:20:11.810882+00:00
1441,300255,2026-09509,E cart,2022,DepEd (DCP),40,0,1,Functional,,2026-04-09 13:42:59.779019+00:00
1442,325701,2026-41387,Batch 1,2024,DepEd (DCP),46,0,1,Functional,,2026-04-09 13:56:35.207482+00:00
1435,502638,2026-20721,Batch 1,2025,DepEd (DCP),42,0,1,Functional,Routers and headphones,2026-04-09 13:30:45.600491+00:00
1443,321003,2026-08682,eLearning Cart Package,2024,DepEd (DCP),46,0,1,Functional,routers,2026-04-09 14:01:23.763059+00:00
1439,316517,2026-43772,Batch 2,2024,DepEd (DCP),46,0,1,Functional,,2026-04-09 13:33:29.656714+00:00
1423,500358,2026-08647,Batch 2024-01,2024,DepEd (DCP),46,0,0,Functional,,2026-04-09 13:13:16.245516+00:00
1445,501947,2026-11376,Batch 39,2024,DepEd (DCP),46,0,1,Functional,,2026-04-09 14:04:57.031841+00:00
1444,300194,2026-09121,Batch 44,2023,DepEd (DCP),46,0,1,Functional,,2026-04-09 14:04:34.344391+00:00
1997,301194,2026-20260,DCP 2020,2021,DepEd (DCP),1,0,1,Non-Functional,Lapel Speaker-1 unit,2026-04-10 05:24:40.318422+00:00
1447,305673,2026-43523,BATCH 2022-01,2023,DepEd (DCP),46,20,0,Functional,,2026-04-09 14:12:13.901453+00:00
1427,101499,2026-09279,Batch 19,2014,DepEd (DCP),0,0,0,Functional,,2026-04-09 13:24:00.688161+00:00
2105,117995,2026-30913,BATCH 2023-01,2024,DepEd (DCP),46,0,1,Functional,"CARRYING BAG, WIRELESS MOUSE, HEADSET, RECOVERY FLASH DRIVE, ROUTER, EXTERNAL HARD DRIVE",2026-04-10 06:30:05.238971+00:00
2060,301150,2026-17454,e-learning CART,2024,DepEd (DCP),46,0,1,Functional,"With Routers, Headphones, Mouse and mouse pad",2026-04-10 06:13:37.300289+00:00
2225,108188,2026-17886,Batch 2019,2021,DepEd (DCP),0,50,0,Functional,,2026-04-10 07:52:41.015257+00:00
1453,316104,2026-43381,Batch 2018,2018,DepEd (DCP),1,50,0,Functional,"2 Functioning Charging Cart, All Tablets are unserviceable.",2026-04-09 14:18:18.585341+00:00
1454,316104,2026-43381,Batch 2024,2024,DepEd (DCP),46,0,1,Functional,"Functioning 2 Charging Carts with 2 routers, USB for Program Recovery, 1 Hard Disk, 46 Laptop Bags, 46 Mouse, 46 Charger, but 2 unit of laptops requires repair.",2026-04-09 14:18:18.590569+00:00
5322,311024,2026-28370,2018,2019,DepEd (DCP),1,50,0,Functional,Charging Stations are functional but many tablets are not already functional. Chargers were also incomplete. 15 tablets are functional but easily become lowbat.,2026-04-15 03:29:20.048390+00:00
3557,305358,2026-07067,Batch 38 (2024),2024,DepEd (DCP),10,0,0,Functional,,2026-04-13 07:50:26.353601+00:00
3581,300136,2026-08669,Batch 2023-01,2024,DepEd (DCP),46,0,1,Functional,"Headset, wireless mouse, external hard drive, laptop bag, mouse pad, mouse",2026-04-13 08:06:47.756943+00:00
5504,301593,2026-04799,BAT CH 1 DEPED REGION IV-B,2024,DepEd (DCP),142,0,47,Functional,,2026-04-15 06:37:26.017488+00:00
1464,500510,2026-16130,Batch 44,2018,DepEd (DCP),50,0,0,Non-Functional,There are only 3 units working and the rest are unserviceable and for disposal.,2026-04-09 14:55:22.057196+00:00
5701,135288,2026-00836,Lot 1: IT Package (E-Textbook),2019,DepEd (DCP),0,50,0,Functional,Tablets are for disposal ,2026-04-15 09:03:54.072363+00:00
2229,316708,2026-45070,2,2024,DepEd (DCP),92,0,2,Functional,"Routers, Headphones, Bags",2026-04-10 07:54:17.605866+00:00
1470,106701,2026-16455,SMART TV,2025,DepEd (DCP),0,0,5,Functional,,2026-04-09 15:09:02.015726+00:00
1431,501569,2026-17253,DCP2022 E-Cart Package,2024,DepEd (DCP),46,0,1,Functional,"Routers, Headphones, Adapters",2026-04-09 13:25:02.845004+00:00
1462,301738,2026-05930,Batch 33,2016,DepEd (DCP),50,0,0,Non-Functional,Not working Netbooks and charging carts.,2026-04-09 14:52:14.990227+00:00
1463,301738,2026-05930,Batch 44,2018,DepEd (DCP),50,0,0,Non-Functional,Not working netbooks and charging carts,2026-04-09 14:52:14.997486+00:00
1424,500358,2026-08647,Batch 2024-02,2024,DepEd (DCP),46,0,0,Functional,,2026-04-09 13:13:16.252136+00:00
1436,500127,2026-15901,Batch 2022-01 E Cart Package,2024,DepEd (DCP),46,0,0,Functional,,2026-04-09 13:33:01.497789+00:00
1437,500127,2026-15901,Samsung tablet,2024,DepEd (DCP),0,26,0,Functional,,2026-04-09 13:33:01.502925+00:00
1438,500127,2026-15901,Samsung smart tv,2024,DepEd (DCP),0,0,1,Functional,,2026-04-09 13:33:01.507352+00:00
1476,111068,2026-06152,Batch 44,2018,DepEd (DCP),0,0,0,Non-Functional,Desktop (package) 12 units unserviceable,2026-04-09 15:28:08.678812+00:00
1465,501078,2026-43539,Batch 22,2024,DepEd (DCP),46,0,1,Functional,,2026-04-09 14:58:18.523208+00:00
1471,106701,2026-16455,DCP 2024,2024,DepEd (DCP),4,0,0,Functional,"MOUSE, HEADSET",2026-04-09 15:09:02.021649+00:00
1472,106701,2026-16455,BATCH 40,2018,DepEd (DCP),1,0,0,Functional,"MOUSE,PROJECTOR,SPEAKER,SLING BAG",2026-04-09 15:09:02.027897+00:00
1585,307933,2026-18005,Batch 2023-01,2024,DepEd (DCP),46,0,1,Functional,"1 HDMI Cable, 1 Portable Storage, 2 Router, 1 5TB Ext HDD",2026-04-10 01:55:17.619391+00:00
1580,502103,2026-08355,DICP-2022-01 eLearning Cart Package,2024,DepEd (DCP),46,0,0,Functional,,2026-04-10 01:53:25.388252+00:00
1477,302184,2026-25859,Batch 44,2024,DepEd (DCP),46,0,1,Functional,"headphones, external mouse",2026-04-09 15:28:31.135603+00:00
5152,500610,2026-09145,Batch 2022-01 ELearning Cart Package,2024,DepEd (DCP),46,0,1,Functional,"2 Router - TP-Link Archer AX12
2 Storage Cart - TNE-LT-Cart-24AC
External Hard Drive-Silicon Power 5TB Armor A62
Flash Drive (Recovery Disk)",2026-04-15 01:22:14.766292+00:00
2100,305129,2026-00997,Batch 42,2019,DepEd (DCP),0,50,0,Functional,,2026-04-10 06:29:05.113160+00:00
5153,301853,2026-23390,2019-02,2019,DepEd (DCP),51,0,1,Functional,"BROTHER PRINTER, TP LINK ROUTER",2026-04-15 01:22:49.160601+00:00
1483,106816,2026-15847,eLearning Cart Package ,2015,DepEd (DCP),1,0,0,Non-Functional,,2026-04-09 16:04:53.307074+00:00
1584,500637,2026-05427,54E,2024,DepEd (DCP),46,0,1,Functional,,2026-04-10 01:54:58.484408+00:00
1489,304231,2026-43254,eLearning Cart Package,2024,DepEd (DCP),46,0,1,Functional,Router & External Hard Drive,2026-04-09 17:16:37.037752+00:00
1485,300581,2026-12039,DCP 2023,2024,DepEd (DCP),46,0,1,Functional,"Headphones, bags, mouse",2026-04-09 16:41:48.332533+00:00
1486,300581,2026-12039,DCP 2019,2021,DepEd (DCP),0,50,1,Functional,"Router, headphones, mouse",2026-04-09 16:41:48.339690+00:00
1490,500889,2026-19674,2022 ELC,2022,DepEd (DCP),46,0,1,Functional,,2026-04-09 18:07:13.231320+00:00
3476,302212,2026-26162,batch 2025,2025,DepEd (DCP),99,0,5,Functional,in good condition,2026-04-13 07:19:17.712819+00:00
3477,126244,2026-22848,Batch 19,2016,DepEd (DCP),1,0,0,Non-Functional,,2026-04-13 07:19:19.413628+00:00
1512,307912,2026-18227,ecart package 2022,2022,DepEd (DCP),46,0,1,Functional,,2026-04-09 23:18:49.811302+00:00
1513,300181,2026-09405,Batch ,2024,DepEd (DCP),46,0,1,Functional,,2026-04-09 23:19:58.171155+00:00
1494,321402,2026-16450,2019,2020,DepEd (DCP),0,50,3,Functional,"ROUTER, EXTERNAL HDD",2026-04-09 20:03:45.099628+00:00
1495,321402,2026-16450,2022,2024,DepEd (DCP),46,0,1,Functional,"ROUTER, EXTERNAL HDD",2026-04-09 20:03:45.106407+00:00
1493,305513,2026-43442,Batch 22,2024,DepEd (DCP),56,0,1,Functional,,2026-04-09 19:55:48.681675+00:00
1480,312918,2026-33745,Batch 2024-1,2024,DepEd (DCP),50,0,1,Functional,,2026-04-09 15:43:48.808718+00:00
1569,310201,2026-26477,Batch 2019-01,2019,DepEd (DCP),1,50,0,Non-Functional,All units are broken,2026-04-10 01:18:30.240380+00:00
1570,310201,2026-26477,Batch 2019-1,2019,DepEd (DCP),1,50,0,Non-Functional,"All units, inclding the laptop,  are broken",2026-04-10 01:18:30.655344+00:00
1499,120059,2026-33726,Batch 26,2016,DepEd (DCP),1,0,0,Functional,,2026-04-09 22:35:27.311507+00:00
1500,120059,2026-33726,Batch 40,2018,DepEd (DCP),1,0,0,Functional,,2026-04-09 22:35:27.317551+00:00
2063,301572,2026-04821,Batch 2022,2024,DepEd (DCP),46,0,1,Functional,"TP-Link Archer AX12
TSDI charging cart
Silicon Power Armor A60
",2026-04-10 06:14:50.755616+00:00
1473,303068,2026-32252,(DCP) Package 1 - e-Learning Cart (eLC) ,2025,DepEd (DCP),46,0,1,Functional,,2026-04-09 15:10:40.063776+00:00
1479,301481,2026-19573,Batch 45,2024,DepEd (DCP),46,0,1,Functional,,2026-04-09 15:33:03.003821+00:00
1998,301686,2026-06191,eLearning cart Package,2024,DepEd (DCP),46,0,0,Functional,"46 sets of pc mouse, headset, backpack bag ",2026-04-10 05:25:28.423835+00:00
1503,500480,2026-10451,DCP Batch 2022,2022,DepEd (DCP),46,0,0,Functional,,2026-04-09 23:02:34.654250+00:00
1504,301634,2026-05496,2023,2023,DepEd (DCP),46,0,2,Functional,,2026-04-09 23:08:37.893493+00:00
2128,501160,2026-40722,Batch 2024,2024,DepEd (DCP),46,0,6,Functional,"Router, Headphone, Mouse, Mouse pad, Bags",2026-04-10 06:56:25.345101+00:00
1311,111485,2026-06674,Batch7,2016,DepEd (DCP),0,0,0,Non-Functional,"Interactive board, mouses",2026-04-09 05:49:54.474873+00:00
1506,301479,2026-19600,Batch 44,2018,DepEd (DCP),0,50,0,Non-Functional,,2026-04-09 23:17:12.963947+00:00
1507,301479,2026-19600,BATCH 2019-03,2021,DepEd (DCP),1,50,0,Non-Functional,,2026-04-09 23:17:12.968834+00:00
1508,301479,2026-19600,BATCH 36,2018,DepEd (DCP),2,0,0,Non-Functional,"Host PC - Acer Veriton M200 B350
UPS- ABRELEX GR1200 
AVR - Supremo SSR-1000SV/E
Switch - TP-Link TL-SG1016D
Networking SW Cable
Thin Client - Terminal Access Drive
Projector - ACER X1223H
Multimedia Speaker
External Optical Drive
3-in-1 Multifunction Inkjet Printer - HP GT5810
",2026-04-09 23:17:12.973139+00:00
1514,300126,2026-10435,E Laptop,2024,DepEd (DCP),46,0,0,Functional,,2026-04-09 23:22:17.286196+00:00
1518,301612,2026-05529,DCP 2018-01: E-TextBooks,2019,DepEd (DCP),0,50,0,Functional,,2026-04-09 23:36:47.091425+00:00
1501,301795,2026-06730,Batch,2019,DepEd (DCP),1,50,0,Non-Functional,"Mouse, bag, router, external DVD writer, DVD recordable disc",2026-04-09 22:36:22.223250+00:00
2132,305996,2026-22891,Batch 2023-01: ELearning Cart Pavkage,2024,DepEd (DCP),46,0,1,Functional,"Mouse,Adaptor,Charging Cart,TP Link Archer,Silicon Power Armor",2026-04-10 06:59:18.658712+00:00
1487,301856,2026-23256,Dcp 2022-01,2023,DepEd (DCP),44,0,1,Functional,Router,2026-04-09 16:42:40.768342+00:00
1484,301051,2026-16289,DCP 2020,2022,DepEd (DCP),24,17,0,Functional,,2026-04-09 16:11:08.437847+00:00
1572,342242,2026-20215,DCP 2019-3,2021,DepEd (DCP),1,51,0,Functional,"Headset, Computer Mouse",2026-04-10 01:43:19.514491+00:00
2133,301079,2026-16892,2022,2024,DepEd (DCP),46,0,1,Functional,"With COBY Wireless Mouse, Laptop Bag and Mouse Pad",2026-04-10 07:00:42.372653+00:00
1496,500596,2026-08200,2023,2025,DepEd (DCP),92,0,0,Functional,,2026-04-09 22:15:03.582869+00:00
1474,303068,2026-32252,ADM Tablet Package,2025,DepEd (DCP),0,10,0,Functional,,2026-04-09 15:10:40.070004+00:00
1577,301240,2026-17976,Batch 2022 SHS,2024,DepEd (DCP),46,0,1,Functional,SHS,2026-04-10 01:48:17.079800+00:00
1591,305983,2026-31831,Batch 22,2024,DepEd (DCP),46,0,1,Functional,With accessories,2026-04-10 01:57:45.833015+00:00
1592,305983,2026-31831,Batch 23,2024,DepEd (DCP),46,0,1,Functional,With accessories,2026-04-10 01:57:45.838603+00:00
1549,301498,2026-19673,ELC 2023,2024,DepEd (DCP),46,0,1,Functional,,2026-04-10 00:33:38.916666+00:00
1560,315301,2026-40608,Batch 25,2012,DepEd (DCP),0,0,0,Non-Functional,With UPS and AVRs,2026-04-10 01:01:36.881735+00:00
1561,315301,2026-40608,Batch 36,2018,DepEd (DCP),1,50,0,Non-Functional,"With printer, headphones, speaker, charging storage cart, wireless router, projector",2026-04-10 01:01:36.919518+00:00
1562,315301,2026-40608,Batch 2024-03,2024,DepEd (DCP),5,0,0,Functional,With headphones,2026-04-10 01:01:36.944797+00:00
1478,315822,2026-41516,2024-01,2024,DepEd (DCP),46,0,1,Functional,Adapters,2026-04-09 15:28:37.978970+00:00
1509,301479,2026-19600,DCP BATCH 34,2018,DepEd (DCP),1,7,0,Non-Functional,"Wireless router, TP-LINK - TL - WR840N
Photovoltaic Modules, Ningbo Osda Solar Co. Ltd, ODA 120-18-MD
Mounting Structure, for 3 PV, 4 meters Pole with Base Plate and Anchor bolts I concrete pedestal
Charge Controller
Inverter, LEONICS - APOLLO S-221A-30
12V, 100AH - Lead Acid, Deep Cycle, Sealed, Maintenance Free - As per Required Specification - JIANGSU OLITER - LCPC 100-12
Battery Box - Dimension and Design As per Required Specification, Local
Battery Interconnection Cable - 8mm2 stranded, single core, XLPE Cable, ZHONGLI
Terminal lugs - 8mm2 x 8mmo stud, Local
15 mm Shinkable Tube - Red, Local 
15 mm Shinkable Tube - Black, Local 
PV wires combiner
PV wires combiner, 3-1 MC4 Combiner 
PV to Controller/Inverter Cable - MC4 Connector
8mm2, stranded, double insolation-1 Core, XLPE Cable - PV to Inverter 
8mm2, stranded, 2 Core, double insolation, XLPE Cable
#14 AWG Stranded, Flat Cord - For Load Distribution Panel
Load Distribution Panel, Local
LED Lamps, 2 sets x 7W, WOOJONG - A60-7W
E27 Lighting Socket, Local
Flat Cord, ZONGLI
AC Plug, Local
Phillips Head Screw, Local
Insulated Staple Wire, Local
Ground Wire, Local
Ground Wire Connector, Local
Ground Rod, Local
Wire Fixations - 4mm x 150mm Cable Ties, Local
Wire Fixations - 4mm x 300mm Cable Ties, Local
Wire Fixations - 1/2 Cable PVC Clamp with Concrete Nail, Local
",2026-04-09 23:17:12.978216+00:00
1510,301479,2026-19600,Batch 2024-01_ ELearning Cart Package,2024,DepEd (DCP),46,0,1,Functional,"ACER BACKPACK
PROMATE KEN.BLACK WIRFI FSS OPTICAL 
PCS   PROMATE LA BOCA HEADPHONE BLACK
USB RECOVERY FLASH DRIVE
TP-Link Archer AX12AX1500 WI-FI Router  
TNE LT-CArt-24AC-1 Charging Cart
Silicon Power SP050TBPHD62LS3K Armour A62 TB EXT HDD
",2026-04-09 23:17:12.984868+00:00
1511,301479,2026-19600,Teaching 2023,2024,DepEd (DCP),5,0,0,Functional,,2026-04-09 23:17:12.989749+00:00
1515,306031,2026-21506,0,2024,DepEd (DCP),46,0,1,Functional,Not yet use,2026-04-09 23:22:35.986246+00:00
1546,500527,2026-40633,DCP BATCH 2022,2022,DepEd (DCP),46,0,1,Functional,"2 Router, 46 Headset, 46 mouse",2026-04-10 00:23:22.178619+00:00
3453,300436,2026-10924,ELC Package,2024,DepEd (DCP),46,0,1,Functional,,2026-04-13 07:10:28.975912+00:00
1520,160513,2026-16115,LAPTOP AS ASSISTIVE TOOL FOR LEARNERS WITH DISABILITIES,2024,Other,6,0,0,Non-Functional,SDO PURCHASED. ASUS LAPTOPS. NO CHARGING CART. ONLY INDIVIDUAL CHARGER.,2026-04-09 23:50:21.886328+00:00
1521,160513,2026-16115,LAPTOP AS ASSISTIVE TOOL FOR LEARNERS WITH DISABILITIES,2024,Other,1,0,0,Non-Functional,SDO PURCHASED. HP LAPTOP,2026-04-09 23:50:21.892504+00:00
1522,160513,2026-16115,CLASSROOM OF TOMORROW,2024,LGU / SEF,0,26,1,Non-Functional,SAMSUNG TAB A9. NO CHARGING CART. INDIVIDUAL CHARGING CABLE. NO CHARGING BRICK. THIS PACKAGE ALSO COMES WITH INTERACTIVE PROJECTOR,2026-04-09 23:50:21.897824+00:00
1523,160513,2026-16115,CLASSROOM OF TOMORROW - MOOE,2025,Other,0,2,0,Non-Functional,SCHOOL MOOE PURCHASED. SAMSTUNG TAB A9. NO CHARGING BRICK. ONLY CHARGING CABLE. ,2026-04-09 23:50:21.902276+00:00
1999,500160,2026-25006,44,2024,DepEd (DCP),46,0,0,Functional,,2026-04-10 05:26:48.694541+00:00
2065,302088,2026-24954,Batch 2023-01: ELC,2024,DepEd (DCP),46,0,1,Functional,"Wireless mouse, headset, flashdrive, carrying bag, wireless router",2026-04-10 06:14:59.276645+00:00
3530,302586,2026-29657,BATCH 2022,2024,DepEd (DCP),46,0,1,Functional,"TP LINK ARCHER AX12, TSDI CHARGING CART, SILICON POWER ARMOR A60",2026-04-13 07:41:22.685887+00:00
1547,300140,2026-08818,Batch 2024-01,2024,DepEd (DCP),46,0,1,Functional,"Router - 2
Headphone - 46",2026-04-10 00:30:53.282929+00:00
5154,301853,2026-23390,2019-03 ,2019,DepEd (DCP),1,50,0,Functional,TP-Link Router,2026-04-15 01:22:49.166362+00:00
7140,500028,2026-18583,DCP 2022,2024,DepEd (DCP),46,0,1,Functional,,2026-04-20 13:41:53.942485+00:00
1531,321601,2026-20006,DCP 2022,2024,DepEd (DCP),46,0,1,Functional,,2026-04-10 00:07:47.750743+00:00
1532,321601,2026-20006,Batch 2019-03,2021,DepEd (DCP),1,50,0,Functional,,2026-04-10 00:07:47.759598+00:00
1533,321601,2026-20006,Batch 2019-02,2021,DepEd (DCP),51,0,1,Functional,,2026-04-10 00:07:47.765026+00:00
1534,321601,2026-20006,Batch 2023,2024,DepEd (DCP),46,0,1,Functional,,2026-04-10 00:07:47.769725+00:00
1535,302769,2026-26193,Batch 2022,2022,DepEd (DCP),26,0,0,Functional,,2026-04-10 00:08:46.431832+00:00
5155,301853,2026-23390,DCP 2023-01,2019,DepEd (DCP),1,50,0,Non-Functional,TP-Link Router,2026-04-15 01:22:49.171905+00:00
1538,157001,2026-12777,Batch 1,2020,DepEd (DCP),1,50,1,Functional,1 router,2026-04-10 00:16:52.623703+00:00
1548,301498,2026-19673,ELC 2024,2024,DepEd (DCP),46,0,1,Functional,,2026-04-10 00:33:38.910786+00:00
5327,305567,2026-07438,2022-01,2022,DepEd (DCP),46,0,1,Functional,ROUTERS,2026-04-15 03:32:04.467720+00:00
1550,302218,2026-25860,DCP2023,2023,DepEd (DCP),46,0,1,Functional,"2 Routers, 1 External HDD, 46 Headset",2026-04-10 00:35:20.784529+00:00
1551,502185,2026-15965,eLearning Cart,2024,DepEd (DCP),46,0,1,Functional,Modem,2026-04-10 00:42:15.193935+00:00
1559,304503,2026-43967,DCP 2022,2022,DepEd (DCP),58,50,4,Functional,"Routers, headphones ",2026-04-10 01:00:56.475640+00:00
1517,502102,2026-08055,DCP 2022-01 e-Learning Cart Package,2024,DepEd (DCP),46,0,1,Functional,,2026-04-09 23:28:22.681480+00:00
1540,312962,2026-33732,Batch 2024-01,2024,DepEd (DCP),46,0,1,Functional,,2026-04-10 00:20:41.378028+00:00
1541,312962,2026-33732,Batch 2018-01,2019,DepEd (DCP),0,50,0,Functional,4 tablets needs repair,2026-04-10 00:20:41.385929+00:00
1555,502108,2026-15964,DCP 2022,2022,DepEd (DCP),46,0,1,Functional,,2026-04-10 00:52:21.728078+00:00
1557,502317,2026-05663,DCP_DEPED,2024,DepEd (DCP),46,0,1,Functional,"Routers,Charger,headphones,mouse",2026-04-10 00:58:10.593664+00:00
1565,312405,2026-33585,2018 -1 (E -TB),2018,DepEd (DCP),1,50,0,Functional,,2026-04-10 01:06:57.168562+00:00
1566,312405,2026-33585,Batch 41,2018,DepEd (DCP),1,50,2,Functional,"Host Mini PC Coby, Printer Canon",2026-04-10 01:06:57.249105+00:00
1567,312405,2026-33585,DCP 2023 -1,2023,DepEd (DCP),51,0,1,Functional,"Router 2, Hard drive 1",2026-04-10 01:06:57.309874+00:00
1571,305497,2026-42756,BATCH 2022,2024,DepEd (DCP),46,0,1,Functional,Routers and External Hard Drive,2026-04-10 01:34:59.664935+00:00
1576,301240,2026-17976,Batch 2022,2024,DepEd (DCP),46,0,1,Functional,JHS,2026-04-10 01:48:13.820719+00:00
1564,500092,2026-11838,e-Learning Package,2023,DepEd (DCP),44,0,1,Functional,,2026-04-10 01:03:39.170792+00:00
1579,501184,2026-19675,Batch 2023-01: e-Learning Cart Package,2024,DepEd (DCP),46,0,1,Functional,"With charging cart, external hard drive and router",2026-04-10 01:52:55.948879+00:00
1620,999999,999999,Batch 44,2025,DepEd (DCP),2,0,0,Functional,,2026-04-10 02:19:09.926330+00:00
1537,500165,2026-25263,Batch 2023-01,2025,DepEd (DCP),46,0,1,Functional,"External HDD, Router, Head Phones, Adapters, bags",2026-04-10 00:16:34.985629+00:00
1543,302981,2026-32498,Batch 2018-1,2019,DepEd (DCP),1,50,0,Functional,,2026-04-10 00:21:21.769202+00:00
1719,501738,2026-23509,Batch 2025,2025,DepEd (DCP),46,0,1,Functional,,2026-04-10 03:12:37.169644+00:00
1525,301641,2026-05093,2022,2022,DepEd (DCP),46,0,1,Functional,,2026-04-09 23:59:05.609718+00:00
1586,501771,2026-41595,45,2024,DepEd (DCP),46,0,1,Functional,,2026-04-10 01:55:59.322729+00:00
1587,301278,2026-18091,DCP Batch 2024-01 eLearning Package,2024,DepEd (DCP),46,0,1,Functional,"5TB Ext HDD, USB Recovery Flash Drive,TP Link Wifi 6 Router,Charging Cart",2026-04-10 01:56:05.782940+00:00
1588,301278,2026-18091,DCP Batch 2023-03,2024,DepEd (DCP),5,0,0,Functional,USB Recovery Flash Drive,2026-04-10 01:56:05.790159+00:00
1589,301278,2026-18091,TVL Tools and Equipment to Public SHS(Tech. Drafting NC II),2026,DepEd (DCP),22,0,0,Functional,canon PIXMA Multifunction Inkjet Printer,2026-04-10 01:56:05.795110+00:00
1590,303992,2026-39616,Batch 23-01,2024,DepEd (DCP),46,0,1,Functional,"2 charging cart, 1 router,1 external HDD",2026-04-10 01:57:03.586328+00:00
1602,118684,2026-31739,Batch 2025-03,2025,DepEd (DCP),5,0,0,Functional,"headphones, mouse, bag",2026-04-10 02:04:41.906848+00:00
1621,312302,2026-33468,2024,2024,DepEd (DCP),0,46,0,Functional,"EXTERNAL HARD DRIVE, WIRELESS ROUTER,  HEADSET, WIRELESS MOUSE, BAG",2026-04-10 02:19:14.673340+00:00
2379,136367,2026-02076,Batch 24,2016,DepEd (DCP),0,0,0,Functional,,2026-04-10 09:41:03.856588+00:00
2003,316205,2026-42690,Batch 2022,2022,DepEd (DCP),46,0,1,Functional,"Routers, Headphones, External Hard drive ",2026-04-10 05:27:51.085979+00:00
1611,324901,2026-33539,Batch 2022-01,2024,DepEd (DCP),46,0,1,Functional,"Router, storage cart, external hard drive, flash drive(recovery disk)",2026-04-10 02:16:07.781786+00:00
2066,302088,2026-24954,Batch 2024- 01:ELC,2024,DepEd (DCP),46,0,1,Functional,"Wireless mouse, headset, flashdrive, wireless router, harddrive",2026-04-10 06:14:59.282694+00:00
2067,302088,2026-24954,Batch 2023-03:L4T,2024,DepEd (DCP),5,0,0,Non-Functional,"Wireless mouse, headset, flash drive, carrying bag",2026-04-10 06:14:59.303072+00:00
2068,302088,2026-24954,"TVL( Technical Drafting, Cookery)",2026,DepEd (DCP),25,0,1,Non-Functional,"Printer, flash drive, headset, mouse",2026-04-10 06:14:59.309188+00:00
2134,500361,2026-08838,Batch 2022-01,2024,DepEd (DCP),46,0,1,Functional,,2026-04-10 07:00:52.444929+00:00
2135,500361,2026-08838,Batch 2022-02,2024,DepEd (DCP),0,0,5,Functional,,2026-04-10 07:00:52.450375+00:00
3454,306808,2026-14465,Batch 2019-03,2020,DepEd (DCP),1,50,0,Functional,"Optical Wireless Mouse, External DVD Writer, Wireless Router, Headset",2026-04-13 07:11:16.282402+00:00
3455,306808,2026-14465,Batch 2023,2024,DepEd (DCP),46,0,1,Functional,"Wireless Mouse, Headphone, Flash Drive, HDMI Cable, External Hard Drive. Router",2026-04-13 07:11:16.289642+00:00
2197,307011,2026-15606,Batch 2023-01,2023,DepEd (DCP),46,0,1,Functional,,2026-04-10 07:37:58.387292+00:00
2198,307011,2026-15606,Batch 2022-01,2022,DepEd (DCP),46,0,1,Functional,,2026-04-10 07:37:58.393508+00:00
2199,307011,2026-15606,Missing Document,2024,DepEd (DCP),20,0,0,Functional,,2026-04-10 07:37:58.399486+00:00
2200,301175,2026-17694,Batch 2019,2021,DepEd (DCP),1,51,0,Functional,,2026-04-10 07:39:26.097198+00:00
2201,301175,2026-17694,Batch 2018,2018,DepEd (DCP),0,0,0,Functional,"monitor, server",2026-04-10 07:39:26.104345+00:00
2202,301175,2026-17694,Batch 2019,2020,DepEd (DCP),51,0,0,Functional,,2026-04-10 07:39:26.109427+00:00
2209,312337,2026-31415,Batch 2022-01,2024,DepEd (DCP),46,0,1,Functional,,2026-04-10 07:41:33.767987+00:00
2220,302235,2026-26107,BATCH 2022 -01 E-LEARNING CART PACKAGE,2022,DepEd (DCP),46,0,1,Functional,"46 mouse, 46 headset, 46 chargers, 46 complimwntqry bag, 1 remote control with battery, 1 tv wall bracket, 1 hdmi cable, 2 wireless router, 2 storage charging cart, and 1 external hard drive",2026-04-10 07:46:30.015804+00:00
2237,301106,2026-17091,Batch 2022,2024,DepEd (DCP),46,0,1,Functional,,2026-04-10 07:54:49.451395+00:00
2249,501015,2026-16994,Batch 2022-01,2024,DepEd (DCP),46,0,1,Functional,"Routers, headphones, chargers",2026-04-10 07:59:18.262490+00:00
2266,306401,2026-12797,eLearning Cart Package,2018,DepEd (DCP),0,50,0,Functional,,2026-04-10 08:06:48.662942+00:00
2267,306401,2026-12797,JHS/SHS ICT Package,2021,DepEd (DCP),5,0,0,Functional,,2026-04-10 08:06:48.668523+00:00
2268,306401,2026-12797,Smart TV Package,2022,DepEd (DCP),0,0,5,Functional,,2026-04-10 08:06:48.674453+00:00
5156,303174,2026-33231,Batch 1,2019,DepEd (DCP),26,0,0,Non-Functional,,2026-04-15 01:23:36.818258+00:00
2306,300102,2026-08656,Batch 1,2024,DepEd (DCP),46,0,1,Functional,,2026-04-10 08:38:58.196722+00:00
5157,303174,2026-33231,Batch 2,2019,DepEd (DCP),26,0,0,Non-Functional,,2026-04-15 01:23:36.825365+00:00
2316,301691,2026-05980,BATCH 2024,2024,DepEd (DCP),102,0,2,Functional,,2026-04-10 08:46:15.668954+00:00
2317,301691,2026-05980,BATCH 2024,2024,DepEd (DCP),0,0,0,Functional,,2026-04-10 08:46:15.675998+00:00
2365,301842,2026-23058,Batch 44,2020,DepEd (DCP),0,50,0,Non-Functional,,2026-04-10 09:37:04.761025+00:00
5158,303174,2026-33231,Batch 3,2024,DepEd (DCP),23,0,0,Functional,,2026-04-15 01:23:36.831072+00:00
5159,303174,2026-33231,Batch 3,2024,DepEd (DCP),23,0,0,Functional,,2026-04-15 01:23:36.837378+00:00
2366,301842,2026-23058,2023-01,2024,DepEd (DCP),46,0,0,Functional,4 units for repairs,2026-04-10 09:37:04.767641+00:00
2390,136630,2026-07154,"Batch 31, 33 and 35",2020,DepEd (DCP),5,0,5,Non-Functional,Complete sets,2026-04-10 09:48:09.388991+00:00
2349,300304,2026-09712,Batch 2024-01,2024,DepEd (DCP),46,0,1,Functional,"Routers, headsets",2026-04-10 09:22:23.873154+00:00
2350,300304,2026-09712,Batch 2024-01,2024,DepEd (DCP),46,0,1,Functional,"Routers, headsets",2026-04-10 09:22:23.878702+00:00
2348,301480,2026-19559,DCP 2022 E-Learning Cart Package,2025,DepEd (DCP),46,0,1,Functional,"2 Router-TP Link Archer AX 12
2 Storage Cart Pixpro Chargestation
1 External Hard drive- ADATA
1 Flashdrive ( Recovery Disk)
46 Headphone
46 Coby Wireless mouse
46 Laptop Bag
46 Mouse pad
",2026-04-10 09:21:32.606133+00:00
2418,304290,2026-42241,BATCH 2022-01,2022,DepEd (DCP),22,0,1,Functional,"Routers, TV bracket, External Hard drive",2026-04-10 10:11:34.429481+00:00
2419,304290,2026-42241,BATCH 2024-01,2024,DepEd (DCP),46,0,1,Functional,"routers, tv bracket and external hard drive",2026-04-10 10:11:34.435523+00:00
2441,301871,2026-23156,Batch 2019-03,2020,DepEd (DCP),1,50,0,Non-Functional,Broken,2026-04-10 10:48:59.200723+00:00
2442,301871,2026-23156,Batxh 36,2018,DepEd (DCP),2,0,0,Non-Functional,Disposed,2026-04-10 10:48:59.206505+00:00
2443,301871,2026-23156,Batch 41,2018,DepEd (DCP),1,50,2,Non-Functional,Disposed,2026-04-10 10:48:59.212002+00:00
2323,304433,2026-44191,DCP E-Learning Cart,2024,DepEd (DCP),46,0,1,Functional,,2026-04-10 08:59:36.099482+00:00
2175,501147,2026-12919,DCP BATCH 2023,2024,DepEd (DCP),51,0,1,Functional,"Accessories: LENOVO ESSENTIAL STEREO ANALOG HEADSET, THINKPAD BLUETOOTH SILENT MOUSE
BAG, WIRELESS ROUTER-TP-LINK ARCHER AX12, EXTERNAL HARD DRIVE-5 TB (Armor A62) USB 3.2 Gen 1 Portable Hard Drive
",2026-04-10 07:23:36.448164+00:00
1595,309163,2026-06218,2022-01,2024,DepEd (DCP),46,0,1,Functional,,2026-04-10 01:59:01.956873+00:00
1593,300050,2026-08264,BATCH 2023-01(E-LEARNING CART PACKAGE),2023,DepEd (DCP),46,0,1,Functional,Wireless router archer AX12,2026-04-10 01:58:21.686587+00:00
3456,136155,2026-02280,BATCH 2024:01,2024,DepEd (DCP),46,0,0,Functional,,2026-04-13 07:12:22.380019+00:00
2069,302189,2026-26129,eLearning Cart Package,2024,DepEd (DCP),46,0,1,Functional,"routers,headhones,adaptors",2026-04-10 06:15:26.377825+00:00
3475,102511,2026-10674,Batch 40,2018,DepEd (DCP),2,50,2,Non-Functional,"Router, Headphones ,mouse, mouse pads",2026-04-13 07:19:14.134526+00:00
3532,301635,2026-05497,Batch 22-01,2024,DepEd (DCP),46,0,1,Functional,,2026-04-13 07:41:44.299376+00:00
2136,301560,2026-04575,Batch 2019,2019,DepEd (DCP),1,50,0,Non-Functional,"Wireless Router,",2026-04-10 07:01:04.528481+00:00
2137,301560,2026-04575,Batch 35,2018,DepEd (DCP),2,0,0,Functional,"3 Host PC, 3 UPS, 7 AVR, 3 Switch TP Link, 3 UTP Cat6, 42 Thin Client Terminal Access Device, 42 Desktop, with keyboard, mouse, external device, microphone, headphone,  2 projector, 1 Speaker, 1 External Drive, 1 3-in-1 Printer Canon Pixma G2010",2026-04-10 07:01:04.535296+00:00
2138,301560,2026-04575,Batch 36,2018,DepEd (DCP),2,0,0,Non-Functional,"2 Laptop Cooler, 2 Mouse, 2 DVD Recordable Disc, 2 Projector, 2 Tripod Projector Screen",2026-04-10 07:01:04.541034+00:00
2168,312913,2026-33957,Batch 2018-01,2018,DepEd (DCP),1,50,0,Non-Functional,,2026-04-10 07:16:23.351081+00:00
2169,312913,2026-33957,Batch 2023-01,2024,DepEd (DCP),46,0,1,Functional,,2026-04-10 07:16:23.356714+00:00
2203,301537,2026-04463,Batch 22,2024,DepEd (DCP),46,0,1,Functional,Headphones ,2026-04-10 07:39:51.338000+00:00
3584,305726,2026-26561,Batch 2023-01,2023,DepEd (DCP),46,0,1,Functional,,2026-04-13 08:07:30.280308+00:00
2541,300455,2026-10832,2023-01,2024,DepEd (DCP),46,0,1,Functional,"2 wireless router, 1 external Hard drive",2026-04-10 13:12:57.790117+00:00
2524,502400,2026-34526,Batch,2024,DepEd (DCP),46,0,0,Functional,"Headphones,router, bags, ",2026-04-10 12:45:14.797855+00:00
5160,116186,2026-28753,Batch 2024,2024,DepEd (DCP),46,0,1,Functional,,2026-04-15 01:23:54.889078+00:00
2269,306401,2026-12797,Laptop for Teaching,2023,DepEd (DCP),5,0,0,Functional,,2026-04-10 08:06:48.680254+00:00
2270,306401,2026-12797,eLearning Cart Package,2024,DepEd (DCP),46,0,0,Functional,,2026-04-10 08:06:48.685877+00:00
2271,306401,2026-12797,Smart TV Package,2024,DepEd (DCP),0,0,3,Functional,,2026-04-10 08:06:48.691545+00:00
2272,306401,2026-12797,Laptop for Teaching,2025,DepEd (DCP),5,0,0,Functional,,2026-04-10 08:06:48.701225+00:00
2005,301110,2026-16856,44,2024,DepEd (DCP),0,25,0,Non-Functional,,2026-04-10 05:29:05.838453+00:00
2006,301110,2026-16856,ELC 2023,2024,DepEd (DCP),46,0,1,Functional,,2026-04-10 05:29:05.844039+00:00
1497,500596,2026-08200,2024,2025,DepEd (DCP),92,0,0,Functional,,2026-04-09 22:15:03.592746+00:00
2307,300472,2026-10787,DCP Package 2023 Batch 2023-01 eLearning Cart Package,2024,DepEd (DCP),46,0,0,Functional,,2026-04-10 08:40:02.922280+00:00
2308,300472,2026-10787,DCP Packages Batch 2023-03,2024,DepEd (DCP),10,0,0,Functional,,2026-04-10 08:40:02.928113+00:00
2309,300472,2026-10787,Batch 2019-03 E-textbooks,2021,DepEd (DCP),0,50,0,Non-Functional,"The tablets need to be updated and upgraded because the system is currently lagging. As a result, more than half of the devices cannot be used effectively",2026-04-10 08:40:02.933948+00:00
2329,106886,2026-15946,E-Textbooks,2018,DepEd (DCP),1,50,0,Functional,1 Modem and 2 charging carts,2026-04-10 09:08:04.727364+00:00
2297,314250,2026-21751,2023-01,2023,DepEd (DCP),46,0,1,Functional,"Headphones, mouse,bag, 1 TB hard drive, 2 modem extender",2026-04-10 08:30:09.959706+00:00
2361,501044,2026-40407,2023-01,2024,DepEd (DCP),46,0,1,Functional,,2026-04-10 09:33:23.444594+00:00
5505,305135,2026-01071,Batch 2023-1,2024,DepEd (DCP),46,0,1,Functional,"2 units wireless router, 1 unit external hard drive",2026-04-15 06:37:54.709117+00:00
5328,136662,2026-07218,2019,2021,DepEd (DCP),0,50,0,Functional,,2026-04-15 03:32:05.732316+00:00
3727,304699,2026-04347,Batch 44,2022,DepEd (DCP),7,0,8,Functional,,2026-04-13 09:21:49.893414+00:00
2440,301073,2026-16865,eLearning Cart Package,2024,DepEd (DCP),46,0,1,Functional,"Router, Mouse, Mouse Pad, Laptop Bag, Headphone, Hard Drive",2026-04-10 10:47:27.207875+00:00
2410,302208,2026-26086,4 eCart,2023,DepEd (DCP),116,0,0,Functional,,2026-04-10 10:03:01.877090+00:00
2422,315312,2026-40631,DCP BATCH 2024,2024,DepEd (DCP),46,0,0,Functional,,2026-04-10 10:21:03.428996+00:00
2453,304475,2026-43990,41,2019,DepEd (DCP),0,50,0,Functional,,2026-04-10 11:08:44.861491+00:00
2454,304475,2026-43990,43,2024,DepEd (DCP),49,0,0,Functional,,2026-04-10 11:08:44.866659+00:00
2468,305309,2026-06921,DCP FY 2021 PACKAGE,2021,DepEd (DCP),36,0,0,Functional,"Head set, Mouse, Mouse pad",2026-04-10 11:30:22.961828+00:00
2469,305309,2026-06921,DCP FY 2024,2024,DepEd (DCP),15,0,0,Functional,"Tplink router, , mouse",2026-04-10 11:30:22.967765+00:00
2485,323301,2026-41261,Batch 2022-01,2024,DepEd (DCP),46,0,1,Functional,"2 wireless router
1 external hard drive",2026-04-10 12:05:29.333722+00:00
2492,109833,2026-19860,Batch 2023-01,2023,DepEd (DCP),5,0,0,Functional,,2026-04-10 12:13:17.879188+00:00
2546,502217,2026-40596,2023,2024,DepEd (DCP),46,0,1,Functional,,2026-04-10 13:19:13.923802+00:00
2506,309911,2026-25530,Batch 44,2024,DepEd (DCP),46,0,1,Functional,"Flash Drive, External Hard Drive, Wireless Router, Mouse, Bag, Headset",2026-04-10 12:17:32.921649+00:00
2555,500388,2026-09699,Batch 2023,2024,DepEd (DCP),46,0,0,Functional,,2026-04-10 13:42:06.451675+00:00
2572,304203,2026-41694,22,2024,DepEd (DCP),2,4,0,Functional,,2026-04-10 14:06:30.554989+00:00
2574,301884,2026-23447,2022-01,2022,DepEd (DCP),46,0,1,Functional,With Modem/Router,2026-04-10 14:08:31.540444+00:00
2583,501076,2026-41937,2022,2024,DepEd (DCP),46,0,1,Functional,"Router, External Hard Drive",2026-04-10 14:22:44.953600+00:00
2590,300032,2026-08417,Batch 2022-1,2022,DepEd (DCP),46,0,0,Functional,"Headphones, mouse, external hard drive (one)",2026-04-10 14:36:40.911916+00:00
2595,301910,2026-23679,2019,2019,DepEd (DCP),50,50,2,Non-Functional,most are not functional /for repair,2026-04-10 14:58:34.592678+00:00
2596,301910,2026-23679,2024,2024,DepEd (DCP),45,0,1,Functional,,2026-04-10 14:58:34.600255+00:00
2606,502625,2026-26446,Batch 2024-01,2024,DepEd (DCP),46,0,1,Functional,"46 -carrying bag
46 - Delux Optical Wireless Mouse
46 - Headset
1 -USB Flash Drive (recovery drive)
2 - Wireless Router
2 - Charging cart",2026-04-10 15:08:07.916314+00:00
2618,310008,2026-26304,Batch 2023-01,2023,DepEd (DCP),46,0,0,Functional,,2026-04-10 16:07:27.637210+00:00
2621,107676,2026-17330,Batch 26,2015,DepEd (DCP),1,0,0,Non-Functional,"Headphones broken,  Computer laboratory not functional,",2026-04-10 17:16:38.192485+00:00
2623,303111,2026-33497,ELC 2018,2018,DepEd (DCP),1,50,0,Functional,"Mouse, Headsets, Wireless Router",2026-04-10 17:47:40.740012+00:00
2624,303111,2026-33497,ELC 2024,2024,DepEd (DCP),46,0,1,Functional,"Wireless Routers, Mouse, Headsets, External HDD",2026-04-10 17:47:40.747041+00:00
2007,342199,2026-17434,Batch,2024,DepEd (DCP),49,0,1,Functional,,2026-04-10 05:29:16.518673+00:00
1720,301752,2026-06417,Batch 2023-01 ELEARNING CART PACKAGE,2024,DepEd (DCP),46,0,1,Functional,"2 Wireless Router
2 Charging Cart
1 External HDD",2026-04-10 03:12:59.122564+00:00
1601,305678,2026-43434,Batch 23,2022,DepEd (DCP),46,0,1,Functional,,2026-04-10 02:03:35.783369+00:00
1578,301124,2026-17155,eLearning Cart Package,2024,DepEd (DCP),46,0,0,Functional,"2 UNIT(""TP LINK ARCHER AX12 AX1500 
WIFI 6 ROUTER"")
",2026-04-10 01:52:33.065406+00:00
1604,312355,2026-31190, LOT R Batch 2024 -01,2024,DepEd (DCP),46,0,1,Functional,"Carrying Bags, head sets, processor,  wireless mouse, 1 flash drive 64 gb, wireless router, rugged mini 5tb ext hdd",2026-04-10 02:08:35.242354+00:00
1625,302182,2026-26106,Batch 1,2024,DepEd (DCP),46,0,1,Functional,Router,2026-04-10 02:19:55.723695+00:00
1606,330528,2026-40646,DCP Batch 2022,2022,DepEd (DCP),49,0,0,Functional,,2026-04-10 02:10:32.698134+00:00
1654,301027,2026-15986,B2023 Elearning,2024,DepEd (DCP),46,0,0,Functional,,2026-04-10 02:41:01.776936+00:00
1624,118618,2026-31656,2023-01,2024,DepEd (DCP),46,0,1,Functional,"2 TP Link Wireless Router, 1 Lacie Rugged mini 5tb External HardDrive, 1 64GB USB flash drive, 46 wireless mouse, 46 headset",2026-04-10 02:19:36.520791+00:00
1607,302815,2026-30948,Batch 22,2023,DepEd (DCP),46,0,1,Functional,"Routers, Headphones, Hard Drive",2026-04-10 02:11:24.211758+00:00
1626,302182,2026-26106,batch 2,2023,DepEd (DCP),46,0,1,Functional,router,2026-04-10 02:19:55.729501+00:00
1612,501016,2026-16995,Batch 2023-01,2023,DepEd (DCP),47,0,0,Functional,,2026-04-10 02:16:17.031831+00:00
1613,501548,2026-13027,Batch 2022-01,2024,DepEd (DCP),46,0,0,Functional,,2026-04-10 02:16:29.566228+00:00
1603,301092,2026-17542,DCP 2023,2024,DepEd (DCP),46,0,1,Functional,"2 wireless Router, 1  external HDD",2026-04-10 02:06:38.605586+00:00
1615,501744,2026-08156,Batch 2024-01,2024,DepEd (DCP),46,0,1,Functional,"headset,external hard drive",2026-04-10 02:17:54.050898+00:00
3533,303611,2026-37847,Batch 22,2026,DepEd (DCP),46,0,1,Functional,,2026-04-13 07:41:46.254728+00:00
3585,305550,2026-22558,DCP PACKAGE 2022,2022,DepEd (DCP),46,0,3,Functional,2 TP links,2026-04-13 08:08:13.266774+00:00
1675,502550,2026-12920,Batch 2023-01,2024,DepEd (DCP),46,0,1,Functional,Routers,2026-04-10 02:54:10.470890+00:00
1638,103428,2026-12998,Batch 2024-01: elearning Cart Package (Lot2),2024,DepEd (DCP),46,101,1,Functional,,2026-04-10 02:28:17.449786+00:00
1652,305288,2026-06854,Batch 44,2023,DepEd (DCP),46,0,1,Functional,"charger, mouse, router, headphones",2026-04-10 02:40:38.215317+00:00
1622,304436,2026-43701,2022-01,2024,DepEd (DCP),46,0,1,Functional,"2 Router, 1 external drive, 46 mouse, 46 head set",2026-04-10 02:19:23.330507+00:00
1640,301144,2026-17470,2023-01,2024,DepEd (DCP),46,0,1,Functional,46pcs. Promate Black Wireless Optical Mouse;46pcs. Promate La Boca Headphone; 1pc. HDMI 5meter Cable; 2pcs. TP-Link Archer Wifi Router,2026-04-10 02:30:59.996196+00:00
1630,127931,2026-40710,Batch 2018,2018,DepEd (DCP),0,50,0,Functional,2 tablets functional,2026-04-10 02:24:24.856808+00:00
7145,303944,2026-39469,DCP BATCH 2022-eLC,2024,DepEd (DCP),46,0,1,Functional,"TPLINK ROUTER, HEADPHONE, BAG, CHARGER",2026-04-20 14:01:01.115830+00:00
1655,301027,2026-15986,BATCH 2019 E-TEXT BOOK,2019,DepEd (DCP),0,50,0,Functional,"ADAPTERS, HEADSET, WIRELESS MOUSE, WIRELESS ROUTERS, ",2026-04-10 02:41:01.783510+00:00
1633,300259,2026-09021,DCP ,2024,DepEd (DCP),48,0,1,Functional,"ROUTER, HEADPHONES, MOUSE",2026-04-10 02:26:03.143456+00:00
1634,500018,2026-12988,2019-03,2021,DepEd (DCP),1,50,0,Non-Functional,,2026-04-10 02:26:58.076770+00:00
1635,500018,2026-12988,2022 E-Learning Cart Package,2024,DepEd (DCP),46,0,1,Functional,,2026-04-10 02:26:58.082775+00:00
1616,305185,2026-01632,Batch 2022 01,2024,DepEd (DCP),46,0,1,Functional,,2026-04-10 02:18:14.014135+00:00
1617,305185,2026-01632,Batch 2023 01,2024,DepEd (DCP),46,0,1,Functional,,2026-04-10 02:18:14.020091+00:00
1618,305185,2026-01632,Batch 2023 03,2024,DepEd (DCP),5,0,0,Functional,,2026-04-10 02:18:14.025963+00:00
1636,301509,2026-19763,batch ,2024,DepEd (DCP),92,0,10,Functional,,2026-04-10 02:27:15.603208+00:00
1641,316553,2026-44328,Batch 2018,2018,DepEd (DCP),0,30,0,Non-Functional,Router/Broken,2026-04-10 02:31:39.541977+00:00
1651,301506,2026-19789,Package 1: e-Learning cart,2023,DepEd (DCP),46,0,1,Functional,"Router, F Drive, headset, wireless mouse,  H drive",2026-04-10 02:40:03.534180+00:00
1644,302203,2026-25898,Batch 3,2019,DepEd (DCP),56,50,1,Functional,,2026-04-10 02:34:11.737194+00:00
1645,342575,2026-19764,Batch 2024-01,2024,DepEd (DCP),46,0,1,Functional,,2026-04-10 02:34:17.049949+00:00
3610,118705,2026-33449,LOT#5 BATCH 2019-01:G4-6 ICT PACKAGE,2020,DepEd (DCP),1,49,1,Functional,,2026-04-13 08:22:05.006648+00:00
5329,302347,2026-27192,Batch 2023-01,2024,DepEd (DCP),46,0,0,Functional,,2026-04-15 03:32:17.485288+00:00
1670,104392,2026-12776,2019 E Textbooks,2019,DepEd (DCP),0,50,0,Functional,,2026-04-10 02:49:47.462623+00:00
1608,302932,2026-33574,Batch 2024-01,2024,DepEd (DCP),46,0,1,Functional,"Optical wireless mouse, Headset, USB Flash Drive, Router, Mini 5TB Ext.HDD",2026-04-10 02:13:44.058915+00:00
1650,302063,2026-24837,Batch 2023-01 ELEARNING CART PACKAGE,2024,DepEd (DCP),40,0,1,Functional,,2026-04-10 02:37:07.337619+00:00
1609,502372,2026-41620,2023-01,2024,DepEd (DCP),46,0,1,Functional,ROUTERS,2026-04-10 02:14:09.850303+00:00
1713,305804,2026-19591,BATCH 2022-01,2022,DepEd (DCP),46,0,1,Functional,,2026-04-10 03:10:55.116601+00:00
5330,302347,2026-27192,Batch 2022-01,2024,DepEd (DCP),46,0,1,Functional,,2026-04-15 03:32:17.491046+00:00
5347,303049,2026-32797,DCP FY 2023 ELC,2024,DepEd (DCP),46,0,1,Functional,,2026-04-15 03:47:23.338081+00:00
1648,305213,2026-01738,Batch 33,2024,DepEd (DCP),45,0,0,Functional,Headphones,2026-04-10 02:35:41.699852+00:00
1627,303208,2026-33693,Batch 2023-01,2022,DepEd (DCP),46,0,1,Functional,2 Wireless Router,2026-04-10 02:21:04.143947+00:00
1649,501839,2026-12938,Batch 2023-01: elearning Cart package,2024,DepEd (DCP),46,0,1,Functional,,2026-04-10 02:35:45.182672+00:00
1642,307126,2026-16126,DCP ELC 2022,2024,DepEd (DCP),46,0,1,Functional,"Routers, Headphones, Wireless Mouse, External Drive",2026-04-10 02:33:16.778286+00:00
1639,309935,2026-25367,BATCH 2022-01: eLEARNING CART PACKAGE,2024,DepEd (DCP),46,0,1,Functional,"TP-Link Archer AX-12 Router
Adata HD330 External Hard Drive",2026-04-10 02:28:20.915840+00:00
1631,342221,2026-17417,BATCH E-LEARNING CART PACKAGE,2024,DepEd (DCP),46,0,0,Functional,,2026-04-10 02:25:36.088462+00:00
1647,301072,2026-16855,DCP2022 e-Learning Cart Package,2024,DepEd (DCP),46,0,2,Functional,"Heasphones, Router, External Hard Drive, Flash Drive, Storage Cart",2026-04-10 02:35:08.718522+00:00
1657,360848,2026-40503,DCP BATCH 2018,2019,DepEd (DCP),1,50,0,Functional,,2026-04-10 02:41:35.746875+00:00
1658,360848,2026-40503,DCP BATCH 2020(STV),2021,DepEd (DCP),1,0,0,Functional,,2026-04-10 02:41:35.753157+00:00
1660,119180,2026-33554,Batch 2025-03 LAPTOP FOR TEACHING,2025,DepEd (DCP),5,0,0,Functional,,2026-04-10 02:42:17.773393+00:00
1661,119180,2026-33554,DCP 2023-02: SMART TV PACKAGE,2024,DepEd (DCP),0,0,5,Functional,1 UNIT NOT FUNCTIONAL. NEEDS MAJOR REPAIR,2026-04-10 02:42:17.778453+00:00
1663,300068,2026-08115,Batch 2022-01-e-learning package,2024,DepEd (DCP),46,0,0,Functional,,2026-04-10 02:43:49.697955+00:00
1683,111729,2026-23049,dcp 2020,2022,DepEd (DCP),1,0,1,Functional,lapel,2026-04-10 02:54:41.512759+00:00
1703,301769,2026-06501,Batch 2,2019,DepEd (DCP),0,100,0,Non-Functional,,2026-04-10 03:04:29.431172+00:00
1662,342217,2026-17141,Batch SY2024,2024,DepEd (DCP),46,0,0,Functional,,2026-04-10 02:43:42.032472+00:00
3458,319204,2026-02047,Batch 2022,2024,DepEd (DCP),46,0,1,Functional,,2026-04-13 07:13:02.058572+00:00
7146,117606,2026-29478,BATCH 2019-01,2019,DepEd (DCP),1,50,1,Functional,"1 Tablet Unit reported Lost, 1  Tablet Unit unserviceable. Laptop needs  repair.",2026-04-20 14:11:37.391772+00:00
2392,301476,2026-19572,DCP BATCH 25,2014,DepEd (DCP),0,0,0,Functional,"50 units HPV192 Monitor (6  unserviceable) , Ncomputing, Huntkey Surge Strip, Liebert UPS(unserviceable), Stavol , HP printer (unserviceable)",2026-04-10 09:49:20.065330+00:00
2011,302192,2026-25958,44,2024,DepEd (DCP),40,0,2,Functional,,2026-04-10 05:32:42.851792+00:00
1678,304089,2026-40593,Batch 33,2016,DepEd (DCP),2,0,0,Functional,"Projector, Mouse Pad, Cooling Fan, AVR, Thin Clients",2026-04-10 02:54:39.491428+00:00
1679,304089,2026-40593,Batch 2019-02,2021,DepEd (DCP),51,0,1,Functional,"Router, Wireless Mouse and Mouse Pad, Printer",2026-04-10 02:54:39.497806+00:00
1656,300066,2026-08114,Batch 2023-01: ELearning Cart Package ,2024,DepEd (DCP),46,0,1,Functional,"Charging cart, External Hard Drive, Flash Drive ",2026-04-10 02:41:33.017569+00:00
2108,100457,2026-08105,DCP 2018-01,2019,DepEd (DCP),2,50,0,Functional,,2026-04-10 06:33:28.011495+00:00
2076,500359,2026-08500,Batch 26,2015,DepEd (DCP),0,0,0,Functional,2 Routers  mouse  and UPS,2026-04-10 06:18:16.516866+00:00
2393,301476,2026-19572,Batch 36,2018,DepEd (DCP),0,0,0,Functional,"3 HostPC acer, 3 UPS Abrelex, 7 AVR Supremo, 3 Swictch TP link, 7 sets Networking SW Cable, 42 set Thin Client Terminal Access Device ",2026-04-10 09:49:20.070723+00:00
2085,100828,2026-08521,DCP2024,2024,DepEd (DCP),5,0,0,Functional,,2026-04-10 06:22:19.167839+00:00
2172,111676,2026-22982,Batch 19,2016,DepEd (DCP),1,0,0,Non-Functional,"Thin Client Server, Monitors, Printer, Projector, Speakers, Mouse, Keyboard AVR, UPS",2026-04-10 07:21:08.050462+00:00
3497,315314,2026-40439,Batch 2023,2024,DepEd (DCP),46,0,1,Functional,"Hard Drive, TP Link Wireless Router, USB",2026-04-13 07:25:59.209339+00:00
2394,301476,2026-19572,Batch 2019-03 : E-textbooks-Lot 3,2021,DepEd (DCP),1,50,0,Functional,"TP-Link Archer C9 Wireless Router , PIXPRO Charging Cart",2026-04-10 09:49:20.075760+00:00
2204,301725,2026-05722,2023-01,2024,DepEd (DCP),46,0,1,Functional,"router, charging cart",2026-04-10 07:40:04.580346+00:00
3534,313408,2026-36168,Batch 2023,2023,DepEd (DCP),46,0,1,Functional,"External hard drive, Routers, Keyboards, Mouse, Headset included ",2026-04-13 07:43:42.679967+00:00
5332,501463,2026-28342,DEPED DCP E-LEARNING,2024,DepEd (DCP),46,0,1,Functional,"Headphones, wireless mouse, router",2026-04-15 03:33:12.096840+00:00
5162,303404,2026-35668,Batch 2022-01,2024,DepEd (DCP),46,0,1,Functional,2 router,2026-04-15 01:27:41.435247+00:00
2395,301476,2026-19572,DCP 2020:Multimedia Package,2022,DepEd (DCP),2,0,2,Functional,2 Maono AU-C01 Lapel Speaker,2026-04-10 09:49:20.081705+00:00
2396,301476,2026-19572,Lot 5 Cookery  NCII,2024,DepEd (DCP),3,0,1,Functional,"3 Asus Backpack, 3 rapoo m160 Wireless mouse, 3 La Boca Headphone black  , 3 USB Recovery Flashdrive, 1 Basic Full Motion TV Mount, 1 5 meters HDMI Cable",2026-04-10 09:49:20.087053+00:00
2019,300578,2026-12896,Batch 2022,2022,DepEd (DCP),46,0,1,Functional,Storage cart 2,2026-04-10 05:41:58.734191+00:00
2298,104317,2026-12755,BATCH 2/SILICON VALLEY,2024,DepEd (DCP),46,0,1,Functional,"2 router, 2 storage cart, 1 external drive, 1 flash drive",2026-04-10 08:30:19.518505+00:00
2310,118259,2026-31237,2023,2024,DepEd (DCP),46,0,1,Functional,,2026-04-10 08:40:04.348051+00:00
2337,300185,2026-09084,DCP,2019,DepEd (DCP),1,46,0,Functional,LinkSys Wireless Router,2026-04-10 09:10:16.356158+00:00
2338,300185,2026-09084,DCP 22,2024,DepEd (DCP),46,0,1,Functional,"TP-Link Router, Silicon Power  5TB External HD, Flash Drive (Recovery Disk)",2026-04-10 09:10:16.361163+00:00
2346,303218,2026-34371,Batch 42,2016,DepEd (DCP),2,50,0,Functional,,2026-04-10 09:20:20.307799+00:00
2444,301871,2026-23156,Laptop for Teaching Package,2024,DepEd (DCP),5,0,0,Non-Functional,No charging station no cart,2026-04-10 10:48:59.217351+00:00
2445,301871,2026-23156,E-learning Cart Package,2024,DepEd (DCP),46,0,1,Functional,Functional,2026-04-10 10:48:59.223165+00:00
2507,300073,2026-08266,Batch 2023-01,2024,DepEd (DCP),43,0,2,Functional,"Headphones,Router,Mouse",2026-04-10 12:20:50.401103+00:00
2508,300073,2026-08266,Batch 2024-1,2024,DepEd (DCP),43,0,2,Functional,"Routers, Headphones, Mouse",2026-04-10 12:20:50.407401+00:00
2509,129531,2026-42772,BATCH 2023-03: LAPTOP FOR TEACHING PACKAGE (Lot 12),2023,DepEd (DCP),5,0,5,Functional,,2026-04-10 12:20:53.851393+00:00
2530,128377,2026-41556,DCP BATCH 40,2018,DepEd (DCP),1,0,0,Non-Functional,"WITH 1 KEYBOARD, 2 SPEAKERS, 1 CABLE ADAPTOR, & 1 PROJECTOR AND ALL ARE UNSERVICEABLE OR NEED REPAIR",2026-04-10 12:54:46.811216+00:00
2486,316009,2026-42185,DCP 2022,2022,DepEd (DCP),46,0,1,Functional,,2026-04-10 12:07:12.199788+00:00
2544,307007,2026-15517,batch 33,2020,DepEd (DCP),1,1,3,Functional,,2026-04-10 13:16:49.424304+00:00
2556,307706,2026-17066,E cart,2022,DepEd (DCP),46,0,1,Functional,"Routers, head phone",2026-04-10 13:43:02.641785+00:00
2570,501196,2026-08648,Batch 2022-1 ELEARNING CART PACKAGE,2024,DepEd (DCP),46,0,0,Functional,2 Laptops Not working,2026-04-10 14:04:06.003624+00:00
2575,500455,2026-41666,BATCH 22,2022,DepEd (DCP),46,0,1,Functional,HARD DRIVE,2026-04-10 14:08:58.734683+00:00
2576,317314,2026-02412,Batch 2024,2024,DepEd (DCP),46,0,1,Functional,"routers, headphones. chargers, mouse, keyboards",2026-04-10 14:09:28.143776+00:00
2607,500387,2026-09585,Batch 2022,2024,DepEd (DCP),46,0,1,Functional,"Router, External Hardrive",2026-04-10 15:09:52.222498+00:00
2608,340636,2026-07357,BATCH 2022-01,2024,DepEd (DCP),46,0,1,Functional,WITH 2 UNITS OF ROUTER AND 1 UNIT OF EXTERNAL HARD DRIVE,2026-04-10 15:09:57.093748+00:00
2632,301135,2026-17045,BATCH 2022-01,2024,DepEd (DCP),46,0,1,Functional,"HEADSETS, MOUSE PAD, LAPTOP BAG, TP LINK",2026-04-10 22:09:55.555739+00:00
2330,301103,2026-17346,elearning cart DCP2024,2024,DepEd (DCP),46,0,1,Functional,"modem/router, headphones, mouse, mouse pad",2026-04-10 09:08:55.354549+00:00
3459,304295,2026-42311,Batch 2022-01,2024,DepEd (DCP),46,0,1,Functional,"2- Routers, 1- External Drive, 2- Storage Cart all laptops includes mouse, charge and headset",2026-04-13 07:13:41.284786+00:00
5163,304645,2026-45583,Batch 2023-01,2024,DepEd (DCP),45,0,0,Functional,,2026-04-15 01:28:26.109575+00:00
5333,502017,2026-40924,eLearning Cart Package Batch 2023,2023,DepEd (DCP),46,0,1,Non-Functional,,2026-04-15 03:34:47.975549+00:00
1664,107840,2026-17554,Batch 26,2015,DepEd (DCP),1,0,0,Non-Functional,"1 unit Host PC
6 Unit Desktop Virtualization/ Access Terminal
6 Units LED Monitor 18.5 Widescreen
6 Sets Keyboard and Mouse
1 unit 3 in 1 Inkjet Printer
2 Unit Projector with Accessories
1 unit Laptop
1 Unit Multimedia Speakers
1 Unit Uninterruptible Power Supply (UPS)
1 Unit Automatic Voltage Regulator (AVR)
1 Unit Networking Peripherals",2026-04-10 02:44:53.968722+00:00
1665,107840,2026-17554,Batch,2025,DepEd (DCP),5,0,0,Functional,,2026-04-10 02:44:53.973311+00:00
3460,304295,2026-42311,Batch 2023-01,2024,DepEd (DCP),46,0,1,Functional,"All laptops include headset, mouse & charger, 2-routers, 1- External Hard Drive and 2- Ecarts",2026-04-13 07:13:41.292201+00:00
7147,117606,2026-29478,BATCH 2023-03,2024,DepEd (DCP),5,0,0,Functional,,2026-04-20 14:11:37.406182+00:00
3636,315303,2026-40720,Lot 4,2021,DepEd (DCP),46,0,1,Functional,,2026-04-13 08:30:58.129281+00:00
1544,302981,2026-32498,Batch 41,2018,DepEd (DCP),1,48,2,Functional,"Router, Host PC, Printer, UPS",2026-04-10 00:21:21.773662+00:00
1545,302981,2026-32498,Batch 2022-01,2024,DepEd (DCP),46,0,1,Functional,2 Routers,2026-04-10 00:21:21.780744+00:00
1696,311406,2026-30363,BAtch 2023,2024,DepEd (DCP),92,0,0,Functional,,2026-04-10 02:59:58.562811+00:00
1684,502605,2026-19511,Batch 2024,2024,DepEd (DCP),92,0,2,Functional,"Routers headphones, mouse, hard disk drive",2026-04-10 02:55:20.398793+00:00
1685,502605,2026-19511,Batch 2020,2022,DepEd (DCP),2,0,2,Functional,,2026-04-10 02:55:20.405581+00:00
1686,502605,2026-19511,Batch 40,2018,DepEd (DCP),1,0,0,Functional,Projector,2026-04-10 02:55:20.410895+00:00
1687,502605,2026-19511,Batch 16,2014,DepEd (DCP),1,0,0,Non-Functional,routers,2026-04-10 02:55:20.415957+00:00
1688,502605,2026-19511,Batch 2020,2018,DepEd (DCP),1,0,0,Non-Functional,lapel speakers desktop monitor,2026-04-10 02:55:20.421917+00:00
2181,500692,2026-40765,DCP BATCH 2023 (ELC),2024,DepEd (DCP),46,0,1,Functional,"1 FLASH DRIVE (RECOVERY DISK)
1 EXTERNAL HARD DRIVE -SILICON POWER
2 STORAGE CART
2 ROUTERS TP-LINK

",2026-04-10 07:32:20.436519+00:00
1689,110752,2026-05569,BATCH 34,2018,DepEd (DCP),1,7,0,Non-Functional,NOT FUNCTIONING,2026-04-10 02:55:39.430786+00:00
1690,302109,2026-25637,Batch 2022,2023,DepEd (DCP),46,0,1,Functional,40 Functional Laptops,2026-04-10 02:55:50.548886+00:00
1701,319006,2026-01503,Batch 2023-01,2023,DepEd (DCP),46,0,1,Functional,,2026-04-10 03:02:41.320496+00:00
1702,502046,2026-16385,Batch 2023-01,2024,DepEd (DCP),46,0,1,Functional,Wireless router and external hard drive,2026-04-10 03:03:13.869216+00:00
1699,300411,2026-10490,2024-01,2024,DepEd (DCP),46,0,1,Functional,,2026-04-10 03:02:35.058288+00:00
1700,300411,2026-10490,2022-01,2024,DepEd (DCP),46,0,1,Functional,,2026-04-10 03:02:35.064631+00:00
1706,303308,2026-33373,Batch 2023-01: ELEARNING CART PACKAGE,2024,DepEd (DCP),46,0,0,Functional,,2026-04-10 03:07:08.431083+00:00
1707,300162,2026-09456, Batch 2022-01,2022,DepEd (DCP),46,0,1,Functional,"Router, External Hard Drive, Recovery Disc",2026-04-10 03:07:40.408839+00:00
1708,300162,2026-09456,Batch 2018-01,2018,DepEd (DCP),1,50,0,Functional,"Wireless Router, Wireless Mouse, Head set",2026-04-10 03:07:40.415500+00:00
1709,300162,2026-09456,Batch 2019-02,2019,DepEd (DCP),51,0,1,Functional,"Router, Printer, Wireless mouse",2026-04-10 03:07:40.422132+00:00
1714,316721,2026-44741,44,2023,DepEd (DCP),44,0,2,Functional,,2026-04-10 03:10:58.516049+00:00
1666,302957,2026-33405,3/DEPED Computerization Program,2023,DepEd (DCP),46,0,1,Functional,,2026-04-10 02:45:52.465891+00:00
1691,303243,2026-33855,Batch 36,2019,DepEd (DCP),0,50,0,Non-Functional,most of the tablets are not functional,2026-04-10 02:56:44.858509+00:00
1715,107310,2026-16924,Batch 26,2015,DepEd (DCP),0,0,0,Non-Functional,,2026-04-10 03:11:00.951965+00:00
2077,312953,2026-33994,DCP2022 package 1 eLC,2024,DepEd (DCP),46,0,0,Functional,,2026-04-10 06:18:25.247167+00:00
2139,307703,2026-17096,Batch 2022,2024,DepEd (DCP),46,0,1,Functional,"Router,headphones,Harddrive",2026-04-10 07:03:06.279599+00:00
1725,301912,2026-23681,eLearning Cart Package,2022,DepEd (DCP),55,0,1,Functional,,2026-04-10 03:14:26.613673+00:00
1716,107310,2026-16924,Batch 29,2016,DepEd (DCP),0,0,0,Non-Functional,,2026-04-10 03:11:00.958088+00:00
1717,107310,2026-16924,Batch 40,2018,DepEd (DCP),0,0,0,Functional,,2026-04-10 03:11:00.963298+00:00
1680,304089,2026-40593,DCP 2018-01,2019,DepEd (DCP),2,100,0,Functional,"Wireless Mouse and Mouse pad, Router, Headset",2026-04-10 02:54:39.502565+00:00
1681,304089,2026-40593,BATCH 2024-01,2024,DepEd (DCP),46,0,1,Functional,"Router, Headset, Wireless Mouse and Mouse Pad, Hard Drive",2026-04-10 02:54:39.508606+00:00
1682,304089,2026-40593,Batch 37,2016,DepEd (DCP),2,0,0,Non-Functional,"AVR, Network Switch, External Hard Drive, Projector",2026-04-10 02:54:39.513831+00:00
1669,304442,2026-43703,Batch 1 (2018-1),2018,DepEd (DCP),3,50,0,Non-Functional,"Router, Headsets, Wireless mouse",2026-04-10 02:49:47.276712+00:00
2173,111676,2026-22982,Batch 29,2016,DepEd (DCP),1,0,0,Non-Functional,"Projector, Speakers, Laptop Cooler, Mouse",2026-04-10 07:21:08.058853+00:00
2205,500595,2026-08346,Batch 36,2018,DepEd (DCP),1,0,0,Non-Functional,"UPS, System Unit, Monitor",2026-04-10 07:40:57.111985+00:00
2206,500595,2026-08346,E Textbook 2018,2019,DepEd (DCP),0,44,0,Functional,"Charging Cart, 2 in 1 Tablet, Modem/Router",2026-04-10 07:40:57.120963+00:00
2207,500595,2026-08346,Batch 2023 -01,2023,DepEd (DCP),99,0,2,Functional,"Laptop, Mouse, Mosepad, Charging Cart",2026-04-10 07:40:57.126261+00:00
2208,500595,2026-08346,Batch 2023-03,2023,DepEd (DCP),5,0,0,Functional,"Mouse, Laptop for Teachers",2026-04-10 07:40:57.131526+00:00
1704,306149,2026-13007,Batch 35,2018,DepEd (DCP),2,0,1,Functional,,2026-04-10 03:04:58.844377+00:00
1705,306149,2026-13007,Batch 36,2018,DepEd (DCP),2,0,1,Functional,,2026-04-10 03:04:58.850263+00:00
2221,304345,2026-42750,eLearning Cart Package,2022,DepEd (DCP),46,0,0,Functional,,2026-04-10 07:47:21.678408+00:00
2222,304345,2026-42750,Batch 2019-02: JHS/SHS Laptop:Coby NBPC1958,2019,DepEd (DCP),50,50,1,Functional,,2026-04-10 07:47:21.685652+00:00
1667,305292,2026-06857,Batch 2022,2024,DepEd (DCP),46,0,1,Functional,"Routers, External HDD, ",2026-04-10 02:48:54.969764+00:00
2238,304195,2026-41722,2024-01,2024,DepEd (DCP),46,0,1,Functional,,2026-04-10 07:55:01.788296+00:00
2284,107282,2026-16897,Batch 29,2016,DepEd (DCP),1,0,0,Non-Functional,,2026-04-10 08:14:44.728912+00:00
2017,304192,2026-41514,2022-01,2022,DepEd (DCP),46,0,1,Functional,,2026-04-10 05:37:50.195151+00:00
1676,304567,2026-44880,2020,2022,DepEd (DCP),46,0,0,Functional,,2026-04-10 02:54:29.277441+00:00
1726,316523,2026-44108,Batch 2023-01,2024,DepEd (DCP),46,0,1,Functional,,2026-04-10 03:16:25.118605+00:00
1727,500078,2026-12989,Batch 2022,2024,DepEd (DCP),46,0,1,Functional,,2026-04-10 03:17:06.166520+00:00
1728,500078,2026-12989,Batch 2024-01,2024,DepEd (DCP),46,0,1,Functional,,2026-04-10 03:17:06.172776+00:00
1729,302277,2026-26560, elearning Cart Package,2022,DepEd (DCP),46,0,1,Functional,"2 wireless router
2 Charging cart
1 exernal hard drive",2026-04-10 03:18:15.460688+00:00
3461,301712,2026-06080,Batch 2023-1,2024,DepEd (DCP),46,0,1,Functional,"2 Routers, 46, headphones, 36 optical wireless mouse, 46 bag",2026-04-13 07:14:19.676285+00:00
1731,301100,2026-16977,Batch 2022-01,2024,DepEd (DCP),46,0,1,Functional,,2026-04-10 03:19:37.688466+00:00
1732,340552,2026-07400,Batch 38,2024,DepEd (DCP),46,0,0,Functional,"2 Routers, 46 Adaptors",2026-04-10 03:19:48.302043+00:00
5164,302656,2026-29977,BATCH 2023-01,2024,DepEd (DCP),46,0,1,Functional,Routers and external Drive,2026-04-15 01:30:39.638360+00:00
1753,309145,2026-05963,2024-01,2025,DepEd (DCP),46,0,1,Functional,"46head phones,2 routers,46mouse",2026-04-10 03:26:09.046066+00:00
1721,309516,2026-23430,BATCH 2023-01 E-LEARNING CART PACAKGE,2024,DepEd (DCP),46,0,1,Functional,"2 wireless routers, 2 charging carts, 1 HDO",2026-04-10 03:14:12.326202+00:00
1722,309516,2026-23430,BATCH 2019-03 E-TEXTBOOK,2020,DepEd (DCP),1,50,0,Functional,"1 router, 2 charging carts",2026-04-10 03:14:12.332432+00:00
1781,305258,2026-01964,2022-1,2024,DepEd (DCP),46,0,1,Functional,,2026-04-10 03:41:29.958142+00:00
1743,316533,2026-44086,Batch 44,2024,DepEd (DCP),46,0,2,Functional,,2026-04-10 03:21:33.397834+00:00
5165,302656,2026-29977,BATCH 2022-01,2024,DepEd (DCP),46,0,1,Functional,"TP-Link Archer, Silicon Power Armor",2026-04-15 01:30:39.645771+00:00
1752,109862,2026-19891,Batch 2025,2025,DepEd (DCP),0,0,5,Functional,External Hard Drive - 5,2026-04-10 03:25:17.197508+00:00
5334,304522,2026-44496,Batch 36,2018,DepEd (DCP),2,45,0,Non-Functional,damage both tablet and laptop,2026-04-15 03:35:01.749173+00:00
1751,500130,2026-16159,BATCH 2023,2023,DepEd (DCP),46,0,1,Functional,,2026-04-10 03:23:41.535789+00:00
1741,500686,2026-39621,eLearning Cart Package,2024,DepEd (DCP),46,0,0,Functional,"Headset, Wireless Mouse, Lapton Bag",2026-04-10 03:21:33.016653+00:00
1754,342209,2026-17471,Batch 2022-01,2024,DepEd (DCP),46,0,1,Functional,"Router, External Hard Drive, Flash Drive",2026-04-10 03:26:41.853352+00:00
3599,302135,2026-25362,DCP Batch No. 2019-01 lot 4 Region V,2020,DepEd (DCP),1,50,0,Non-Functional,,2026-04-13 08:16:24.197191+00:00
3676,322102,2026-33470,DCP BATCH 2023,2023,DepEd (DCP),46,0,0,Functional,"CARRYING BAG
DELUX ML39 OPTICAL DELUX WIRELESS MOUSE
GOODNESS GS-355 HEADSET
64GB USB FLASH DRIVE",2026-04-13 08:52:22.142729+00:00
3679,300789,2026-14524,Batch 2023-01:ELEARNING CART PACKAGE,2024,DepEd (DCP),46,0,1,Functional,,2026-04-13 08:53:06.826158+00:00
1760,315318,2026-41386,Batch 1,2024,DepEd (DCP),46,0,0,Functional,,2026-04-10 03:28:03.012471+00:00
1733,307723,2026-17184,DCP 2020,2022,DepEd (DCP),2,0,2,Non-Functional,2 units Lapel Speaker,2026-04-10 03:20:09.581374+00:00
1734,307723,2026-17184,Lot 3: IT Package (E-Textbook),2019,DepEd (DCP),1,50,0,Functional,Charging Storage/Cart,2026-04-10 03:20:09.586553+00:00
1735,307723,2026-17184,Batch 2024-01: E-Learning Cart Package,2024,DepEd (DCP),46,0,1,Functional,"Routers, Headphones, Mouse",2026-04-10 03:20:09.591645+00:00
3708,304062,2026-40762,DCP Batch 2022,2022,DepEd (DCP),46,0,0,Functional,,2026-04-13 09:06:13.505998+00:00
1764,107457,2026-17105,Batch 26&29,2019,DepEd (DCP),1,50,0,Functional,,2026-04-10 03:31:55.080143+00:00
1765,306076,2026-13055,Batch 44,2018,DepEd (DCP),0,44,0,Non-Functional,Tablets and Charging Station already unserviceable,2026-04-10 03:32:37.235765+00:00
1766,306076,2026-13055,Batch 2024-01 & 2024-02,2024,DepEd (DCP),46,0,1,Functional,4 Units are currently unserviceable,2026-04-10 03:32:37.242094+00:00
1769,502496,2026-24965,Batch 2024-01,2024,DepEd (DCP),46,0,0,Functional,Headphones,2026-04-10 03:33:49.727679+00:00
3735,304312,2026-42355,Batch2022-01,2024,DepEd (DCP),46,0,1,Functional,Router,2026-04-13 09:31:27.726575+00:00
2140,301508,2026-19802,DCP E-LEARNING CART PACKAGE 2024 COBY,2024,DepEd (DCP),46,0,1,Functional,"HEADSET, WIRELESS MOUSE, WIRELESS ROUTER, TV MOUNTING KIT, USB",2026-04-10 07:03:24.591960+00:00
1773,305210,2026-01845,Batch 2024-01,2024,DepEd (DCP),46,0,1,Functional,"46 Earphones, 46 chargers, Laptop Complementary Bags, 46 Mouses, 1 External Hard Drive, 1 Smart TV",2026-04-10 03:37:53.744326+00:00
1774,300218,2026-09441,batch 2022-01,2024,DepEd (DCP),46,0,1,Functional,"routers, flash drive and hard drive",2026-04-10 03:38:21.859467+00:00
1775,314263,2026-21300,Batch 2019-02,2021,DepEd (DCP),50,0,1,Functional,"Router, printer, headset ",2026-04-10 03:38:23.360402+00:00
1776,314263,2026-21300,Batch 2022-01 eLearning cart,2024,DepEd (DCP),46,0,1,Functional,"Usb, external drive ",2026-04-10 03:38:23.368960+00:00
1777,314263,2026-21300,Batch 2019 - eTextBook,2020,DepEd (DCP),1,50,0,Functional,Router ,2026-04-10 03:38:23.373846+00:00
2141,301508,2026-19802,DCP 2023 BATCH 2023-01 (ACER),2024,DepEd (DCP),46,0,1,Functional,"Backpack, Wireless Mouse, Headphone, Flash Drive, Basic Full Motion Tv Mount, 5 meter HDMI cable, Media Player/Portable Storage Mounting Kit, Router, Silicon Power",2026-04-10 07:03:24.599602+00:00
2239,113174,2026-24892,batch 40 ,2017,DepEd (DCP),1,0,0,Functional,,2026-04-10 07:55:10.256061+00:00
2210,305558,2026-19589,Batch 2022,2024,DepEd (DCP),46,0,1,Functional,"External hard drive, modem/router",2026-04-10 07:42:00.533469+00:00
1744,303651,2026-38406,2024,2024,DepEd (DCP),92,0,2,Functional,,2026-04-10 03:22:04.193910+00:00
2142,316507,2026-43993,Batch2023-01,2023,DepEd (DCP),46,0,1,Functional,"Wireless router,storage/ charging cart,external hard drive",2026-04-10 07:03:27.491866+00:00
2078,300387,2026-10207,DCP 2018-01,2018,DepEd (DCP),1,50,0,Non-Functional,Wireless Router,2026-04-10 06:19:16.256343+00:00
1761,310206,2026-26443,2019-03 E-textbooks,2019,DepEd (DCP),1,50,1,Functional,,2026-04-10 03:29:13.891718+00:00
1762,310206,2026-26443,2023-01,2023,DepEd (DCP),46,0,1,Functional,"Wirless Mouse
Headset
Smart TV
Wireless router",2026-04-10 03:29:13.897916+00:00
1803,999480,999480,Batch 44,2024,DepEd (DCP),2,50,3,Functional,,2026-04-10 03:47:04.022384+00:00
1780,305699,2026-19590,E-LEARNING CART PACKAGE,2024,DepEd (DCP),46,0,1,Functional,None,2026-04-10 03:40:17.613325+00:00
1778,301701,2026-05551,Batch 44,2023,DepEd (DCP),5,0,5,Functional,,2026-04-10 03:39:38.035438+00:00
2278,302121,2026-25713,Batch 44,2022,DepEd (DCP),46,0,1,Functional,,2026-04-10 08:10:14.429763+00:00
1755,312956,2026-34129,SHS TVL ICT Packages,2026,DepEd (DCP),17,0,1,Functional,"Printer, Headset, Wireless Optical Mouse, USB Flashdrive ",2026-04-10 03:27:19.813453+00:00
2118,101491,2026-09272,G4-G6 ICT PACKAGES,2021,DepEd (DCP),1,40,1,Functional,Headphone and wireless mouse,2026-04-10 06:43:52.531580+00:00
1787,304291,2026-43430,Batch 50,2022,Other,50,0,0,Non-Functional,"Router, earphone ",2026-04-10 03:43:52.314947+00:00
2397,301476,2026-19572,DCP 2023 E-Learning Cart,2024,DepEd (DCP),46,0,1,Functional,"46 Acer Backpack, 46 Promate Ken Black  Wireless OpticalMouse,46 Promate La Boca Headphone  Black, 1 USB Recovery Flashdrive,1 Xitrix XPN-DSA5850 58 inch smart TV 3.0 USB W/ accessories, 1 5 meter HDMI Cable , 1 media player/portable storage mounting kit,2 TP Link Archer AX1500 WIFI 6 Router, 2 TNE LT-Cart -24AC-1Charging Cart , 1 Silicon Power 5P050TBPHD62LS3K ARMOR A62 5TB EXT HDD",2026-04-10 09:49:20.091914+00:00
3486,305166,2026-01427,2022-01,2024,DepEd (DCP),46,0,1,Functional,,2026-04-13 07:23:32.190544+00:00
5166,302778,2026-30550,DCP2020,2020,DepEd (DCP),1,0,1,Non-Functional,,2026-04-15 01:32:07.046756+00:00
2080,500106,2026-12732,Batch 2024,2024,DepEd (DCP),46,0,0,Functional,,2026-04-10 06:20:15.535382+00:00
5167,302778,2026-30550,DCP2022 BATCH 2022-01,2022,DepEd (DCP),46,0,1,Functional,,2026-04-15 01:32:07.054211+00:00
5168,302778,2026-30550,DCP2023 BATCH 2023-03,2023,DepEd (DCP),5,0,0,Functional,,2026-04-15 01:32:07.063030+00:00
5169,302778,2026-30550,DCP2025BATCH2025-03,2025,DepEd (DCP),5,0,0,Functional,,2026-04-15 01:32:07.069225+00:00
2053,300995,2026-15516,Batch 2019 Lot 2,2020,DepEd (DCP),50,0,0,Functional,,2026-04-10 06:07:16.336787+00:00
5335,304522,2026-44496,2025,2025,DepEd (DCP),46,0,0,Functional,,2026-04-15 03:35:01.756069+00:00
2040,500440,2026-29491,2023-01,2023,DepEd (DCP),46,0,1,Functional,,2026-04-10 05:59:05.923779+00:00
2146,309621,2026-23682,Batch 2024-01,2024,DepEd (DCP),46,0,1,Functional,"Carrying Bag, Wireless Moues, Headset, Flash Drive, Wireless Router",2026-04-10 07:07:23.090824+00:00
1529,300170,2026-08994,Batch 2023,2023,DepEd (DCP),46,0,1,Functional,"Routers, Headphones",2026-04-10 00:04:56.893172+00:00
2551,320818,2026-07944,DepEd Computerization Program 2022,2024,DepEd (DCP),46,0,1,Functional,"Router, External Hard Drive, Flash Drive, Storage cart",2026-04-10 13:29:57.281211+00:00
2079,300387,2026-10207,Batch 35,2018,DepEd (DCP),2,0,0,Non-Functional,,2026-04-10 06:19:16.263153+00:00
1789,502274,2026-38343, DCP 2022 (REBID),2024,DepEd (DCP),46,0,1,Functional,2 routers included and 1 flashdrive,2026-04-10 03:44:16.619910+00:00
2554,304232,2026-43255,E-LC 2022,2024,DepEd (DCP),46,0,1,Functional,"wireless router, charging carts, externa hdd",2026-04-10 13:39:15.272390+00:00
2325,119881,2026-33162,Batch 2019-01,2019,DepEd (DCP),1,50,0,Non-Functional,All 50 Tablets were defective and non-functional due to low specs.,2026-04-10 09:03:06.711785+00:00
3487,305166,2026-01427,2023-03,2025,DepEd (DCP),10,0,0,Functional,,2026-04-13 07:23:32.196482+00:00
2281,306930,2026-16719,Batch 2022,2022,DepEd (DCP),46,0,1,Functional,,2026-04-10 08:13:40.895606+00:00
2446,316109,2026-42555,Batch 2019,2019,DepEd (DCP),1,50,0,Non-Functional,Desktop,2026-04-10 10:53:15.708365+00:00
2286,107282,2026-16897,Batch 2024-02,2024,DepEd (DCP),0,0,5,Functional,,2026-04-10 08:14:44.741860+00:00
2455,301867,2026-23325,Batch 2024-01:ELEARNING CART PACKAGE,2024,DepEd (DCP),46,0,1,Functional,"Carrying Bag, mouse, flash drive, router and external hard drive",2026-04-10 11:10:10.865434+00:00
2620,300242,2026-09458,DCP Package,2024,DepEd (DCP),92,0,1,Functional,,2026-04-10 17:12:17.362831+00:00
2311,312928,2026-33935,Batch 44,2019,DepEd (DCP),0,0,0,Functional,,2026-04-10 08:42:45.567245+00:00
7148,117606,2026-29478,BATCH 2025-02,2025,DepEd (DCP),0,0,5,Functional,,2026-04-20 14:11:37.412955+00:00
7284,119765,2026-32982,42,2018,DepEd (DCP),2,0,0,Non-Functional,"all UPS - non-functional
1 host mini pc - non functional
2 monitors - broken ",2026-04-21 05:42:26.475305+00:00
5506,305135,2026-01071,ADM Package,2024,DepEd (DCP),0,25,0,Functional,,2026-04-15 06:37:54.739973+00:00
5567,305248,2026-02114,Batch 2024-01,2024,DepEd (DCP),46,0,1,Functional,,2026-04-15 07:16:39.399095+00:00
2465,100336,2026-07997,Batch 26,2015,DepEd (DCP),0,0,0,Non-Functional,,2026-04-10 11:24:33.477357+00:00
2357,306188,2026-20227,33,2024,DepEd (DCP),46,0,1,Functional,,2026-04-10 09:28:44.728175+00:00
5592,302129,2026-25282,Batch 2019-02,2021,DepEd (DCP),51,0,1,Functional,,2026-04-15 07:31:50.623956+00:00
5593,302129,2026-25282,Batch 2019-03,2021,DepEd (DCP),1,50,0,Functional,,2026-04-15 07:31:50.634932+00:00
2371,301189,2026-17666,Batch 2024,2024,DepEd (DCP),42,0,1,Functional,,2026-04-10 09:37:31.768413+00:00
2375,302173,2026-25365,Batch 2023-01: Elearning cart package ,2023,DepEd (DCP),0,0,1,Functional,"headseats, optical wireless mouse, wall mounting kit, wireless router, Lacie ST115000400 Rugged Mni 5TB Ext. HDD",2026-04-10 09:38:56.482362+00:00
2324,301727,2026-05874,Batch 2019-02,2021,DepEd (DCP),51,0,1,Functional,"Wireless Router - 1
Wireless Mouse & Mousepad - 51",2026-04-10 09:02:04.122712+00:00
2012,304199,2026-41657,Batch 44,2024,DepEd (DCP),46,0,1,Functional,"Wireless Router, External HDD",2026-04-10 05:34:14.245699+00:00
2474,300078,2026-08327,2023-01:Elearning Cart Package,2023,DepEd (DCP),46,0,0,Functional,,2026-04-10 11:38:08.822913+00:00
2487,302134,2026-25261,DCP ELEARNING BATCH 2022-01,2023,DepEd (DCP),46,0,1,Functional,,2026-04-10 12:08:03.523200+00:00
2510,309902,2026-25410,Batch 32,2024,DepEd (DCP),46,0,0,Functional,None,2026-04-10 12:23:49.356641+00:00
2528,301547,2026-04592,Batch 2022-01,2022,DepEd (DCP),46,0,1,Functional,"Headphones with microphone, mouse, router/modem",2026-04-10 12:54:07.223314+00:00
2545,301751,2026-06565,Batch 2023_01,2024,DepEd (DCP),47,0,1,Functional,all are functional,2026-04-10 13:18:23.569493+00:00
2562,502123,2026-02299,batch 42,2024,DepEd (DCP),34,0,0,Functional,,2026-04-10 13:51:58.767148+00:00
2557,301563,2026-04550,Batch 2022-01 ELearning Cart Package,2022,DepEd (DCP),46,0,1,Non-Functional,,2026-04-10 13:45:48.663107+00:00
2558,301563,2026-04550,Lot4 E-Textbook,2019,DepEd (DCP),50,0,0,Non-Functional,for disposal,2026-04-10 13:45:48.669417+00:00
2573,301099,2026-17134,2022,2022,DepEd (DCP),44,0,1,Functional,,2026-04-10 14:07:40.255717+00:00
2577,316508,2026-44075,batch 44,2024,DepEd (DCP),46,0,0,Functional,,2026-04-10 14:13:55.428390+00:00
2592,300118,2026-10434,Batch 2024,2024,DepEd (DCP),96,50,3,Functional,2 smart TV - not functional (LCD),2026-04-10 14:57:16.895810+00:00
2631,309520,2026-23109,Batch 44,2018,DepEd (DCP),46,0,1,Functional,"charging carts, wireless router, external HDD",2026-04-10 21:20:21.491196+00:00
2633,305877,2026-43804,44,2024,DepEd (DCP),51,0,3,Functional,,2026-04-10 22:48:24.931955+00:00
2637,124899,2026-21143,Batch 2024-01_eLearning Package,2024,DepEd (DCP),46,0,1,Functional,"Routers, Headphones, Mouse, Laptop Bags, etc.",2026-04-10 23:28:10.132916+00:00
2638,304457,2026-43932,DCP 2022-01,2022,DepEd (DCP),46,0,1,Functional,"Router, headphones, mouse",2026-04-10 23:31:09.360241+00:00
2640,300059,2026-08222,CH 2024-01,2024,DepEd (DCP),92,0,2,Functional,Routers headphone,2026-04-10 23:47:37.911407+00:00
2641,305433,2026-07393,2024,2025,DepEd (DCP),46,0,0,Functional,,2026-04-10 23:47:50.232353+00:00
1790,309150,2026-06306,DCP BATCH 44,2024,DepEd (DCP),47,0,1,Functional,2 routers and 47 laptops,2026-04-10 03:44:16.764329+00:00
3466,301923,2026-23595,Batch 35/36,2019,DepEd (DCP),1,50,0,Functional,,2026-04-13 07:15:18.226990+00:00
1804,305964,2026-43277,e-learning cart package,2023,DepEd (DCP),51,0,0,Functional,,2026-04-10 03:47:15.604640+00:00
2178,500937,2026-12898,Batch 44,2025,DepEd (DCP),10,0,6,Non-Functional,2 needs repair mother board replacement,2026-04-10 07:25:43.783557+00:00
1826,302877,2026-31142,Batch 2024,2024,DepEd (DCP),46,0,1,Functional,"With bags,mouse and headset",2026-04-10 03:52:17.024181+00:00
3537,301488,2026-19649,BATCH 2022:01 - ELEARNING CART PACKAGE,2024,DepEd (DCP),46,0,1,Functional,"Includes: Storage Cart/ Charging Cart, Routers, External Hard Drive, Flash Drive",2026-04-13 07:43:55.668034+00:00
3680,300489,2026-11064,e-learning Cart Package,2022,DepEd (DCP),92,0,2,Functional,"Routers, Headphones",2026-04-13 08:54:38.899384+00:00
5170,302160,2026-25243,Batch 44,2022,DepEd (DCP),46,0,0,Functional,Include Router and switch hub,2026-04-15 01:32:27.735670+00:00
1802,136229,2026-01892,Batch 2018-01,2018,DepEd (DCP),0,20,0,Functional,5 tablets unserviceable,2026-04-10 03:46:51.596757+00:00
3592,312420,2026-32889,batch 2023,2023,DepEd (DCP),46,0,1,Functional,,2026-04-13 08:13:21.288494+00:00
1829,500053,2026-10114,2022,2024,DepEd (DCP),46,0,1,Functional,"46 MOUSE, 46 HEADSETS, 46 BAGS, 1 HDMI CABLE, 1 EXTERNAL HDD, 2 TP LINK ROUTERS, 2 CHSRGING STATIONS, 1 RECOVERY FLASH DRIVE
",2026-04-10 03:52:45.694381+00:00
1813,319221,2026-02091,Batch 2022,2024,DepEd (DCP),46,0,1,Functional,"TP Link Archer, Storage Cart, External Hard Drive, Flash Drive",2026-04-10 03:48:30.570825+00:00
1814,319221,2026-02091,Batch 2020,2022,DepEd (DCP),5,0,5,Functional,5 Lapel,2026-04-10 03:48:30.576004+00:00
1816,319214,2026-01902,DCP BATCH 18,2020,DepEd (DCP),0,0,0,Functional,"Desktop, monitor",2026-04-10 03:48:49.310471+00:00
1817,319214,2026-01902,DCP BATCH 20,2020,DepEd (DCP),4,0,4,Non-Functional,,2026-04-10 03:48:49.316762+00:00
1818,319214,2026-01902,DCP BATCH 22,2022,DepEd (DCP),46,10,1,Non-Functional,,2026-04-10 03:48:49.322218+00:00
1815,106873,2026-15928,FY 2019 - G4-G6,2019,DepEd (DCP),1,50,1,Functional,,2026-04-10 03:48:43.072846+00:00
3613,109410,2026-19397,LOT 2 LAPTOP FOR TEACHING PACKAGE,2025,Other,5,0,0,Functional,"Mouse, Headset, Power Adapter, Laptop Bag, USB",2026-04-13 08:22:38.416204+00:00
5338,137050,2026-03055,DCP 2018,2020,DepEd (DCP),0,48,0,Non-Functional,50 Headset 51 wireless mouse 1 external optical disc drive 1 wireless router ,2026-04-15 03:36:37.890305+00:00
3638,316711,2026-44991,COBY NBPC2368,2024,DepEd (DCP),46,0,0,Functional,Router-TP-LINK EX!$! and External Drive,2026-04-13 08:31:58.210489+00:00
1820,305593,2026-33826,Batch 2024,2025,DepEd (DCP),46,0,1,Functional,,2026-04-10 03:51:21.914394+00:00
1830,500053,2026-10114,2023,2024,DepEd (DCP),46,0,1,Functional,"46 MOUSE, 46 HEADSETS, 46BAGS, 2 TP LINK ROUTERS, 1 HDD, 1 RECOVERY USB, 1 HDMI CABL , 2 CHARGING STATIONS",2026-04-10 03:52:45.700058+00:00
5339,137050,2026-03055,DCP 2021 repeat order,2023,DepEd (DCP),46,0,0,Non-Functional,"Wireless mouse 46, headset 46, hard drive 46, laptop bag 46, USB 46",2026-04-15 03:36:37.897257+00:00
1823,308108,2026-19373,eLearning Cart,2024,DepEd (DCP),46,0,0,Functional,,2026-04-10 03:51:48.348636+00:00
1824,308108,2026-19373,TVL/Cookery,2026,DepEd (DCP),3,0,1,Functional,,2026-04-10 03:51:48.353542+00:00
5340,137050,2026-03055,DCP 2020,2022,DepEd (DCP),1,0,1,Functional,"Lapel speaker1, 1 mouse, 1 laptop bag, 1 headset",2026-04-15 03:36:37.904041+00:00
5358,312101,2026-30577,Batch 2024-01,2024,DepEd (DCP),46,0,1,Functional,,2026-04-15 04:00:40.097302+00:00
7149,304792,2026-03394,2023-01E1c,2023,DepEd (DCP),51,85,1,Functional,,2026-04-20 14:12:11.675970+00:00
2013,302730,2026-30361,Batch 34,2022,DepEd (DCP),40,0,1,Functional,,2026-04-10 05:34:24.098055+00:00
2014,302730,2026-30361,Batch 32,2019,DepEd (DCP),40,0,1,Functional,,2026-04-10 05:34:24.110247+00:00
1842,111246,2026-05950,PROFUTURO,2020,Private Donor / NGO,1,40,0,Functional,rOUTERS AND ADAPTERS,2026-04-10 03:54:47.794098+00:00
1843,307940,2026-18201,batch2022,2022,DepEd (DCP),55,50,1,Functional,with privision of headohibes,2026-04-10 03:55:27.832091+00:00
1844,305233,2026-01897,Batch 2023,2024,DepEd (DCP),46,0,1,Functional,,2026-04-10 03:56:02.743374+00:00
1819,502042,2026-04400,BATCH 2022,2024,DepEd (DCP),46,0,1,Functional,,2026-04-10 03:50:30.044776+00:00
2058,303678,2026-21021,DCP 2023 E-LEARNING CART,2024,DepEd (DCP),46,0,0,Functional,"2 WIRELESS ROUTER, 2 CHARGING CART, 1 SMART TV, 1 EXTERNAL HARD DRIVE",2026-04-10 06:10:29.823411+00:00
1855,320904,2026-08467,2023,2024,DepEd (DCP),46,0,1,Functional,"Router
",2026-04-10 03:59:23.170395+00:00
1811,305257,2026-02033,Batch 2023-1,2024,DepEd (DCP),46,0,1,Functional,"Router: TP-LINK Archer AX12, Storage Cart: Entrans EP26-A, External HD: ADATA HD330",2026-04-10 03:48:13.029239+00:00
1832,309521,2026-23110,DCP BATCH 2024-01:eLearning Cart Package,2024,DepEd (DCP),46,0,1,Functional,,2026-04-10 03:53:39.580703+00:00
1812,305257,2026-02033,Batch 2018-1,2019,DepEd (DCP),1,50,0,Non-Functional,"2 units CHARGING/Storage Car: PIXPRO, Wireless Router: LINKSYS EA7500 ",2026-04-10 03:48:13.035242+00:00
7150,304792,2026-03394,2018 E1,2018,DepEd (DCP),23,0,0,Functional,,2026-04-20 14:12:11.684360+00:00
1387,300574,2026-11836,Batch,2024,DepEd (DCP),51,0,1,Functional,,2026-04-09 11:19:47.228568+00:00
1875,300085,2026-08466,Batch 44,2018,DepEd (DCP),1,50,0,Functional,"1 wireless router 
51 headsets
51 mouse with pad",2026-04-10 04:09:58.374260+00:00
1805,300088,2026-10419,Batch 2022-01,2024,DepEd (DCP),46,0,1,Functional,"2 Routers, External HD and Flask Drive",2026-04-10 03:47:44.931922+00:00
1806,300088,2026-10419,Batch 2023-01,2024,DepEd (DCP),46,0,1,Functional,"2 router, 2 charging station, External Drive",2026-04-10 03:47:44.937719+00:00
7397,306202,2026-12295,Batch 2019-02,2021,DepEd (DCP),50,0,1,Non-Functional,,2026-04-22 01:24:27.724868+00:00
1833,307930,2026-17918,DCP 2021,2021,DepEd (DCP),5,0,0,Non-Functional,"5-HDD,5-Headset,5-Mouse,5-Bag,5-Mousepad",2026-04-10 03:53:50.071931+00:00
2165,309606,2026-23703,DCP Batch 2024,2024,DepEd (DCP),46,0,1,Functional,"HEADPHONES WIRELESS MOUSE, HDD,  TP-LINK ROUTERS",2026-04-10 07:14:21.463028+00:00
2032,305349,2026-07045,Batch 1 ,2024,DepEd (DCP),46,0,0,Functional,Headphones,2026-04-10 05:57:19.090387+00:00
1827,302364,2026-27458,Batch 22:01,2024,DepEd (DCP),46,0,1,Functional,,2026-04-10 03:52:33.432841+00:00
1828,302364,2026-27458,Batch 2023:01,2024,DepEd (DCP),46,0,1,Functional,,2026-04-10 03:52:33.438766+00:00
2113,502127,2026-22653,Batch 2022-01,2024,DepEd (DCP),46,0,1,Functional,"Routers (2), hard drive (1)",2026-04-10 06:37:35.864754+00:00
1879,302704,2026-30195,Batch 2023,2024,DepEd (DCP),5,0,0,Functional,,2026-04-10 04:12:20.307520+00:00
1834,307930,2026-17918, Batch 2022  ,2024,DepEd (DCP),46,0,1,Functional,"2-Storage Cart, 2-Router, 1-External HDD, 1- flash drive ",2026-04-10 03:53:50.078223+00:00
1880,302704,2026-30195,Batch 2025,2025,DepEd (DCP),5,0,0,Functional,,2026-04-10 04:12:20.312570+00:00
3467,305247,2026-02087,eLearning Cart Package (2024),2024,DepEd (DCP),46,0,1,Functional,,2026-04-13 07:15:43.493237+00:00
2015,300139,2026-08510,Batch 46,2024,DepEd (DCP),46,0,0,Functional,"Headphones, router, wireless mouse, laptop bag, headset, battery",2026-04-10 05:34:25.952354+00:00
1848,342797,2026-06661,lot 4-IT package eTextbook,2018,DepEd (DCP),1,50,0,Functional,Wireless router 1 pc,2026-04-10 03:57:38.594299+00:00
1849,342797,2026-06661,Batch 2022-01,2024,DepEd (DCP),46,0,1,Functional,"Charging cart 2, router 2",2026-04-10 03:57:38.600766+00:00
1285,109604,2026-19547,Batch 2025,2025,DepEd (DCP),5,0,5,Functional,,2026-04-09 05:04:32.147056+00:00
1850,300225,2026-09490,BATCH 1,2024,DepEd (DCP),46,0,0,Functional,2 ROUTERS 1 EXTERNAL HDD,2026-04-10 03:58:16.531317+00:00
1852,104386,2026-12801,40,2019,DepEd (DCP),1,50,0,Functional,Tablets are not functional,2026-04-10 03:58:54.554706+00:00
1853,304092,2026-40416,BATCH 22,2024,DepEd (DCP),46,0,0,Functional,,2026-04-10 03:59:18.399276+00:00
1854,304092,2026-40416,BATCH 2018,2019,DepEd (DCP),0,50,0,Non-Functional,,2026-04-10 03:59:18.404912+00:00
1856,500109,2026-12692,BATCH 2022,2022,DepEd (DCP),46,0,1,Functional,ROUTER,2026-04-10 03:59:25.135737+00:00
1857,126118,2026-22705,BATCH 22,2024,DepEd (DCP),46,0,1,Functional,"Routers,Headphone,Hard Drive,Mouse",2026-04-10 03:59:31.301771+00:00
1860,104406,2026-12793,Batch 2019-01 G4-6 ICT PACKAGE LOT 1,2021,DepEd (DCP),1,50,1,Functional,"CHARGING STORAGE- 2
PRINTER- 1
BAG
MOUSE
HEADSET

",2026-04-10 04:01:50.020734+00:00
1861,104406,2026-12793,BATCH 2024-01 E-LEARNING CART PACKAGE,2024,DepEd (DCP),46,0,1,Functional,"CHARGING CART
EXTERNAL HD
FLASH DRIVE
2 WIRELESS ROUTER",2026-04-10 04:01:50.027977+00:00
1878,302704,2026-30195,Batch 2022-01,2024,DepEd (DCP),46,0,0,Functional,,2026-04-10 04:12:20.301868+00:00
1892,307727,2026-17390,DCP E classroom Packages 2022(REBID),2024,DepEd (DCP),46,0,1,Functional,,2026-04-10 04:20:26.360501+00:00
1865,108016,2026-17654,Batch 2022,2022,DepEd (DCP),5,0,0,Functional,,2026-04-10 04:07:13.360170+00:00
1866,108016,2026-17654,Batch 2024,2024,DepEd (DCP),0,0,5,Functional,,2026-04-10 04:07:13.380327+00:00
1867,301685,2026-06300,Batch 36,2024,DepEd (DCP),46,0,1,Functional,"Routers, headphone, mouse ",2026-04-10 04:07:14.809185+00:00
1868,301685,2026-06300,Batch 1,2018,DepEd (DCP),2,84,1,Functional,"sling bag, routers,",2026-04-10 04:07:14.814929+00:00
1869,301685,2026-06300,Batch 2,2019,DepEd (DCP),14,0,1,Functional,"Router, headphone, mouse",2026-04-10 04:07:14.819749+00:00
1870,300113,2026-08872,DCP MATATAG,2019,DepEd (DCP),46,50,0,Functional,Laptops were all not working ,2026-04-10 04:07:20.581310+00:00
1873,500230,2026-33104,eLearning cart package,2022,DepEd (DCP),45,0,0,Functional,"headphones, adaptors",2026-04-10 04:09:08.560796+00:00
1874,102966,2026-11121,BATCH 2018-01,2019,DepEd (DCP),0,50,0,Functional,,2026-04-10 04:09:17.702731+00:00
3479,501424,2026-43350,Batch 55,2024,DepEd (DCP),46,24,18,Functional,,2026-04-13 07:21:02.568547+00:00
7151,132943,2026-04017,Batch 2024-01,2024,DepEd (DCP),46,0,1,Functional,"Wireless Router, External Hard Drive",2026-04-20 14:23:43.153806+00:00
5171,303033,2026-32761,BATCH 2022-01,2024,DepEd (DCP),46,0,1,Functional,,2026-04-15 01:32:44.543406+00:00
3538,501345,2026-32014,Batch 24,2024,DepEd (DCP),50,5,1,Functional,,2026-04-13 07:44:23.898375+00:00
3539,501345,2026-32014,Batch 21,2021,DepEd (DCP),4,0,0,Functional,,2026-04-13 07:44:23.910647+00:00
1888,304286,2026-42108,Batch 2022-01,2024,DepEd (DCP),46,0,1,Functional,"router, external hard drive and flash drive",2026-04-10 04:19:08.464924+00:00
1889,304286,2026-42108,IT 2022-02-263,2019,DepEd (DCP),0,20,0,Functional,,2026-04-10 04:19:08.471786+00:00
1851,301134,2026-17432,e-learning cart package,2024,DepEd (DCP),46,0,1,Functional,1,2026-04-10 03:58:50.321661+00:00
1897,306011,2026-11243,2023-01,2024,DepEd (DCP),46,0,0,Functional,"wireless router,external drive,charging cart",2026-04-10 04:22:18.945592+00:00
5341,501387,2026-35519,Batch 44,2023,DepEd (DCP),46,40,2,Functional,Headphones,2026-04-15 03:39:07.083300+00:00
1893,305531,2026-04853,DCP Package ,2025,DepEd (DCP),46,9,4,Functional,"Routers, Headphones ",2026-04-10 04:21:00.198372+00:00
1895,306089,2026-15393,Batch ,2023,DepEd (DCP),46,0,1,Functional,"Headphones, External Drive",2026-04-10 04:21:41.025048+00:00
1881,305407,2026-07274,E-Learning Cart 2022-01,2024,DepEd (DCP),46,0,1,Functional,2,2026-04-10 04:12:21.310790+00:00
3639,500245,2026-38876,Batch 2022-01,2022,DepEd (DCP),46,0,1,Functional,,2026-04-13 08:32:09.304989+00:00
1902,305790,2026-19561,Batch 2022-01,2022,DepEd (DCP),46,0,1,Functional,,2026-04-10 04:23:15.012685+00:00
1904,304450,2026-44176,Batch 2022-01,2024,DepEd (DCP),46,0,1,Functional,External Hard Drive and Router,2026-04-10 04:25:00.736014+00:00
1905,312326,2026-31392,Batch 2022-01: ELEARNING CART PACKAGE,2024,DepEd (DCP),46,0,1,Functional,,2026-04-10 04:26:18.988736+00:00
1890,342201,2026-16866,dcp batch 38,2017,DepEd (DCP),51,0,0,Functional,,2026-04-10 04:19:54.912705+00:00
1907,301510,2026-19834,Batch 2022,2022,DepEd (DCP),46,0,1,Functional,,2026-04-10 04:27:53.395349+00:00
1908,164526,2026-20201,DCP 2019-01 LOT 3,2019,DepEd (DCP),1,50,1,Functional,2 CHARGING CART,2026-04-10 04:27:58.303149+00:00
1884,300414,2026-10496,2023,2024,DepEd (DCP),46,0,1,Functional,,2026-04-10 04:17:42.437491+00:00
1899,305422,2026-07308,2019-02: JHS/SHS ICT PACKAGE - Lot 4,2020,DepEd (DCP),51,0,1,Functional,"TP Link Archer Router
Brother DCP Printer
Acer Optical Mouse w/ pad
Dolby Goodness Headset
Carrying bag",2026-04-10 04:22:35.193001+00:00
1885,300414,2026-10496,2024,2024,DepEd (DCP),46,0,1,Functional,,2026-04-10 04:17:42.445425+00:00
1877,106461,2026-15512,Batch 44,2019,DepEd (DCP),0,50,0,Functional,,2026-04-10 04:12:19.649663+00:00
1896,114624,2026-26629,batch 2024-01,2024,DepEd (DCP),46,0,0,Functional,,2026-04-10 04:22:02.410178+00:00
1900,305422,2026-07308,2018-01: (E-Textbooks) Under FY2018 DCP,2019,DepEd (DCP),1,50,0,Functional,"Acer Optical Wireless Mouse w/ pad
Dolby Goodness Headset
Carrying bag
TP Link Archer Router",2026-04-10 04:22:35.199045+00:00
1871,304448,2026-43795,charging cart EP26-A,2024,DepEd (DCP),46,0,0,Functional,,2026-04-10 04:08:07.078309+00:00
3665,301276,2026-18090,batch 46,2023,DepEd (DCP),46,0,0,Functional,,2026-04-13 08:44:05.828153+00:00
3681,300489,2026-11064,e-learning cart package,2023,DepEd (DCP),46,0,1,Functional,"Routers, headphones",2026-04-13 08:54:38.906254+00:00
3736,304312,2026-42355,Batch2024-01,2024,DepEd (DCP),46,0,1,Functional,Router,2026-04-13 09:31:27.742912+00:00
3743,303639,2026-38142,Batch 1,2024,DepEd (DCP),46,0,1,Functional,,2026-04-13 09:35:49.975456+00:00
1872,304448,2026-43795,Stirage cart PIXPRO,2020,DepEd (DCP),0,50,0,Functional,,2026-04-10 04:08:07.091952+00:00
2016,137108,2026-22796,batch,2022,DepEd (DCP),46,0,5,Functional,,2026-04-10 05:35:15.272575+00:00
3472,314311,2026-22107,Batch 2024:1,2024,DepEd (DCP),46,0,1,Functional,"Routers , external drive ",2026-04-13 07:16:51.781307+00:00
5342,309622,2026-23538,Batch 01,2022,DepEd (DCP),46,0,1,Functional,"Wireless Router-2, External Hard Drive -1",2026-04-15 03:39:44.559908+00:00
5343,303060,2026-33035,DepEd DCP Batch 2025,2025,DepEd (DCP),51,25,1,Functional,"Network Switch, Projector, External Drive, UPS, Wireless Router, ",2026-04-15 03:40:43.654931+00:00
2578,136692,2026-07535,e-Textbooks # 4 Batch 2019-01: G4-6 ICT Package,2020,DepEd (DCP),1,50,1,Functional,"Router, Optical Mouse, Headset",2026-04-10 14:14:45.570327+00:00
2046,302004,2026-43145,"DCP 2023 E-Learning Cart Package and Smart TV Package, 2024c-ICTS3-(009)-BVI-CB008-CO76 (LOT 12)Batch 2023-01:ELEARNING CART PACKAGE",2024,DepEd (DCP),46,0,0,Functional,"BATHCH2023-01: E-LEARNING CART PACKAGE
LAPTOP- HAIER Laptop BYM45-21311
Accessories of Laptop:
Mouse, Headset, Charger, Complimentary Laptop bag, Windows 11 Pro Education (Shape the Future), USB Bootable software

SMART TV- Xitrix XPN-DSA5850
Accessories of Smart TV:
TV Wall Bracket, 5m HDM Cable, Mount Kit (HDD), Remote Control with battery, Leg Stand

WIRELESS ROUTER- TP Link Archer AX12
STORAGE/CHARGING CART-Entrans EP-26A
EXTERNAL HARD DRIVE-ADATA HD330",2026-04-10 06:02:02.841898+00:00
1911,309619,2026-23550,Batch 2022-01-E-Learning Cart,2024,DepEd (DCP),46,0,1,Functional,,2026-04-10 04:29:47.845726+00:00
7285,119765,2026-32982,40,2018,DepEd (DCP),1,0,0,Non-Functional,"Laptop- unserviceable
speaker - needs repair
",2026-04-21 05:42:26.485596+00:00
2114,302083,2026-25105,2022-01,2022,DepEd (DCP),46,0,1,Functional,"charging carts, wireless router, external hdd",2026-04-10 06:38:24.597911+00:00
2147,307732,2026-17549,44,2024,DepEd (DCP),46,0,0,Functional,,2026-04-10 07:07:37.555303+00:00
7286,119765,2026-32982,29,2016,DepEd (DCP),1,0,0,Non-Functional,laptop- unserviceable,2026-04-21 05:42:26.492308+00:00
2579,136692,2026-07535,Tablet,2025,LGU / SEF,0,50,0,Functional,,2026-04-10 14:14:45.576717+00:00
2516,320606,2026-07564,Batch 2019,2019,DepEd (DCP),1,0,1,Functional,,2026-04-10 12:33:47.222211+00:00
2212,301080,2026-16893,DCP 2024,2024,DepEd (DCP),46,0,0,Functional,bundle: all peripherals like headset and mouse are included. ,2026-04-10 07:45:06.053077+00:00
2213,301080,2026-16893,DCP Package 2019 - 03,2019,DepEd (DCP),43,30,1,Non-Functional,"2 Charging stations - 1 working and 1 not working; with keyboard, mouse, avr",2026-04-10 07:45:06.059100+00:00
2214,301080,2026-16893,DCP Batch 43,2025,DepEd (DCP),40,0,1,Non-Functional,complete with peripherals,2026-04-10 07:45:06.064240+00:00
2244,303263,2026-34049,Batch 2022,2024,DepEd (DCP),46,0,1,Functional,,2026-04-10 07:55:32.150832+00:00
2216,109899,2026-04439,Batch,2024,DepEd (DCP),1,7,2,Functional,,2026-04-10 07:45:55.440104+00:00
2256,500623,2026-09994,Batch 2022-01,2024,DepEd (DCP),46,0,0,Functional,,2026-04-10 08:02:36.467593+00:00
2257,500623,2026-09994,Batch 2024-01,2024,DepEd (DCP),46,0,1,Functional,,2026-04-10 08:02:36.476285+00:00
2258,500623,2026-09994,Batch 2024-02,2024,DepEd (DCP),0,0,5,Functional,,2026-04-10 08:02:36.482023+00:00
2312,500370,2026-09129,eCart Package 2024,2025,DepEd (DCP),46,0,1,Functional,,2026-04-10 08:44:03.444463+00:00
2475,500753,2026-41289,Batch 2023-01,2024,DepEd (DCP),46,0,1,Functional,,2026-04-10 11:41:14.499613+00:00
1917,342300,2026-16813,INFORMATION TECHNOLOGY DEVICES AND ACCESSORIES,2026,DepEd (DCP),25,0,1,Functional,"1 Unit Printer 
",2026-04-10 04:30:05.065450+00:00
2287,301822,2026-22960,Batch 2022-01,2022,DepEd (DCP),46,0,1,Functional,"Router, External Hard Drive",2026-04-10 08:15:11.647041+00:00
7287,119765,2026-32982,26,2016,DepEd (DCP),2,0,0,Non-Functional,"laptops - unserviceable
monitors - unserviceable ",2026-04-21 05:42:26.503518+00:00
7396,304184,2026-41425,LOT 7: IT PACKAGE (E-TEXTBOOK),2019,DepEd (DCP),1,50,0,Non-Functional,,2026-04-22 00:44:31.284159+00:00
2373,300076,2026-08224,Batch 2023-01,2024,DepEd (DCP),46,0,1,Functional,"Routers, Charging Cart, Mouse, Headset with Microphones",2026-04-10 09:38:00.593308+00:00
2398,306909,2026-16699,2004-06,2024,DepEd (DCP),46,0,1,Functional,,2026-04-10 09:49:37.667829+00:00
2428,305543,2026-31594,03,2024,DepEd (DCP),46,0,1,Functional,"Router, CARRYING BAG
ACER OPTICAL WIRELESS MOUSE W/BLUETOOTH W/MOUSE PAD
HEADSET
64GB USB FLASH DRIVE (RECOVERY DRIVE)
XITRIX XPN-DSA5850
TP-LINK ARCHER AX12 ROUTER
TP-LINK ARCHER AX12 ROUTER
VIEWTECHVLT24
VIEWTECHVLT25
LACIE STJJ5000400 RUGGED MINI 5TB
",2026-04-10 10:26:24.950493+00:00
2300,112146,2026-23531,2018-01 E-Textbooks,2019,DepEd (DCP),1,50,0,Non-Functional,unserviceable,2026-04-10 08:31:10.954495+00:00
2447,300971,2026-16446,Batch ,2019,DepEd (DCP),0,50,0,Functional,Router/Charging Cart/HeadSet/Mouse/External HD 2TB,2026-04-10 10:57:48.629414+00:00
2456,301616,2026-05028,DCP 2019,2019,DepEd (DCP),0,50,0,Functional,,2026-04-10 11:10:43.804723+00:00
2457,301616,2026-05028,DCP 2020,2020,DepEd (DCP),0,50,0,Functional,,2026-04-10 11:10:43.811166+00:00
2458,301616,2026-05028,DCP 2024,2024,DepEd (DCP),46,0,0,Functional,,2026-04-10 11:10:43.816549+00:00
2333,302871,2026-31530,2022-01 / ELEARNING CART PACKAGE ,2024,DepEd (DCP),46,0,1,Functional,"Router, headphones, carrying bag, mouse, usb, HDMI, ext hdd",2026-04-10 09:09:54.446004+00:00
2489,300023,2026-07669,Batch 2023-1,2024,DepEd (DCP),46,0,1,Functional,Router 2,2026-04-10 12:09:02.066660+00:00
2488,125340,2026-21703,Batch 42,2018,DepEd (DCP),1,0,2,Non-Functional,12 PC sets,2026-04-10 12:08:32.797473+00:00
2515,301860,2026-23138,Batch 2022-02,2024,DepEd (DCP),46,0,1,Functional,"2 Router, 1Exyernal Hard Drive & 1 flash drive",2026-04-10 12:32:53.246032+00:00
2529,304472,2026-43721,44,2022,DepEd (DCP),46,0,1,Functional,"Hard Drive 
Modem
",2026-04-10 12:54:16.262613+00:00
2547,323904,2026-12887,Batch 4,2024,DepEd (DCP),65,0,0,Functional,,2026-04-10 13:21:12.508098+00:00
2436,304320,2026-42572,Batch2023-Elearning,2024,DepEd (DCP),46,0,0,Functional,"Mouse, Headset, USB Bootable software, smart tv",2026-04-10 10:31:06.528679+00:00
2429,304405,2026-43191,DCP package 2023-01,2023,DepEd (DCP),40,0,1,Functional,"2 wireless router
1 external HDD",2026-04-10 10:26:43.737964+00:00
2559,318802,2026-00825,DCP Package ,2023,DepEd (DCP),44,0,1,Functional,Head sets and mouse,2026-04-10 13:49:37.518155+00:00
2511,107924,2026-16809,BATCH 44,2022,DepEd (DCP),1,50,1,Functional,,2026-04-10 12:26:25.581637+00:00
2560,301903,2026-23700,DCP BATCH 44 Lot 4,2024,DepEd (DCP),0,50,0,Functional,"2 units Charging/Storage Cart, 1 unit Dlink DIR842 Wireless Router",2026-04-10 13:50:38.310490+00:00
2561,301903,2026-23700,DCP 2022-Lot 8-PKG1-CT-01-24-0066,2022,DepEd (DCP),46,0,1,Functional,"2 units Wireless router TP-Link, 2 units Storage Charging Cart Entras EP26-A, Hard nDrive ADATA HD330",2026-04-10 13:50:38.317490+00:00
2566,301659,2026-05550,Batch 1,2025,DepEd (DCP),50,0,1,Functional,,2026-04-10 13:59:15.285766+00:00
1912,306105,2026-12953,2024 - 01,2024,DepEd (DCP),48,50,2,Functional,,2026-04-10 04:30:03.529666+00:00
5175,304762,2026-03034,eLearning Cart Package,2024,DepEd (DCP),60,0,1,Functional,storage cart,2026-04-15 01:38:13.008579+00:00
5344,309508,2026-23019,"Lot 6, Batch 2024-01: E-Learning Cart Package",2024,DepEd (DCP),46,0,1,Functional,"46 Carrying bag, 46 Delux ML39 Optical Wireless Mouse, 46 Goodness Headset, 1 64 gb Flash Drive, 2 Wireless Router, 2 Viewtech Charging Cart, 1 laCie Rugged Mni 5TB Ext. HDD",2026-04-15 03:41:39.924633+00:00
2020,301088,2026-17453,2022 E Learning Cart,2022,DepEd (DCP),46,0,1,Functional,,2026-04-10 05:43:07.172598+00:00
3465,301923,2026-23595,E-Learning Package,2023,DepEd (DCP),46,0,1,Functional,,2026-04-13 07:15:18.218635+00:00
3435,300437,2026-10649,Batch 1,2022,DepEd (DCP),46,0,1,Functional,"2 router, 2 storage cart, 1 external drive",2026-04-13 07:03:06.913639+00:00
2051,300391,2026-10211,Batch 22,2024,DepEd (DCP),46,0,1,Functional,"2 routers, 1 flash drive , 2 storage carts, 1 external hard drive",2026-04-10 06:07:07.538451+00:00
2052,300391,2026-10211,Batch 2018,2018,DepEd (DCP),0,50,0,Non-Functional,,2026-04-10 06:07:07.544626+00:00
7291,304879,2026-04046,eLearning Cart Package,2022,DepEd (DCP),46,0,1,Functional,,2026-04-21 05:52:04.116482+00:00
7292,304747,2026-02665,Batch 2024-01: eLearning Cart Package COBY NBPC2368,2025,DepEd (DCP),46,0,0,Functional,,2026-04-21 05:53:12.936473+00:00
3481,500252,2026-40405,DCP,2024,DepEd (DCP),46,0,1,Functional,"Router - 2
Ext HDD - 1",2026-04-13 07:21:51.642054+00:00
3540,301645,2026-05265,Batch 41,2020,DepEd (DCP),46,1,1,Functional,,2026-04-13 07:45:12.634635+00:00
5702,135288,2026-00836,Batch 29,2018,DepEd (DCP),1,0,0,Non-Functional,,2026-04-15 09:03:54.077970+00:00
5703,135288,2026-00836,Batch 24,2016,DepEd (DCP),1,0,0,Non-Functional,,2026-04-15 09:03:54.083497+00:00
2082,305990,2026-17136,E-Learning Cart 2024,2024,DepEd (DCP),46,0,1,Functional,"Routers, external hard drive",2026-04-10 06:22:13.606221+00:00
2074,304451,2026-44177,batch 44,2019,DepEd (DCP),0,50,0,Non-Functional,,2026-04-10 06:17:43.441646+00:00
2075,304451,2026-44177,batch 44,2023,DepEd (DCP),46,0,0,Non-Functional,,2026-04-10 06:17:43.448384+00:00
5844,307720,2026-17116,DCP 2020: Multi Media Package,2021,DepEd (DCP),2,0,2,Functional,,2026-04-15 13:49:28.201324+00:00
2159,315819,2026-41429,DCP FY 2024,2024,DepEd (DCP),46,0,1,Functional,Routers,2026-04-10 07:11:49.586692+00:00
2148,502126,2026-22637,DCP Package 2023: ELearning Cart Package ,2024,DepEd (DCP),46,0,1,Functional,"adapters, laptop bags, mouse, headset",2026-04-10 07:08:40.189153+00:00
2273,302706,2026-30231,Batch 1,2024,DepEd (DCP),46,0,1,Functional,,2026-04-10 08:07:32.638655+00:00
2215,301080,2026-16893,DCP 2018 - 02,2018,DepEd (DCP),40,0,0,Non-Functional,"with keyboard, mouse, avr",2026-04-10 07:45:06.073667+00:00
2246,500140,2026-16375,Batch 2024-01,2025,DepEd (DCP),46,0,1,Functional,"Wireless Router, External Hard Drive",2026-04-10 07:57:24.905941+00:00
2259,301226,2026-18135,2024-01,2024,DepEd (DCP),46,0,1,Functional,"2 charging carts, 2 wireless routers, 1 external HDD",2026-04-10 08:02:53.455697+00:00
2261,305526,2026-06301,DCP 2022,2023,DepEd (DCP),46,0,1,Functional,,2026-04-10 08:03:19.269283+00:00
2274,302706,2026-30231,Batch 2,2024,DepEd (DCP),51,0,1,Functional,,2026-04-10 08:07:32.644610+00:00
1913,342300,2026-16813,BATCH 2019-03:E-TEXTBOOKS LOT 3,2021,DepEd (DCP),1,50,0,Functional,"1 unit wireless router
2 units pixtro Charging Cart
",2026-04-10 04:30:05.039613+00:00
2476,309936,2026-25689,Batch 2022,2023,DepEd (DCP),50,6,2,Functional,,2026-04-10 11:42:26.958866+00:00
2313,305471,2026-07619,DCP Batch 2022,2024,DepEd (DCP),46,0,1,Functional,"Router 2 units, Headphones-46",2026-04-10 08:45:00.962900+00:00
2071,305779,2026-42223,eLearning Cart Package,2024,DepEd (DCP),46,0,1,Functional,"Router, Headset, Mouse, Laptop Bag",2026-04-10 06:16:40.287469+00:00
2367,301189,2026-17666,Batch 36,2018,DepEd (DCP),2,0,0,Non-Functional,,2026-04-10 09:37:31.734576+00:00
2368,301189,2026-17666,Batch 2019,2019,DepEd (DCP),0,30,0,Non-Functional,,2026-04-10 09:37:31.741106+00:00
2369,301189,2026-17666,Batch 2019,2019,DepEd (DCP),15,0,1,Functional,,2026-04-10 09:37:31.756242+00:00
2370,301189,2026-17666,Batch 2020,2020,DepEd (DCP),1,0,1,Non-Functional,,2026-04-10 09:37:31.762035+00:00
2384,301056,2026-16263,2019-03,2020,DepEd (DCP),1,50,2,Functional,,2026-04-10 09:46:11.344465+00:00
2479,305938,2026-44352,2,2024,DepEd (DCP),46,0,1,Functional,,2026-04-10 11:51:27.070378+00:00
2334,501578,2026-08155,Batch 2023,2024,DepEd (DCP),46,0,1,Functional,"2 Routers, 1 Hrad drive",2026-04-10 09:10:00.561780+00:00
2430,500600,2026-08658,Batch 1,2023,DepEd (DCP),45,0,1,Functional,,2026-04-10 10:27:19.740884+00:00
2431,315816,2026-41812,batch 40,2022,DepEd (DCP),0,0,0,Functional,charger of tablets,2026-04-10 10:27:38.590251+00:00
2448,100520,2026-08187,46,2018,DepEd (DCP),2,100,0,Functional,Routers,2026-04-10 10:58:16.830835+00:00
2491,307710,2026-17455,Batch 44,2024,DepEd (DCP),46,0,0,Functional,,2026-04-10 12:09:54.815436+00:00
2512,107829,2026-17443,Batch 26,2015,DepEd (DCP),1,0,0,Non-Functional,"Host PC/Monitor/Keyboard/Mouse Mouse Pad
Desktop Virtualization/Access Terminal/Thin Clients
Desktop Virtualization/Access Terminal/Thin Clients
Desktop Virtualization/Access Terminal/Thin Clients
Desktop Virtualization/Acess Terminal/Thin Clents
Desktop Virtualization/Access Terminal/Thin Clients
Desktop Vitualization/Access Terminal/Thin Clients
LED Monitor, 18.5"" Widescreen
LED Monitor, 18.5"" Widescreen
LED Monitor, 18.5"" Widescreen
LED Monitor, 18.5"" Widescreen
LED Monitor, 18.5"" Widescreen
LED Monitor, 18.5"" Widescreen
3n1 Inkjet Printer
Projector with Accessories
Projector with Accessories
Multi Media Speaker
Uninterruptible Power Supply
Automatic Voltage Regulator
Networking Peripherals
",2026-04-10 12:28:18.873138+00:00
2513,107829,2026-17443,Batch 29,2016,DepEd (DCP),1,0,0,Non-Functional,"HP 240 G4 LAPTOP with Optical mouse, USB Laptop Cooler,Bag wt Sling
Epson EB-X04 Projector (70x70 Projector Screen )
EDIFIER M1370 Speaker 
",2026-04-10 12:28:18.878588+00:00
2514,502469,2026-23393,Batch 2024,2024,DepEd (DCP),46,0,1,Functional,"USB flash drive, Wireless mouse and Headset",2026-04-10 12:30:12.870500+00:00
2519,306192,2026-31466,Batch 2023,2024,DepEd (DCP),46,0,1,Functional,,2026-04-10 12:36:36.156720+00:00
2399,309509,2026-23449,DCP-2023-01,2024,DepEd (DCP),46,0,1,Functional,"External HD-2
Modem/Router1
Charging Cart-2",2026-04-10 09:50:24.460527+00:00
2531,128377,2026-41556,DCP 2020 LOT 4,2020,DepEd (DCP),1,0,1,Functional,WITH LAPEL AND THE SMART TV AND LAPEL ARE UNSERVICEABLE OR NEED REPAIR WHILE THE LAPTOP IS FUNCTIONAL,2026-04-10 12:54:46.817192+00:00
2490,342200,2026-16839,Batch 40,2024,DepEd (DCP),40,0,1,Functional,2 non-working,2026-04-10 12:09:13.805211+00:00
2564,300269,2026-09962,DCP batch 2022,2024,DepEd (DCP),46,0,1,Functional,"headphones, bags",2026-04-10 13:56:25.589689+00:00
2580,321905,2026-34316,36/e-textbook,2019,DepEd (DCP),2,50,0,Functional,,2026-04-10 14:17:28.933478+00:00
2288,117484,2026-30192,Batch 41,2022,DepEd (DCP),52,0,1,Functional,,2026-04-10 08:15:45.590010+00:00
7156,302431,2026-28171,Batch 40,2018,DepEd (DCP),1,50,0,Functional,,2026-04-20 14:34:57.892800+00:00
1924,300129,2026-08498,BATCH 1,2024,DepEd (DCP),45,0,1,Functional,,2026-04-10 04:34:12.771706+00:00
1925,300129,2026-08498,LOT 1 IT PACKAGE E-TEXTBOOK,2019,DepEd (DCP),1,50,0,Non-Functional,TABLETS NOT OPERATIONAL,2026-04-10 04:34:12.777716+00:00
1927,300046,2026-08152,Batch 43,2024,DepEd (DCP),46,0,0,Functional,,2026-04-10 04:34:24.817293+00:00
1926,303217,2026-34370,BATCH 2024-01,2024,DepEd (DCP),46,0,1,Functional,,2026-04-10 04:34:16.908039+00:00
1929,305463,2026-07561,BACTH 2,2019,DepEd (DCP),50,50,5,Functional,,2026-04-10 04:37:06.053113+00:00
2021,301152,2026-17182,Batch 2023-01:E-Learning Cart Package set 12,2024,DepEd (DCP),45,0,1,Functional,,2026-04-10 05:44:26.421510+00:00
2041,307731,2026-17048,Batch 2024-01,2024,DepEd (DCP),46,0,1,Functional,,2026-04-10 06:00:22.023139+00:00
3478,316302,2026-43130,Batch 4,2020,DepEd (DCP),46,100,2,Functional,,2026-04-13 07:20:36.655487+00:00
2115,106456,2026-15507,"LOT 2, REGION 3",2019,DepEd (DCP),1,50,0,Functional,,2026-04-10 06:42:27.278139+00:00
1936,304519,2026-44539,Batch 2024,2024,DepEd (DCP),46,30,2,Functional,adapters,2026-04-10 04:44:05.514734+00:00
1937,300318,2026-09938,batch 42,2024,DepEd (DCP),46,0,0,Functional,"routers, headphones, mouse, backpacks",2026-04-10 04:45:00.027085+00:00
1928,307718,2026-17517,44,2022,DepEd (DCP),42,0,1,Functional,,2026-04-10 04:35:26.613551+00:00
1962,301176,2026-17678,Package 1 E-Learning Cart,2024,DepEd (DCP),46,0,1,Functional,Headphones and router,2026-04-10 05:03:31.033441+00:00
1964,312919,2026-33796,DCP 2023,2024,DepEd (DCP),46,0,1,Functional,"Routers, External Hard Drive, Headset",2026-04-10 05:04:50.163704+00:00
2083,305969,2026-44353,DCP 2023,2024,DepEd (DCP),46,0,1,Functional,Functional,2026-04-10 06:22:16.140181+00:00
2149,305307,2026-06895,Batch 2023-01,2024,DepEd (DCP),46,0,0,Functional,"Storage Cart, silicon power armor",2026-04-10 07:09:18.436385+00:00
2150,305307,2026-06895,Batch 2022-01,2024,DepEd (DCP),46,0,1,Functional,"Storage Cart, Router, External Drive, Flash Drive",2026-04-10 07:09:18.442317+00:00
2170,301122,2026-17135,elc2024,2024,DepEd (DCP),46,0,1,Functional,,2026-04-10 07:18:20.068653+00:00
2171,303187,2026-33238,DCP2024,2024,DepEd (DCP),46,0,1,Functional,,2026-04-10 07:18:34.288213+00:00
3543,502173,2026-01194,Batch 2024-03 -Laptop for Teachers,2024,DepEd (DCP),5,0,0,Functional,"mouse, headset",2026-04-13 07:45:42.862285+00:00
2280,301833,2026-23105,BATCH 2020-01 - 3 LEARNING CART PACKAGE,2024,DepEd (DCP),46,0,1,Functional,"HEADPHONES, MOUSE",2026-04-10 08:11:50.704956+00:00
2341,304512,2026-44262,Bat h 2022,2022,DepEd (DCP),46,0,1,Functional,"Headset with microphone, mouse",2026-04-10 09:10:53.847523+00:00
2413,120653,2026-34121,Batch 40,2021,DepEd (DCP),5,0,6,Functional,,2026-04-10 10:04:40.946554+00:00
2303,501935,2026-38410,2024,2024,DepEd (DCP),46,0,1,Functional,,2026-04-10 08:35:28.355241+00:00
2276,118257,2026-31235,2023,2024,DepEd (DCP),46,0,1,Functional,,2026-04-10 08:08:18.541413+00:00
1975,301456,2026-19485,eLearning Cart Package 2024,2024,DepEd (DCP),46,0,1,Functional,,2026-04-10 05:10:31.521320+00:00
5216,126863,2026-41308,32,2016,DepEd (DCP),2,10,2,Functional,"Headphones, Keyboards, Mouse, Laptop Coolers, Sling Bag",2026-04-15 02:24:09.476760+00:00
2217,109990,2026-04563,Batch 42,2018,DepEd (DCP),2,0,0,Functional,"12 units of Desktop with UPS, keyboards, mouse,router, 2 LG LED TV. ",2026-04-10 07:46:15.486055+00:00
2218,109990,2026-04563,Batch 29 Lot 9,2017,DepEd (DCP),1,0,0,Non-Functional,Damage by typhoon. Epson Projector(Broken) ,2026-04-10 07:46:15.499612+00:00
2219,109990,2026-04563,Batch 26,2016,DepEd (DCP),1,0,0,Non-Functional,"6 units of monitor, 1 Host PC, keyboards, mouse, router, Projector Screen, Tripod Screen. ",2026-04-10 07:46:15.507088+00:00
2354,304511,2026-44180,1,2024,DepEd (DCP),48,0,1,Functional,"Router 2, Charging Carts 2, External HDD 1",2026-04-10 09:23:35.936834+00:00
2493,107629,2026-17487,Batch 19,2014,DepEd (DCP),1,0,0,Non-Functional,UNSERVICEABLE,2026-04-10 12:13:48.947520+00:00
2362,500074,2026-13025,Batch 2022 and 2024,2024,DepEd (DCP),92,0,2,Functional,1 of the laptops is missing due to theft/robbery ,2026-04-10 09:35:09.697967+00:00
2415,501890,2026-02233,2022-01-eLC,2024,DepEd (DCP),46,0,1,Functional,,2026-04-10 10:08:05.850910+00:00
2405,302258,2026-26457,Batch 2022-01,2024,DepEd (DCP),0,57,0,Functional,,2026-04-10 09:57:19.963569+00:00
2432,304515,2026-44193,Batch 2019-02,2020,DepEd (DCP),46,0,1,Functional,,2026-04-10 10:28:02.525733+00:00
2433,304515,2026-44193,Batch 2019-02,2020,DepEd (DCP),46,0,1,Functional,,2026-04-10 10:28:02.530508+00:00
2449,112104,2026-23471,Batch 40,2019,DepEd (DCP),1,50,0,Non-Functional,Damaged due to calamity,2026-04-10 11:01:47.599302+00:00
2461,309161,2026-05064,Batch 2022-01,2022,DepEd (DCP),46,0,1,Functional,,2026-04-10 11:17:48.550331+00:00
2477,301705,2026-06004,DCP Batch 2022-01,2024,DepEd (DCP),46,0,1,Functional,"Routers, External Drive, Flash Drive Recovery Drive",2026-04-10 11:43:12.252115+00:00
2473,304415,2026-43686,Batch 2024,2024,DepEd (DCP),50,0,1,Functional,"Routers, Headphones etc.",2026-04-10 11:33:59.695674+00:00
2314,312944,2026-33990,Batch 2018,2018,DepEd (DCP),0,50,0,Functional,,2026-04-10 08:45:15.002790+00:00
2315,312944,2026-33990,ELearning Package,2024,DepEd (DCP),46,0,1,Functional,,2026-04-10 08:45:15.008889+00:00
2494,107629,2026-17487,Batch 29,2016,DepEd (DCP),1,0,0,Non-Functional,UNSERVICEABLE,2026-04-10 12:13:48.953889+00:00
2495,107629,2026-17487,Batch 40,2018,DepEd (DCP),1,0,0,Non-Functional,UNSERVICEABLE,2026-04-10 12:13:48.959531+00:00
2517,307722,2026-17518,BATCH 2023-1,2024,DepEd (DCP),46,0,1,Functional,,2026-04-10 12:35:12.396181+00:00
2532,128377,2026-41556,DCP BATCH 19,2013,DepEd (DCP),1,0,0,Non-Functional,"WITH 1 UPS, 7 MONITORS, 1 SPEAKER, 1 PRINTER, 6 KEYBOARDS, 6 MOUSE, 2 PROJECTORS, 1 PROJECTOR SCREEN, 1 PROJECTOR SCREEN TRIPOD, 1 BRACKET, 1 AVR, 1 ROUTER, 5 CABLE ADAPTORS,& 1 CEILING MOUNT BRACKER THAT ARE ALL UNSERVICEABLE OR NEED REPAIR EXCEPT FOR THE AVR WHICH IS FUNCTIONAL",2026-04-10 12:54:46.823269+00:00
2533,128377,2026-41556,DCP BATCH 29,2017,DepEd (DCP),1,0,0,Non-Functional,"WITH 1 SPEAKER, 1 MOUSE, 1 MOUSE PAD, 1 COOLING FAN, 1 PROJECTOR, & 1 PROJECTOR SCREEN",2026-04-10 12:54:46.828265+00:00
2549,123758,2026-38001,DepEd Starlink,2026,DepEd (DCP),0,0,0,Functional,,2026-04-10 13:27:29.862792+00:00
2582,303260,2026-34160,22,2022,DepEd (DCP),46,0,1,Functional,"ROUTERS, HEADPHONES",2026-04-10 14:21:57.847948+00:00
2601,305928,2026-30246,Batch 2025-03,2025,DepEd (DCP),5,80,0,Functional,Charging box,2026-04-10 15:03:36.764928+00:00
2382,316007,2026-43492,BATCH 2023-01: Elearning Cart Package,2023,DepEd (DCP),46,0,1,Functional,ROUTER & HARDRIVE,2026-04-10 09:42:08.543501+00:00
2351,305244,2026-01898,DCP 2022,2024,DepEd (DCP),46,0,1,Functional,"2 routers, 46 headphone, 2 storage, 1 external drive, 46 mouse, 46 headset, 46 power adapter",2026-04-10 09:23:00.337698+00:00
1939,307726,2026-17117,2,2023,DepEd (DCP),47,50,2,Functional,,2026-04-10 04:47:19.009990+00:00
1940,300215,2026-09124,44,2018,DepEd (DCP),2,50,1,Functional,,2026-04-10 04:47:22.878729+00:00
1941,300215,2026-09124,2,2018,DepEd (DCP),2,50,1,Functional,,2026-04-10 04:47:22.887813+00:00
5177,502330,2026-20476,SPHV-2024-03-0130,2024,DepEd (DCP),46,0,1,Functional,"Hard Drive, Router",2026-04-15 01:41:11.843208+00:00
1943,110967,2026-05753,44,2024,DepEd (DCP),5,5,7,Non-Functional,Non Functional,2026-04-10 04:48:41.546861+00:00
1954,305464,2026-07548,BATCH 2020,2020,DepEd (DCP),7,50,2,Non-Functional,,2026-04-10 04:57:55.859675+00:00
1955,305464,2026-07548,BATCH 2025,2025,LGU / SEF,40,159,31,Functional,,2026-04-10 04:57:55.865871+00:00
1972,502056,2026-25042,2023,2023,DepEd (DCP),46,0,0,Non-Functional,,2026-04-10 05:07:54.897548+00:00
1944,500124,2026-15435,Batch 2022 -01,2024,DepEd (DCP),46,0,1,Functional,"Router, TP Link, external drive",2026-04-10 04:49:31.628490+00:00
1945,500124,2026-15435,Batch 2022-01,2024,DepEd (DCP),46,0,1,Functional,,2026-04-10 04:49:31.633279+00:00
1946,500124,2026-15435,BATCH 2019,2021,DepEd (DCP),1,50,1,Functional,"routers, printer, headphone, smart tv",2026-04-10 04:49:31.638244+00:00
2038,304280,2026-42295,Elearning Cart Package,2024,DepEd (DCP),46,0,1,Functional,,2026-04-10 05:58:58.363164+00:00
2039,304280,2026-42295,Elearning Cart Package ,2023,DepEd (DCP),46,0,1,Functional,,2026-04-10 05:58:58.370912+00:00
1967,342203,2026-17156,Batch 2022-01,2024,DepEd (DCP),46,0,1,Functional,Headset and Mouse,2026-04-10 05:06:23.984203+00:00
1971,114479,2026-26451,Desktop2024,2024,LGU / SEF,12,0,0,Functional,,2026-04-10 05:07:05.951341+00:00
5348,303049,2026-32797,DCP FY 2025,2025,DepEd (DCP),5,0,0,Functional,,2026-04-15 03:47:23.344372+00:00
2086,100828,2026-08521,DCP2025,2025,DepEd (DCP),5,0,0,Functional,,2026-04-10 06:22:19.175698+00:00
2332,105319,2026-16400,FY 2024,2024,DepEd (DCP),46,0,1,Functional,,2026-04-10 09:09:38.299460+00:00
2187,301143,2026-20340,Batch 2023-01,2024,DepEd (DCP),51,0,2,Functional,45 Headset ,2026-04-10 07:35:12.242462+00:00
2223,500057,2026-10222,BATCH 2023-01: eLearning Cart Package,2023,DepEd (DCP),46,0,1,Functional,,2026-04-10 07:51:32.433569+00:00
2245,501547,2026-08347,e-Learning CArt 2024,2024,DepEd (DCP),46,0,1,Functional,"2 Routers, 2 Storage Cart, 1 External Hard Drive, 1 Flash Drive",2026-04-10 07:55:37.462751+00:00
2250,500212,2026-31174,Batch 22,2024,DepEd (DCP),46,0,1,Functional,"Router, Storage Cart, External Hard Drive, Flask Drive (Recovery Disk)",2026-04-10 07:59:35.529776+00:00
7157,305896,2026-12404,Batch 1,2024,DepEd (DCP),42,0,1,Functional,"Routers, headphones, mouse, laptop bags, HDMI cable, external hard drive, Flash Drive (Recovery Disk) ",2026-04-20 14:37:25.886755+00:00
2342,304206,2026-41763,2024-01,2024,DepEd (DCP),46,0,1,Functional,"WIRELESS ROUTER 2, EXTERNAL HDD 1",2026-04-10 09:13:57.495621+00:00
2285,107282,2026-16897,Batch 19,2014,DepEd (DCP),0,0,0,Non-Functional,,2026-04-10 08:14:44.734324+00:00
5708,300906,2026-14860,Batch 2022-01 Elearning Cart Package,2022,DepEd (DCP),46,0,1,Functional,"Router, headset and wireless mouse",2026-04-15 09:17:53.706035+00:00
5349,129283,2026-42504,Batch 2024-01,2024,DepEd (DCP),46,0,1,Functional,"1- unit Smart tv
2 units Wireless router TP link Archer
1 unit external hard drive",2026-04-15 03:47:27.664663+00:00
2435,300060,2026-08444,2024,2024,DepEd (DCP),0,0,3,Functional,,2026-04-10 10:30:50.989918+00:00
2304,342218,2026-17391,2023-01,2024,DepEd (DCP),46,0,1,Functional,"WiFi Router, Charging Cart, External HDD",2026-04-10 08:36:51.317329+00:00
1318,305192,2026-01652,Batch 2022-01,2024,DepEd (DCP),46,0,1,Functional,,2026-04-09 06:04:18.885298+00:00
2151,303939,2026-22870,LOT 6 ICT Package (E-TEXTBOOK),2020,DepEd (DCP),1,43,0,Functional,Wireless Router: Linksys EA750,2026-04-10 07:10:02.401994+00:00
2152,303939,2026-22870,JHS/SHS ICT Package-BATCH 2019,2021,DepEd (DCP),50,0,1,Functional,"TP Link Archer C9, Cannon Fixma Printer TS5370",2026-04-10 07:10:02.410224+00:00
2320,301583,2026-04718,Batch 2024,2024,DepEd (DCP),46,0,1,Functional,"Routers, adaptors ate still finctional",2026-04-10 08:55:56.065020+00:00
5508,301257,2026-18173,DCP Batch 2022,2025,DepEd (DCP),46,0,1,Functional,,2026-04-15 06:39:35.219861+00:00
2450,500076,2026-11856,2024-01,2024,DepEd (DCP),46,0,1,Functional,,2026-04-10 11:04:12.432395+00:00
1950,301145,2026-16895,Batch 2022-01/E-Learning Cart Package,2024,DepEd (DCP),46,0,1,Functional,"2 routers, 2 storage cart, 1 external hard drive, 1 flash drive( recovery disc)",2026-04-10 04:54:56.148293+00:00
5845,117700,2026-30403,DCP 2020: MULTIMEDIA PACKAGE LOT 3,2020,DepEd (DCP),1,0,0,Functional,,2026-04-15 13:53:41.984256+00:00
2408,100548,2026-08215,L4T  (Laptop for Teachers) Lot 2,2025,DepEd (DCP),5,0,0,Functional,"With Power Adaptor Type C, 65W
Headset, 3.5mm audio jack with built-in microphone
Mouse, wireless, optical batteries included
1 pc. Copy of Software in USB Format (bootable) ",2026-04-10 09:58:52.759680+00:00
2462,303769,2026-21798,Batch 2019-02 JHS SHS,2019,DepEd (DCP),20,12,0,Functional,,2026-04-10 11:19:39.643716+00:00
2463,303769,2026-21798,Batch 2019-02 JHS SHS,2019,DepEd (DCP),0,15,0,Functional,,2026-04-10 11:19:39.654982+00:00
2464,304676,2026-04346,DCP E-Learning,2024,DepEd (DCP),46,0,1,Functional,with 2 Charging Stations,2026-04-10 11:21:31.770574+00:00
5853,305208,2026-01819,Batch 1,2022,DepEd (DCP),46,0,1,Functional,,2026-04-15 14:37:17.269928+00:00
2434,303858,2026-22248,Batch 2024-01,2024,DepEd (DCP),46,0,1,Functional,2 Routers,2026-04-10 10:29:46.622948+00:00
2022,128640,2026-41875,BATCH 29,2017,DepEd (DCP),1,0,0,Functional,,2026-04-10 05:47:52.880909+00:00
2023,128640,2026-41875,BATCH 43,2018,DepEd (DCP),1,0,0,Functional,,2026-04-10 05:47:52.886873+00:00
2518,502433,2026-38184,2024,2025,DepEd (DCP),92,0,1,Functional,"Router, Headphones & Adaptor",2026-04-10 12:36:11.458684+00:00
1951,300080,2026-08345,Batch 2022-01: Elearning Cart Package,2024,DepEd (DCP),46,0,1,Functional,,2026-04-10 04:57:12.864954+00:00
1952,300080,2026-08345,Lot 1:IT Package (E-textbook),2019,DepEd (DCP),1,50,0,Functional,,2026-04-10 04:57:12.874893+00:00
1953,300080,2026-08345,Batch 2019-02: JHS/SHS ICT PACKAGE- Lot 1,2021,DepEd (DCP),51,0,0,Functional,,2026-04-10 04:57:12.880329+00:00
2024,128640,2026-41875,BATCH 2021,2022,DepEd (DCP),11,0,0,Functional,,2026-04-10 05:47:52.892891+00:00
2535,314210,2026-21124,elearning Cart Package,2022,DepEd (DCP),46,0,1,Functional,,2026-04-10 13:00:43.591270+00:00
2536,314210,2026-21124,E-Textbook ,2018,DepEd (DCP),1,50,0,Functional,,2026-04-10 13:00:43.597078+00:00
2538,309605,2026-23702,BATCH 2022-01,2022,DepEd (DCP),46,0,0,Functional,,2026-04-10 13:05:31.557174+00:00
2356,316530,2026-43937,Batch 2024,2024,DepEd (DCP),46,0,1,Functional,"HEADPHONES, ROUTERS, EXTERNAL HDD",2026-04-10 09:25:59.608821+00:00
2534,308603,2026-19821,BATCH 2023,2024,DepEd (DCP),46,0,1,Functional,Some are not functioning well,2026-04-10 12:59:58.983964+00:00
2025,501984,2026-44770,Batch 44,2018,DepEd (DCP),20,0,0,Functional,,2026-04-10 05:49:23.591265+00:00
1968,303764,2026-21217,Batch 2019-02,2021,DepEd (DCP),51,0,1,Functional,,2026-04-10 05:06:36.850228+00:00
1969,303764,2026-21217,FY 2022 eLC,2024,DepEd (DCP),46,0,1,Functional,"external hard drive, storage/charging carts, routers",2026-04-10 05:06:36.855207+00:00
1970,303764,2026-21217,Batch 36,2018,DepEd (DCP),2,0,0,Functional,"Host PC, Terminal Access(Monitor,Keyboard and Mouse) Desktop Virtualization Devise, Projector, UPS",2026-04-10 05:06:36.860292+00:00
2026,303272,2026-33986,Batch 22,2024,DepEd (DCP),46,0,1,Functional,"Routers, Headphones, adapters",2026-04-10 05:53:49.118253+00:00
2355,304277,2026-42166,Batch 48,2024,DepEd (DCP),53,50,1,Functional,,2026-04-10 09:25:42.574909+00:00
5178,502157,2026-02279,DCP2023-E-LEARNING PACKAGE,2023,DepEd (DCP),46,0,0,Functional,,2026-04-15 01:43:18.682159+00:00
1965,305600,2026-05875,Batch 2,2024,DepEd (DCP),46,0,1,Functional,Routers,2026-04-10 05:05:01.780419+00:00
2119,301429,2026-19451,DCP 2023,2023,DepEd (DCP),46,0,0,Functional,,2026-04-10 06:47:12.089186+00:00
2120,301429,2026-19451,DCP 2022,2022,DepEd (DCP),2,0,2,Functional,,2026-04-10 06:47:12.098816+00:00
2451,313725,2026-38048,Batch,2025,DepEd (DCP),5,0,0,Functional,,2026-04-10 11:04:46.957774+00:00
2184,304508,2026-44124,Batch 2022-01,2024,DepEd (DCP),46,0,1,Functional,"Router, external hard drive",2026-04-10 07:33:21.567810+00:00
1623,304436,2026-43701,Batch 1 E-Textbook,2019,DepEd (DCP),1,50,0,Non-Functional,1 wireless router,2026-04-10 02:19:23.335671+00:00
1242,118092,2026-31030,Batch 21,2021,DepEd (DCP),1,50,1,Functional,1 printer,2026-04-09 03:58:58.208702+00:00
2054,303082,2026-33535,LOT 9: IT PACKAGE (E-TEXTBOOK) ,2019,DepEd (DCP),1,50,0,Functional,Wireless Router: Linksys EA7500,2026-04-10 06:07:57.019638+00:00
3482,319205,2026-01901,DCP2011,2011,DepEd (DCP),0,0,0,Non-Functional,,2026-04-13 07:22:19.375915+00:00
2539,500425,2026-43258,Batch 2024-01,2024,DepEd (DCP),46,0,1,Functional,"TV Wall Bracket 1
Mount Kit (HDD) 1
Wireless Router 2",2026-04-10 13:11:34.296697+00:00
2294,300350,2026-09605,MLIR2024-09-001,2024,DepEd (DCP),46,0,2,Functional,,2026-04-10 08:23:44.365562+00:00
1901,305422,2026-07308,Batch 2024-01: eLearning Cart Package,2024,DepEd (DCP),46,0,1,Functional,"TP Link Archer Router
Acer Backpack
Promate Wireless Opticl Mouse
Promate La Boca Headphone
Basic Full Motion TV Mount
5 meter HDMI Cable
Media Player/Portable Storage Mounting Kit(small)
Silicon Power SP050TBPHD62LS3K Armor A62 5TB HDD
UB Recovery Flash Drive",2026-04-10 04:22:35.203881+00:00
2226,305571,2026-16528,Batch 2024,2024,DepEd (DCP),46,0,1,Functional,"Headphones, Routers",2026-04-10 07:52:54.071585+00:00
2227,305571,2026-16528,Batch 2024-02,2024,DepEd (DCP),6,0,0,Functional,,2026-04-10 07:52:54.077730+00:00
2027,301418,2026-19908,Batch 2024-2,2024,DepEd (DCP),46,0,1,Functional,,2026-04-10 05:53:50.775767+00:00
2437,314116,2026-20474,2023 E-Learning Package,2023,DepEd (DCP),51,0,1,Functional,"Routers, External Hard Drive",2026-04-10 10:35:23.914888+00:00
2318,303635,2026-38113,BATCH44,2005,DepEd (DCP),48,0,1,Functional,,2026-04-10 08:54:01.045716+00:00
3483,319205,2026-01901,DCP 2016,2016,DepEd (DCP),0,0,0,Functional,,2026-04-13 07:22:19.383686+00:00
2344,342198,2026-17186,Batch 2023-01,2024,DepEd (DCP),46,0,1,Functional,"Routers, Headphone",2026-04-10 09:18:06.199953+00:00
2188,303300,2026-34260,2024-01,2024,DepEd (DCP),46,0,1,Functional,"Wireless router - 2, external HDD - 1",2026-04-10 07:35:18.965816+00:00
2189,303300,2026-34260,2022-01,2022,DepEd (DCP),46,0,1,Functional,"Wireless router - 2, external HDD - 1",2026-04-10 07:35:18.977618+00:00
2264,301132,2026-17206,Batch 2024-01,2024,DepEd (DCP),46,0,1,Functional,"2 Routers, 1 external HDD",2026-04-10 08:04:52.152890+00:00
3544,502173,2026-01194,Batch 2021,2024,DepEd (DCP),4,0,0,Functional,"mouse, external storage drive, headset, recovery drive",2026-04-13 07:45:42.868475+00:00
2154,300380,2026-10200,DCP Packages 2024-01,2024,DepEd (DCP),46,0,1,Functional,,2026-04-10 07:10:11.621339+00:00
2388,304288,2026-42239,BATCH 2022-01,2024,DepEd (DCP),50,0,1,Functional,,2026-04-10 09:47:22.819682+00:00
2293,306941,2026-16720,eLearning Cart DCP Package,2025,DepEd (DCP),46,0,1,Functional,"1 router, 46 mouse, 46 headset",2026-04-10 08:23:05.092196+00:00
2401,321004,2026-08536,Batch 46,2024,DepEd (DCP),46,0,1,Functional,Some of the laptop can't open,2026-04-10 09:56:20.207031+00:00
5350,301898,2026-23549,Batch 2022-01,2024,DepEd (DCP),46,0,0,Functional,"Mouse, Headset, Charger, Complimentary Laptop Bag, Windows 11 Pro Education, USB Bootable Software, Wireless Router, External Hard Drive",2026-04-15 03:48:28.861432+00:00
2402,301765,2026-06462,Batch 2024-01,2024,DepEd (DCP),46,0,1,Functional,,2026-04-10 09:56:20.344786+00:00
2414,301064,2026-16391,2022,2022,LGU / SEF,46,0,1,Functional,"46pcs. Mouse
46pcs. Backpack
46pcs. Headphone
2pcs. TP-LINK ARCHER AX12 AX1500 WIFI 6 ROUTER
1pc. SEAGATE LACIE MINI 5TB STJJ5000400 EXTERNAL HARD DRIVE
1pc. TNE LT-CART- 24AC-1 CHARGING CART
",2026-04-10 10:06:28.285185+00:00
2420,501889,2026-02224,31,2023,DepEd (DCP),46,0,1,Functional,"HEAD SET:ADAPTER:LAPTOP RATIO
1:1:1",2026-04-10 10:13:18.258487+00:00
2497,302283,2026-26618,Batch 2019-e-textbook,2020,DepEd (DCP),1,50,0,Functional,,2026-04-10 12:15:27.234731+00:00
2498,300543,2026-12987,2019-03,2019,DepEd (DCP),50,0,0,Non-Functional,,2026-04-10 12:15:33.361981+00:00
2499,300543,2026-12987,Batch 41,2018,DepEd (DCP),50,0,0,Non-Functional,,2026-04-10 12:15:33.367675+00:00
2500,300543,2026-12987,2020,2021,DepEd (DCP),1,0,1,Non-Functional,"Lapel, NO ECART GIVEN",2026-04-10 12:15:33.372826+00:00
2520,107278,2026-16888,Batch 29,2016,DepEd (DCP),1,0,0,Functional,,2026-04-10 12:39:04.769231+00:00
2521,107278,2026-16888,Batch 40,2018,DepEd (DCP),1,0,0,Functional,,2026-04-10 12:39:04.775394+00:00
2522,107278,2026-16888,Batch 42,2018,DepEd (DCP),2,0,2,Functional,,2026-04-10 12:39:04.780928+00:00
2553,123688,2026-37922,2022,2024,DepEd (DCP),42,0,5,Functional,"headphones, mouse",2026-04-10 13:38:19.600958+00:00
2372,304446,2026-43783,Batch 2022-01,2023,DepEd (DCP),46,0,1,Functional,2 Routers,2026-04-10 09:37:47.210950+00:00
2571,312929,2026-34026,ELC Package Batch 2022,2023,DepEd (DCP),46,0,1,Functional,"2 Routers, 1 Smart TV",2026-04-10 14:06:08.321131+00:00
2605,302034,2026-24344,DCP22 E-Learning Cart Package ,2024,DepEd (DCP),46,0,0,Functional,,2026-04-10 15:08:06.155534+00:00
2615,301826,2026-22986,ECart 2023,2024,DepEd (DCP),46,0,1,Functional,"Headphones, wireless mouse",2026-04-10 16:01:36.969553+00:00
2616,301826,2026-22986,Batch 36,2018,DepEd (DCP),2,0,0,Non-Functional,"Multimedia speaker, projector, desktop, printer, ups, host PC, avr, tp link",2026-04-10 16:01:36.976182+00:00
2622,107676,2026-17330,Batch 29,2016,DepEd (DCP),1,0,0,Non-Functional,Not functional,2026-04-10 17:16:38.199087+00:00
2628,301528,2026-04547,Batch 44,2025,DepEd (DCP),55,0,1,Functional,"Head sets, routers, e-cart station",2026-04-10 20:57:00.001651+00:00
2642,500087,2026-13026,Batch 2019-03,2019,DepEd (DCP),1,50,0,Functional,Router,2026-04-10 23:52:35.074975+00:00
2643,500087,2026-13026,Batch 02,2019,DepEd (DCP),51,0,1,Functional,"Router, Printer Epson L3150",2026-04-10 23:52:35.081576+00:00
2644,303754,2026-21795,FY 2022 eLC,2023,DepEd (DCP),46,0,0,Functional,,2026-04-10 23:55:02.427233+00:00
2645,303754,2026-21795,Batch 2019-02 JHS SHS,2020,DepEd (DCP),50,0,0,Functional,,2026-04-10 23:55:02.433548+00:00
2646,316108,2026-42528,Batch 2022-01,2024,DepEd (DCP),46,0,1,Functional,"Router,storage cart, external drive, flash drive,",2026-04-11 00:38:50.793414+00:00
2647,316108,2026-42528,Tablet PC,2019,DepEd (DCP),0,50,0,Functional,"Storage cart, charger,headset,mouse,tablet PC bag,wireless ethernet",2026-04-11 00:38:50.799962+00:00
2648,123356,2026-37596,batch 44,2021,DepEd (DCP),2,0,1,Non-Functional,,2026-04-11 00:49:43.025076+00:00
2649,301118,2026-17347,Batch 2023,2024,DepEd (DCP),46,0,1,Functional,"Data External Drive, Headset, wireless mouse, bag, mouse pad, charging cart, TP link wireless router archer, USB Flash drive",2026-04-11 00:59:21.933819+00:00
2650,305951,2026-43968,Batch 44,2024,DepEd (DCP),46,0,1,Functional,"Routers, headphones, mouse",2026-04-11 01:09:07.883919+00:00
2651,303759,2026-21215,Batch 46,2023,DepEd (DCP),46,0,1,Functional,"2 Routers, 1 External Hard drive",2026-04-11 01:09:12.492538+00:00
7159,500952,2026-02814,Batch 44,2024,DepEd (DCP),55,0,1,Functional,,2026-04-20 15:23:04.761200+00:00
5179,313313,2026-34879,Batch 2023-01,2024,DepEd (DCP),46,0,1,Functional,,2026-04-15 01:45:18.458703+00:00
2654,301887,2026-23619,BATCH 2022-01 E-LEARNING CART PACKAGE,2024,DepEd (DCP),46,0,1,Functional,,2026-04-11 01:39:39.473157+00:00
2655,301887,2026-23619,LOT NO.4 BATCH 2019-03 E-TEXTBOOKS,2021,DepEd (DCP),1,50,0,Non-Functional,,2026-04-11 01:39:39.479330+00:00
2656,301887,2026-23619,LOT NO. 4 BATCH 41,2018,DepEd (DCP),1,50,2,Non-Functional,,2026-04-11 01:39:39.487100+00:00
3480,316701,2026-44928,DCP-BATCH,2024,DepEd (DCP),46,0,1,Functional,"WIRELESS ROUTERS, CHARGER, STORAGE CART, EXTERNAL DRIVE",2026-04-13 07:21:11.503322+00:00
2661,500699,2026-41184,Batch 23,2024,DepEd (DCP),46,0,0,Functional,Some laptops are already defective,2026-04-11 02:18:44.519132+00:00
2701,500888,2026-19698,DCP 2023,2024,DepEd (DCP),46,0,0,Functional,,2026-04-11 04:53:19.396220+00:00
3545,502173,2026-01194,Batch 2024-01- eLearning Cart Package,2024,DepEd (DCP),46,0,1,Functional,"TP-Link, Power Armor",2026-04-13 07:45:42.874711+00:00
2657,342752,2026-05966,BATCH ,2021,DepEd (DCP),4,0,1,Non-Functional,,2026-04-11 02:05:25.634833+00:00
2660,314307,2026-22192,Batch 2024,2024,DepEd (DCP),46,50,0,Functional,,2026-04-11 02:15:21.990190+00:00
2663,301464,2026-19355,2024-01,2024,DepEd (DCP),46,0,1,Functional,Headphones,2026-04-11 02:30:22.125757+00:00
2664,304080,2026-40629,DCP BATCH 36,2024,DepEd (DCP),50,0,0,Functional,,2026-04-11 02:51:32.563442+00:00
2665,231003,2026-26671,Lot 6,2025,DepEd (DCP),5,0,0,Functional,"Fiber Wifi, Headphones, cctv",2026-04-11 02:57:08.971169+00:00
2666,302976,2026-32430,eLearning Cart,2024,DepEd (DCP),42,0,1,Functional,Routers and Headphones,2026-04-11 02:58:46.379382+00:00
2667,301901,2026-23568,BATCH 2023-1,2024,DepEd (DCP),46,0,1,Functional,"Carrying Bag, Headset, Mouse, Flash Drive, Router, External Drive",2026-04-11 03:18:10.888810+00:00
2668,301901,2026-23568,BATCH 2023-01,2024,DepEd (DCP),46,0,1,Functional,"ROUTER, MOUSE, FLASH DRIVE, EXTERNAL DRIVE, HEADSET, CARRYING BAG",2026-04-11 03:18:10.895450+00:00
2630,501209,2026-41172,Batch 22,2023,DepEd (DCP),46,0,1,Functional,"Headphones, router, hard drive",2026-04-10 21:00:24.158379+00:00
2670,300947,2026-15604,Batch 2019 - 03,2019,DepEd (DCP),0,38,0,Functional,Working,2026-04-11 03:24:05.876061+00:00
2672,500295,2026-44544,eLearning Cart Package,2024,DepEd (DCP),46,0,0,Functional,,2026-04-11 03:27:23.359893+00:00
2673,314914,2026-38888,Batch,2022,DepEd (DCP),46,0,1,Non-Functional,"Wireless Router, External HDD",2026-04-11 03:42:12.351265+00:00
2674,314914,2026-38888,Batch 2021,2021,DepEd (DCP),1,0,1,Functional,,2026-04-11 03:42:12.358419+00:00
2675,314914,2026-38888,Batch 2024,2024,DepEd (DCP),46,0,1,Functional,,2026-04-11 03:42:12.366018+00:00
2676,314914,2026-38888,Batch 2025,2025,DepEd (DCP),46,0,1,Functional,,2026-04-11 03:42:12.372877+00:00
2677,304205,2026-41735,105,2024,DepEd (DCP),80,20,5,Functional,Adapter,2026-04-11 03:46:10.189816+00:00
2682,118114,2026-31055,Batch,2022,LGU / SEF,10,0,0,Functional,Complete Set Desktop,2026-04-11 03:59:47.175849+00:00
2680,501737,2026-23481,Batch 2023,2024,DepEd (DCP),46,0,1,Functional,,2026-04-11 03:52:17.701466+00:00
2681,502088,2026-21456,Batch 2024,2024,DepEd (DCP),46,0,0,Functional,"routers,hardrive,headphone,mouse",2026-04-11 03:54:29.072517+00:00
2684,301706,2026-05552,Batch 23,2023,DepEd (DCP),46,0,0,Functional,,2026-04-11 04:07:11.051650+00:00
2685,320909,2026-08302,2022-01,2024,DepEd (DCP),45,0,1,Functional,,2026-04-11 04:13:13.374381+00:00
2686,501724,2026-04354,2020,2020,DepEd (DCP),0,0,1,Non-Functional,Lapel,2026-04-11 04:17:31.763993+00:00
2687,501724,2026-04354,2018,2018,DepEd (DCP),0,30,0,Functional,,2026-04-11 04:17:31.770354+00:00
2688,501724,2026-04354,Batch 40,2020,DepEd (DCP),1,0,0,Non-Functional,,2026-04-11 04:17:31.776335+00:00
2689,501724,2026-04354,Batch 16,2016,DepEd (DCP),1,0,0,Non-Functional,,2026-04-11 04:17:31.781996+00:00
2690,501724,2026-04354,L4t,2022,DepEd (DCP),5,0,0,Non-Functional,,2026-04-11 04:17:31.788897+00:00
2691,501724,2026-04354,L4t,2023,DepEd (DCP),5,0,0,Non-Functional,,2026-04-11 04:17:31.796020+00:00
2692,501724,2026-04354,Ecart,2024,DepEd (DCP),46,0,1,Functional,,2026-04-11 04:17:31.804230+00:00
2683,118114,2026-31055,Batch 2,2023,DepEd (DCP),46,0,1,Functional,"Carrying Bag , Wireless Mouse , Headset , Flash Drive, HDMI Cable , Wireless Router , Charging Cart , LaCie STJJ5000400 Rugged Mini",2026-04-11 03:59:47.185103+00:00
2679,309126,2026-05659,Batch 44,2024,DepEd (DCP),46,0,1,Functional,"2 routers, 46 sets earphones and optical mouse",2026-04-11 03:52:15.589150+00:00
2693,305761,2026-31778,Batch 24,2024,DepEd (DCP),46,0,1,Non-Functional,"Router, headphones , bags,  harddrive, mouse and mousepad ",2026-04-11 04:27:38.778928+00:00
2658,117754,2026-30470,2023,2024,Other,46,0,1,Functional,,2026-04-11 02:08:26.111223+00:00
2662,120881,2026-34810,Batch 44,2024,DepEd (DCP),46,0,1,Functional,Headphones,2026-04-11 02:19:55.740124+00:00
2659,117754,2026-30470,2023,2024,Other,46,0,1,Functional,,2026-04-11 02:08:26.118751+00:00
5509,304763,2026-03110,Batch 22-01,2024,DepEd (DCP),46,0,1,Functional,,2026-04-15 06:40:11.834115+00:00
5710,306036,2026-39531,44,2024,DepEd (DCP),44,0,1,Functional,"ROUTERS, HEADPHONES, MOUSE, BACKPACKS, CHARGERS",2026-04-15 09:18:02.540227+00:00
7164,132271,2026-03353,2019-01,2020,DepEd (DCP),1,48,1,Non-Functional,"Router
Printer",2026-04-20 15:38:44.817232+00:00
3758,303606,2026-37797,44,2024,DepEd (DCP),1,46,1,Functional,,2026-04-13 10:07:46.072883+00:00
3598,320201,2026-07368,Batch 2024,2024,DepEd (DCP),46,0,0,Functional,Headphones and mouse,2026-04-13 08:15:03.301295+00:00
2696,304067,2026-40763,BATCH 2024,2024,DepEd (DCP),46,0,1,Functional,"Headsets, mouse pad, wireless mouse, laptop bag, router, external drive, flash drive",2026-04-11 04:39:30.182282+00:00
3484,302954,2026-32382,BATCH  2022-01,2024,DepEd (DCP),46,0,1,Functional,,2026-04-13 07:23:18.180594+00:00
3546,304402,2026-43128,BATCH 2024,2024,DepEd (DCP),56,0,1,Functional,,2026-04-13 07:46:57.951921+00:00
2706,101648,2026-09482,DCP Batch 40,2019,DepEd (DCP),1,50,0,Non-Functional,with 2 pixpro charging/storage cart,2026-04-11 05:07:21.769059+00:00
2707,134298,2026-00003,BATCH 44,2014,DepEd (DCP),4,7,2,Non-Functional,,2026-04-11 05:07:41.098791+00:00
2708,501887,2026-22726,2019,2020,DepEd (DCP),2,50,0,Functional,"ROUTERS, HEADPHONES, MOUSE, MOUSEPAD",2026-04-11 05:16:06.503320+00:00
2709,501887,2026-22726,Batch 2024-01: eLearning Cart Package,2024,DepEd (DCP),46,0,1,Functional,"External Hard Drive
Modem / Router",2026-04-11 05:16:06.511145+00:00
2710,304358,2026-42836,BATCH 2025-04,2025,DepEd (DCP),50,50,1,Functional,"ROUTERS, HEADPHONES, ADAPTERS",2026-04-11 05:21:35.968372+00:00
2711,500701,2026-41149,2022-01,2022,DepEd (DCP),51,0,0,Functional,,2026-04-11 05:24:28.761653+00:00
2712,304551,2026-45069,Batch 36,2024,DepEd (DCP),46,0,0,Functional,,2026-04-11 05:24:53.938564+00:00
7289,302982,2026-32599,DCP FY 2022 elc,2024,DepEd (DCP),46,13,6,Functional,,2026-04-21 05:47:46.688185+00:00
2714,309519,2026-23351,ICT,2022,DepEd (DCP),6,0,4,Functional,,2026-04-11 05:30:09.594401+00:00
2715,321501,2026-19925,44,2018,DepEd (DCP),20,20,20,Functional,,2026-04-11 05:41:44.427602+00:00
2716,501764,2026-42020,Batch 2024-L4T,2024,DepEd (DCP),46,0,1,Functional,"Mouse, power cords",2026-04-11 05:44:32.843659+00:00
7301,301299,2026-19144,Batch 2019 -03: E-textbooks - Lot 3,2021,DepEd (DCP),1,50,0,Functional,TP-LINK ARCHER C9 Wireless Router,2026-04-21 06:20:00.319361+00:00
2727,126112,2026-22696,ICT Equipment ,2023,DepEd (DCP),0,110,0,Functional,,2026-04-11 06:34:46.395767+00:00
2729,301507,2026-19833,Batch 23,2024,DepEd (DCP),46,0,1,Functional,With headphones and mouse,2026-04-11 06:43:29.771811+00:00
5180,113107,2026-24791,batch 40,2022,DepEd (DCP),1,0,0,Functional,,2026-04-15 01:47:11.166889+00:00
2721,309004,2026-05424,Batch 23,2024,DepEd (DCP),46,0,0,Functional,,2026-04-11 05:51:38.649909+00:00
2722,309004,2026-05424,Batch 2019,2020,DepEd (DCP),0,50,0,Non-Functional,Not Functional,2026-04-11 05:51:38.657817+00:00
2723,319219,2026-02048,Batch 2024,2024,DepEd (DCP),33,0,1,Functional,none,2026-04-11 05:54:16.214993+00:00
7302,301299,2026-19144,Batch 2024-01: eLearning Cart Package and Batch 2024-02: Smart TV Package,2024,DepEd (DCP),46,0,1,Functional,"Wireless Router, External Hardrive",2026-04-21 06:20:00.325499+00:00
2725,302252,2026-26401,2022,2022,DepEd (DCP),46,0,0,Functional,"Router, Smart TV",2026-04-11 06:05:22.811750+00:00
2726,305843,2026-43172,Batch 2024-01,2024,DepEd (DCP),46,0,1,Functional,"Router, External Hard Drive",2026-04-11 06:14:40.396668+00:00
2697,300072,2026-08397,DCP PACKAGE,2024,DepEd (DCP),92,0,2,Functional,,2026-04-11 04:42:53.847417+00:00
2728,500870,2026-21441,FY 2023-eLC,2023,DepEd (DCP),46,0,1,Functional,2 laptops are burned during the fire in the classroom of grade 8,2026-04-11 06:39:16.925448+00:00
2730,304194,2026-41721,LOT 7:IT PACKAGE (E-TEXTBOOK),2019,DepEd (DCP),1,50,0,Non-Functional,"2 UNITS CHARGING STORAGE CART, HEADSET, W/ MINI BAG",2026-04-11 06:51:26.360106+00:00
2731,304194,2026-41721,DCP22-L13-PKGI-CT-24-0056,2022,DepEd (DCP),46,0,1,Functional,"2 CHARGING CARTS, 2 WIRELESS ROUTER, 1 EXTERNAL HDD",2026-04-11 06:51:26.365693+00:00
2732,313731,2026-37879,Batch 40,2024,DepEd (DCP),46,0,1,Functional,Router and HDD,2026-04-11 06:55:24.603557+00:00
3547,300817,2026-14579,DCP 2023,2024,DepEd (DCP),46,0,0,Functional,"Headphones, Mouse, Bag",2026-04-13 07:47:49.375737+00:00
2735,500410,2026-34736,Batch 44,2022,DepEd (DCP),46,50,3,Non-Functional,"With 46 Headphones, 46 mouse and mousepads, 46 chargers, 46 bags, speakers, routers, e-charging carts",2026-04-11 07:08:54.961031+00:00
2736,312513,2026-33159,Batch 1,2023,DepEd (DCP),45,0,1,Functional,2 carts,2026-04-11 07:10:03.304405+00:00
2737,312513,2026-33159,Batch 2,2023,DepEd (DCP),46,0,1,Functional,2 carts,2026-04-11 07:10:03.310819+00:00
2738,303774,2026-21293,FY 2022 eLC,2024,DepEd (DCP),46,0,0,Functional,,2026-04-11 07:11:15.150738+00:00
2739,303774,2026-21293,E-Textbook FY 2018,2019,DepEd (DCP),0,50,0,Functional,,2026-04-11 07:11:15.158376+00:00
2740,500149,2026-16358,Batch 44,2018,DepEd (DCP),0,48,0,Non-Functional,,2026-04-11 07:11:51.745673+00:00
2741,302714,2026-30220,Batch 2022-0,2024,DepEd (DCP),46,0,1,Functional,,2026-04-11 07:23:20.138178+00:00
2742,313730,2026-37668,Batch 2024-01,2024,DepEd (DCP),46,0,1,Functional,"Routers, headphones, Adaptor",2026-04-11 07:28:55.166794+00:00
2743,300334,2026-10084,Batch 2024-01,2024,DepEd (DCP),46,0,1,Functional,"Router , head phone , usb flashdrive",2026-04-11 07:31:13.573200+00:00
2744,300334,2026-10084,DCP Batch 44,2019,DepEd (DCP),1,50,0,Functional,"Charging cart, wireless router",2026-04-11 07:31:13.584354+00:00
2746,303070,2026-32231,Batch 41,2018,DepEd (DCP),1,50,2,Functional,"Routers, Printer",2026-04-11 07:36:43.473362+00:00
2747,303070,2026-32231,Lot 9: IT Package (E-Textbook),2019,DepEd (DCP),1,50,0,Functional,"Routers, Headphones, Mouse",2026-04-11 07:36:43.486689+00:00
2748,104294,2026-12668,4,2023,DepEd (DCP),46,38,1,Functional,none,2026-04-11 07:41:10.793316+00:00
2749,136625,2026-07149,Batch 24-1,2024,DepEd (DCP),0,0,5,Functional,Routers,2026-04-11 07:42:11.135658+00:00
2751,305322,2026-06964,Batch 2019-02,2020,DepEd (DCP),50,0,1,Functional,,2026-04-11 07:45:47.989723+00:00
2752,300069,2026-08178,2022-01,2024,DepEd (DCP),45,0,1,Functional,,2026-04-11 07:52:50.630768+00:00
2753,302964,2026-32447,DCP2022e-Learning Cart Package,2024,DepEd (DCP),46,0,1,Functional,"Wireless Router
FlashDrive
Headsets",2026-04-11 08:00:21.815363+00:00
2754,303873,2026-22380,eCart Package 2024,2024,DepEd (DCP),56,0,2,Functional,Tp Link Archer Modem,2026-04-11 08:05:05.674025+00:00
2755,125125,2026-21436,Bath 2023-02: SMART TV Package,2024,DepEd (DCP),0,0,5,Functional,,2026-04-11 08:15:40.949899+00:00
2756,125125,2026-21436,Batch 2023-03: ELEARNING CART PACKAGE,2024,DepEd (DCP),5,0,0,Functional,,2026-04-11 08:15:40.957483+00:00
2757,111049,2026-05825,Batch 1,2025,DepEd (DCP),46,0,1,Functional,Hard Drive/USB,2026-04-11 08:40:09.678374+00:00
2758,303973,2026-38931,Batch 44,2024,DepEd (DCP),92,0,2,Functional,,2026-04-11 08:41:23.995546+00:00
2759,302247,2026-26369,Batch 2024,2024,DepEd (DCP),46,0,1,Functional,,2026-04-11 10:21:09.962601+00:00
2760,302247,2026-26369,Batch 2023,2023,DepEd (DCP),10,0,1,Functional,,2026-04-11 10:21:09.968931+00:00
2761,113385,2026-25146,Batch 2024-03,2024,DepEd (DCP),5,0,0,Functional,Serviceable ,2026-04-11 12:06:48.900429+00:00
2762,113385,2026-25146,Batch 2025-03,2025,DepEd (DCP),5,0,0,Functional,2  units Unserviceable ,2026-04-11 12:06:48.907902+00:00
2763,342212,2026-17097,Batch 40,2022,DepEd (DCP),1,0,2,Functional,,2026-04-11 15:07:05.219935+00:00
2766,134394,2026-00256,hp,2010,DepEd (DCP),1,7,0,Functional,,2026-04-11 15:41:43.348995+00:00
2768,306042,2026-40903,DCP 2024 eLearning Cart,2024,DepEd (DCP),51,0,1,Functional,,2026-04-11 15:50:25.966836+00:00
3495,228002,2026-07574,LOT,2024,DepEd (DCP),46,0,0,Functional,"HEADPHONES, MOUSE",2026-04-13 07:24:34.809227+00:00
2770,301672,2026-06324,N/A,2023,DepEd (DCP),0,20,1,Functional,,2026-04-11 15:54:43.576010+00:00
3496,228002,2026-07574,LOT,2025,LGU / SEF,0,50,0,Functional,ADAPTERS,2026-04-13 07:24:34.815765+00:00
3485,304410,2026-44000,DCP 2022,2024,DepEd (DCP),1,37,1,Functional,"Routers, Headphones, Mouse",2026-04-13 07:23:25.973131+00:00
2764,303157,2026-33136,2023-01,2023,DepEd (DCP),46,0,1,Functional,2,2026-04-11 15:38:13.854145+00:00
2765,303157,2026-33136,2024-01,2024,DepEd (DCP),46,0,1,Functional,2,2026-04-11 15:38:13.860766+00:00
2772,500253,2026-40504,Batch 2023-01,2024,DepEd (DCP),46,0,1,Functional,"Wireless Routers, charging cart, external hard drive, flash drive recovery disk",2026-04-11 16:34:34.619907+00:00
2773,314220,2026-21749,45,2024,DepEd (DCP),45,0,1,Functional,0,2026-04-11 16:47:02.268758+00:00
2774,307714,2026-17252,Batch 32,2020,DepEd (DCP),46,112,1,Functional,,2026-04-11 17:55:58.485484+00:00
2775,301094,2026-17278,Batch 2022-01,2022,DepEd (DCP),46,0,1,Functional,,2026-04-11 19:36:16.314403+00:00
2776,301828,2026-23302,Batch 22-01,2024,DepEd (DCP),46,0,1,Functional,,2026-04-11 19:56:15.120430+00:00
2777,301828,2026-23302,Batch 2019-03: E-Textbook,2020,DepEd (DCP),1,0,0,Functional,"50 units 2-in-1 Tablet PC
1 Wireless Router",2026-04-11 19:56:15.127151+00:00
2778,301025,2026-15857,Batch 2024,2024,DepEd (DCP),46,0,0,Functional,,2026-04-11 20:02:26.710018+00:00
2781,107410,2026-17056,Batch 30,2014,DepEd (DCP),0,0,1,Non-Functional,The package was not functional due to flood in school,2026-04-11 22:01:29.040257+00:00
2783,502311,2026-17360,Batch 2023-01,2024,DepEd (DCP),46,0,1,Functional,,2026-04-11 22:31:07.790929+00:00
2782,323603,2026-16624,DCP BATCH,2025,DepEd (DCP),46,0,0,Functional,"Headphones, mouse, bags",2026-04-11 22:30:06.445014+00:00
2785,303176,2026-33253,DCP 2024,2024,DepEd (DCP),46,0,1,Non-Functional,"Router, headphones, external hard drive, usb",2026-04-11 23:17:30.762068+00:00
2786,502432,2026-38079,2024-01,2024,DepEd (DCP),89,0,2,Functional,"HEADPHONES, ADAPTOR, HARD DRIVE",2026-04-11 23:30:26.942945+00:00
7162,501883,2026-40270,Batch44,2024,DepEd (DCP),46,50,6,Functional,Tablets are not functional.,2026-04-20 15:31:10.082458+00:00
3526,105235,2026-14076,Batch 26,2015,DepEd (DCP),1,0,0,Functional,Desktop,2026-04-13 07:40:27.805374+00:00
3601,305591,2026-06946,Batch 2023-01,2024,DepEd (DCP),46,0,1,Functional,"2 Routers, 46 headphones",2026-04-13 08:17:25.391613+00:00
2794,307705,2026-16829,BATCH 2022-01,2024,DepEd (DCP),46,0,1,Functional,"HEADSET,MOUSE",2026-04-11 23:44:52.759382+00:00
2796,501751,2026-12826,DCP 2022,2023,DepEd (DCP),50,0,0,Functional,"headphones, adapters",2026-04-12 00:03:00.246517+00:00
2797,301155,2026-17251,DCP 2020 Batch 2019-02 Lot 3,2021,DepEd (DCP),51,0,1,Functional,"1 unit TP-LINK ARCHER C9 Wireless Router
1 unit PIXMA TS5370 Printer

",2026-04-12 00:11:46.686936+00:00
2798,301155,2026-17251,DCP 2020 Batch 2019-03 Lot 3 E-Textbooks,2021,DepEd (DCP),1,50,0,Functional, 1 unit  TP-LINK ARCHER C9 Wireless Router,2026-04-12 00:11:46.693515+00:00
2799,301155,2026-17251,"Supply, Delivery, and Maintenance of DCP Packages 2024 Batch 2024-01: eLearning Cart Package and Batch 2024-02: Smart TV Package",2024,DepEd (DCP),46,0,1,Functional,"1 PC USB RECOVERY FLASH DRIVE
2 PCS TP-LINK ARCHER AX12 AX1500 WI-FI 6 ROUTER
1 SILICON POWER SPO50TBPHD62LS3K ARMOR A62 5TB EXT HDD -
",2026-04-12 00:11:46.698736+00:00
2800,303591,2026-38060,25,2024,DepEd (DCP),95,0,1,Functional,"Routers, Headphones",2026-04-12 00:25:10.570075+00:00
2801,314705,2026-22624,eLearning Cart Package,2023,DepEd (DCP),46,0,1,Functional,Router,2026-04-12 00:28:58.972073+00:00
2802,301149,2026-17358,Tablet Cherry Mobile,2022,DepEd (DCP),0,249,0,Non-Functional,The majority of the tablets are non-functional / not in good condition.,2026-04-12 00:29:55.678134+00:00
2803,301149,2026-17358,Batch 2019-03,2019,DepEd (DCP),0,50,0,Non-Functional,Majority of the Tablets are non-functioning ,2026-04-12 00:29:55.684450+00:00
2804,303821,2026-21861,FY 2023 eLC,2023,DepEd (DCP),45,0,1,Functional,2 wireless routers and 1 External Hard drive,2026-04-12 00:44:20.074055+00:00
2806,304548,2026-44900,DCP 2023-2024,2024,DepEd (DCP),46,0,1,Functional,"out of 46 laptop unit, only 35 were functional",2026-04-12 01:13:20.434115+00:00
2779,302956,2026-33419,Batch 38,2017,DepEd (DCP),0,0,0,Functional,"PC - 50 (42 working)
Projector - 1 

Note: This package has no charging station",2026-04-11 21:33:18.248426+00:00
2780,302956,2026-33419,Batch 2018-01,2018,DepEd (DCP),1,50,0,Functional,"Tablet PC - 28 (functional)
Laptop- not functional",2026-04-11 21:33:18.256002+00:00
2807,101058,2026-08776,Batch 2019,2021,DepEd (DCP),1,50,1,Functional,,2026-04-12 01:31:25.918859+00:00
2808,308103,2026-19205,Batch 2022-01/E Learning Cart Package,2022,DepEd (DCP),46,0,1,Functional,"Router, Storage cart, External Hard drive, Flash drive",2026-04-12 01:35:43.782750+00:00
3644,307821,2026-20175,Batch 2023-01,2024,DepEd (DCP),46,0,1,Functional,"router, charging cart",2026-04-13 08:33:22.180326+00:00
2805,314916,2026-38893,BATCH-2024-01,2024,DepEd (DCP),46,0,1,Functional,"ROUTER, HEADSET,MOUSE, LAPTOP PADS",2026-04-12 01:01:09.124151+00:00
2838,300589,2026-12869,Batch 36,2022,DepEd (DCP),46,0,1,Functional,Some laptops are malfunctioning. They are shutting down on their own and always hang.,2026-04-12 02:50:22.788373+00:00
5187,500058,2026-10254,Batch 2022,2022,DepEd (DCP),46,0,1,Functional,,2026-04-15 01:57:17.918602+00:00
5181,317005,2026-45553,2023-01,2024,DepEd (DCP),46,44,33,Functional,,2026-04-15 01:50:13.046068+00:00
2812,309147,2026-05879,DCP BATCH 2022-01,2024,DepEd (DCP),46,0,1,Functional,"2PCS ROUTER, 1 EXTERNAL HARDRIVE 1 TB",2026-04-12 01:45:22.644085+00:00
2829,501011,2026-17015,DCP 2024 E-LEARNING,2024,DepEd (DCP),46,0,1,Functional,"ROUTERS,HEAD SET",2026-04-12 02:08:14.739786+00:00
2833,316405,2026-43175,2022-01,2024,DepEd (DCP),46,0,1,Functional,,2026-04-12 02:15:03.280069+00:00
2835,501541,2026-17359,DCP Package  2023 Batch 2023-01 eLearning Cart Package,2024,DepEd (DCP),46,0,1,Functional,all functional,2026-04-12 02:27:14.604796+00:00
2795,303039,2026-33437,3,2022,DepEd (DCP),0,46,1,Functional,"2 routers, 1 external hard drive ",2026-04-11 23:52:27.374103+00:00
2836,302817,2026-31245,Batch 2024,2024,DepEd (DCP),46,0,1,Functional,,2026-04-12 02:33:31.901317+00:00
2837,302817,2026-31245,Batch 2022,2024,DepEd (DCP),46,0,1,Functional,,2026-04-12 02:33:31.908039+00:00
3760,309613,2026-23524,BATCH 2023-01,2024,DepEd (DCP),94,0,2,Functional,"Carrying bag, Delux Optical Wireless Mouse, Goodness GS-355 Headset",2026-04-13 10:08:36.205143+00:00
3645,136368,2026-02123,Batch 42,2017,DepEd (DCP),2,0,0,Functional,,2026-04-13 08:33:33.959414+00:00
3490,302690,2026-29815,Batch 2022-01:ELEARNINV CART PACKAGE,2024,DepEd (DCP),46,0,1,Functional,"Headphones, mouse",2026-04-13 07:23:53.506153+00:00
2843,304364,2026-42700,batch 44,2024,DepEd (DCP),51,0,1,Functional,,2026-04-12 03:09:37.668644+00:00
2844,303590,2026-38077,Batch 2022-01,2024,DepEd (DCP),46,0,1,Functional,,2026-04-12 03:23:00.136730+00:00
2846,313723,2026-37916,DCP2023,2024,DepEd (DCP),46,0,1,Functional,2 wireless router and 1 external HDD,2026-04-12 03:35:10.224505+00:00
2847,313723,2026-37916,DCP2024,2024,DepEd (DCP),46,0,1,Functional,2 Wireless Router & 1 External HDD,2026-04-12 03:35:10.235863+00:00
2849,303600,2026-37528,Batch ,2024,DepEd (DCP),90,0,0,Non-Functional,,2026-04-12 03:47:47.340768+00:00
2850,304437,2026-44243,22,2024,DepEd (DCP),46,0,1,Functional,"1 router, 1 hard drive",2026-04-12 03:50:40.392109+00:00
2851,502431,2026-38115,Batch 1,2019,DepEd (DCP),0,50,0,Non-Functional,,2026-04-12 04:01:38.106667+00:00
2852,502431,2026-38115,Batch 2024,2024,DepEd (DCP),46,0,1,Functional,,2026-04-12 04:01:38.112200+00:00
2853,502431,2026-38115,Batch 19,2020,DepEd (DCP),1,50,0,Non-Functional,,2026-04-12 04:01:38.117480+00:00
2854,303633,2026-38078,Batch 2022-01,2025,DepEd (DCP),46,0,1,Functional,"2 Routers, 46 Headphones with microphones and 1 external hard drives",2026-04-12 04:03:57.572762+00:00
2855,303633,2026-38078,Batch 2018-01,2020,DepEd (DCP),1,50,0,Functional,All 50 Tablets and 1 Laptops are damaged,2026-04-12 04:03:57.579000+00:00
3646,136368,2026-02123,batch 26,2016,DepEd (DCP),1,0,0,Non-Functional,not functional laptop,2026-04-13 08:33:33.966246+00:00
2859,304212,2026-41660,Batch 41,2018,DepEd (DCP),1,50,0,Functional,"Routers, Headphones, Speakers",2026-04-12 04:09:12.039385+00:00
2860,304212,2026-41660,Batch 36,2018,DepEd (DCP),2,0,2,Non-Functional,"42 Monitors with keyboards and Mouse
2 Desktops with servers/host
",2026-04-12 04:09:12.044881+00:00
2861,304212,2026-41660,DCP 2018,2018,DepEd (DCP),1,50,0,Functional,"50 headphones 
50 mouse

",2026-04-12 04:09:12.051270+00:00
2864,501986,2026-45072,41,2018,DepEd (DCP),1,50,1,Non-Functional,Most of the equipment are currently not functional.,2026-04-12 04:19:17.737338+00:00
2863,301151,2026-17375,batch 44,2024,DepEd (DCP),46,0,1,Functional,,2026-04-12 04:18:29.794524+00:00
5182,309752,2026-24648,Laptop for teaching package,2024,DepEd (DCP),5,0,0,Functional,"Carrying bag, mouse, headset, usb flsh drive",2026-04-15 01:52:00.314492+00:00
2867,500656,2026-32408,Batch 2020,2024,DepEd (DCP),1,0,1,Functional,"laptop bag
lapel speaker w/ microphone
headset
wireless mouse",2026-04-12 04:38:30.621998+00:00
2868,500656,2026-32408,Batch 2022,2025,DepEd (DCP),5,0,0,Functional,,2026-04-12 04:38:30.628668+00:00
2869,500656,2026-32408,Batch 2022,2024,DepEd (DCP),46,0,1,Functional,"2 charging/storage carts
2 wireless routers
1 external hard drive",2026-04-12 04:38:30.634442+00:00
2865,501986,2026-45072,42,2018,DepEd (DCP),2,0,1,Non-Functional,Only one television is in working condition; the rest require repairs.,2026-04-12 04:19:17.743964+00:00
2871,303627,2026-37963,Elearning Cart batch 2023-01,2024,DepEd (DCP),46,0,0,Functional,"2 routers, 2 charging cart, 1 external hard drive, 1 flash drive ",2026-04-12 04:42:05.550607+00:00
2872,303627,2026-37963,Elearning cart batch 2024-01,2024,DepEd (DCP),46,0,0,Functional,"2 router, 2 charging cart, 1 external hard drive, 1 flash drive",2026-04-12 04:42:05.558367+00:00
2873,500222,2026-33103,e-CART,2024,DepEd (DCP),46,0,0,Functional,Routers,2026-04-12 04:42:33.133257+00:00
3683,301272,2026-20043,Coby ,2020,DepEd (DCP),0,50,0,Functional,Some are not functional,2026-04-13 08:54:57.476488+00:00
1756,312956,2026-34129,Lot 9: IT Package(E-Textbook),2019,DepEd (DCP),1,50,0,Non-Functional,"Wireless Router, Charging/Storage Cart",2026-04-10 03:27:19.819674+00:00
1757,312956,2026-34129,Batch 27,2016,DepEd (DCP),0,0,0,Non-Functional,"8 Host PC, 42 Thin Client, 42 Monitors, 42 Keyboards, 42 Mouse, 1 Printer, 1 Switch, 8 UPS, 7 AVR, Networking Peripherals",2026-04-10 03:27:19.825586+00:00
1758,312956,2026-34129,Lot 2:L4T Package (Batch 2025-03),2025,DepEd (DCP),5,0,0,Functional,"Wireless Mouse, Wired Headset, Flashdrive",2026-04-10 03:27:19.832272+00:00
1759,312956,2026-34129,Batch 36,2018,DepEd (DCP),2,0,0,Non-Functional,"2 Host PC, 2 UPS, 7 AVR, 4 Switch, 7 Networking SW Cable, 42 Thin Client Terminal Access Device, 2 Projector, 1 Multimedia Speaker, 1 External Optical Drive, 1 Printer",2026-04-10 03:27:19.840295+00:00
2883,301819,2026-22959,Batch 2023-01,2023,DepEd (DCP),46,0,1,Functional,,2026-04-12 05:39:27.266421+00:00
5183,309752,2026-24648,Batch 2024-01,2024,DepEd (DCP),46,0,1,Functional,"Carrying bag, Mouse, headset, usb flash drive, router,, cahrging cart, rugged mini 5TB Ext. HDD",2026-04-15 01:52:00.322016+00:00
2876,304066,2026-40776,Batch 2022-01:E-learning Cart Package,2024,DepEd (DCP),46,0,1,Functional,"Routers, headset, mouse",2026-04-12 05:09:19.682423+00:00
2877,124921,2026-21167,Batch 42,2018,DepEd (DCP),2,0,2,Non-Functional,"1 pc Router, 12 set mini host PC",2026-04-12 05:10:23.178635+00:00
2878,300151,2026-08766,DCP/eLC,2024,DepEd (DCP),46,0,0,Functional,,2026-04-12 05:16:33.220183+00:00
3551,300817,2026-14579,DCP BATCH 33,2013,DepEd (DCP),2,0,0,Non-Functional,"Desktop, Networking Switch, Networking Peripherals, Projector, UPS, AVR, Multimedia Speaker",2026-04-13 07:47:49.396023+00:00
2885,303787,2026-21893,2022,2022,DepEd (DCP),0,50,0,Non-Functional,,2026-04-12 05:44:29.876764+00:00
2886,303787,2026-21893,2020,2020,DepEd (DCP),50,0,0,Non-Functional,,2026-04-12 05:44:29.886634+00:00
2884,124868,2026-21104,Batch 2019,2019,DepEd (DCP),1,50,1,Functional,All devices are inserviceable,2026-04-12 05:39:59.391677+00:00
2879,501669,2026-32859,2022-01,2024,DepEd (DCP),46,0,1,Functional,,2026-04-12 05:18:48.209847+00:00
2845,119899,2026-33117,batch 29,2016,DepEd (DCP),1,0,0,Functional,"laptop bag, mouse, mouse pad, cooling fan , pixpro sound multimedia speaker",2026-04-12 03:31:47.745091+00:00
3737,305780,2026-24577,Batch 2022,2024,DepEd (DCP),46,0,1,Functional,"Routers, Headphones, Mice",2026-04-13 09:31:34.059666+00:00
3602,311006,2026-28944,01,2022,DepEd (DCP),1,0,1,Functional,,2026-04-13 08:17:42.602796+00:00
2882,100991,2026-08717,Batch 2019,2019,DepEd (DCP),1,50,0,Functional,,2026-04-12 05:34:55.297304+00:00
2841,110330,2026-05005,Batch 2020,2021,DepEd (DCP),0,0,2,Functional,headphones,2026-04-12 03:01:45.781551+00:00
2842,110330,2026-05005,Batch 2024,2024,DepEd (DCP),5,0,0,Functional,"headphones, hdmi,lapel",2026-04-12 03:01:45.787616+00:00
3781,126106,2026-22685,2019-01,2020,DepEd (DCP),1,50,1,Non-Functional,UNSERVICEABLE/ NOT FUNCTIONAL,2026-04-13 10:46:23.895059+00:00
3796,501281,2026-44728,batch 39,2024,DepEd (DCP),44,15,0,Functional,"routers, headphones, charger",2026-04-13 11:32:11.164640+00:00
3807,305970,2026-43870,Batch 07,2024,DepEd (DCP),49,0,1,Functional,Headfones,2026-04-13 11:45:38.001280+00:00
2887,303787,2026-21893,2024,2024,DepEd (DCP),46,0,0,Functional,"External Hard Drive, Mouse, Headset,",2026-04-12 05:44:29.892746+00:00
5184,309752,2026-24648,Batch 2022-01,2024,DepEd (DCP),46,0,1,Functional,"Mouse, headset, charger, bag, windows 11 pro education, usb bootable software, tv wall bracket, hdm cable, mount kit, remote control w/battery, leg stand, wireless router, storage charging cart, external hard drive",2026-04-15 01:52:00.328348+00:00
621,500871,2026-17834,DCP 2022,2024,DepEd (DCP),46,0,1,Functional,"2x Wireless Router 
2x Charging Cart
2x External Hard drive",2026-04-07 11:11:06.458423+00:00
2890,303605,2026-38157,Batch 2024-01,2024,DepEd (DCP),46,0,1,Functional,TPLink Archer,2026-04-12 05:55:31.920874+00:00
2891,303605,2026-38157,Batch 44,2019,DepEd (DCP),1,50,0,Non-Functional,,2026-04-12 05:55:31.926932+00:00
3600,136708,2026-07284,Batch 2023-01: eLearning Cart Package,2024,DepEd (DCP),46,0,1,Functional,"Optical mouse, headphones, flash drive, router",2026-04-13 08:17:05.452420+00:00
2893,303400,2026-38818,24,2024,DepEd (DCP),50,0,0,Functional,,2026-04-12 05:57:42.426990+00:00
2895,502375,2026-38269,2022,2024,DepEd (DCP),46,0,1,Functional,"2 Router, 46 mouse, 46 headphone ",2026-04-12 06:03:18.506433+00:00
2898,303608,2026-38252,Batch 46,2024,DepEd (DCP),46,0,1,Functional,,2026-04-12 06:25:03.355878+00:00
2899,500152,2026-19791,Batch 44,2024,DepEd (DCP),48,0,4,Functional,,2026-04-12 06:25:35.700784+00:00
2900,305631,2026-23505,2024-01,2024,DepEd (DCP),46,0,1,Functional,"Routers, Headphone, Wireless Mouse, & Bags",2026-04-12 06:31:39.612557+00:00
2901,302117,2026-25241,Batch 43,2024,DepEd (DCP),46,0,0,Functional,,2026-04-12 06:47:59.298153+00:00
2902,302117,2026-25241,batch 46,2025,DepEd (DCP),5,0,0,Functional,,2026-04-12 06:47:59.304398+00:00
2903,303614,2026-37848,Batch 2025,2025,DepEd (DCP),46,0,1,Functional,"3 functional Routers and 1 unfunctional, headphones",2026-04-12 06:53:14.841117+00:00
2904,303614,2026-37848,Batch 2025,2025,DepEd (DCP),46,0,1,Functional,"Headphones, adapters",2026-04-12 06:53:14.848072+00:00
2906,169006,2026-04486,DCP 2021 Packages,2023,DepEd (DCP),4,0,0,Functional,mouse and hard drive,2026-04-12 07:11:00.804763+00:00
2907,169006,2026-04486,DCP Batch 2024-02: Smart TV Package ,2024,DepEd (DCP),0,0,5,Functional,external hard drive,2026-04-12 07:11:00.811950+00:00
2908,169006,2026-04486,DCP Packages Batch 2023-03: Laptop for Teaching,2024,DepEd (DCP),5,0,0,Functional,"wireless mouse, headset",2026-04-12 07:11:00.817502+00:00
2909,169006,2026-04486,Laptop for Teaching,2023,DepEd (DCP),1,0,0,Functional,"wireless mouse, headset",2026-04-12 07:11:00.822418+00:00
2910,169006,2026-04486,E-Classroom (Batch 26),2016,DepEd (DCP),1,0,0,Functional,"6 gang extension, printer, monitor, host PC, mouse, thin client, TP Link, projector screen, AVR, speaker, UPS, networking peripherals, keyboard",2026-04-12 07:11:00.830035+00:00
2911,169006,2026-04486,"E-Classroom (Lot No.9, Batch 29)",2016,DepEd (DCP),1,0,0,Non-Functional,"deep cool laptop cooler, mouse, projector, projector screen, speaker",2026-04-12 07:11:00.835077+00:00
2912,305681,2026-43171,1,2024,DepEd (DCP),46,0,1,Functional,,2026-04-12 07:17:39.221765+00:00
3523,313346,2026-35686,2022-01,2024,DepEd (DCP),46,0,1,Functional,"Router, Storage Cart, External Hard Drive, Flash Drive",2026-04-13 07:37:30.761225+00:00
2928,305266,2026-02066,Batch 41,2018,DepEd (DCP),1,50,2,Non-Functional,,2026-04-12 07:48:32.527556+00:00
2929,305266,2026-02066,Batch 2018-01,2019,DepEd (DCP),1,50,0,Functional,,2026-04-12 07:48:32.533859+00:00
2930,305266,2026-02066,Batch 2024-01,2024,DepEd (DCP),46,0,1,Functional,,2026-04-12 07:48:32.546766+00:00
2942,300435,2026-11257,DCP 2024 Batch 1,2024,DepEd (DCP),46,0,1,Functional,,2026-04-12 08:40:52.299370+00:00
2943,300435,2026-11257,DCP 2022 Batch 1,2022,DepEd (DCP),46,0,1,Functional,,2026-04-12 08:40:52.306234+00:00
3684,314115,2026-20383,DCP 2022 PACKAGE 1,2024,DepEd (DCP),50,0,1,Non-Functional,Router,2026-04-13 08:55:50.674083+00:00
2920,500091,2026-11953,Batch 42,2016,DepEd (DCP),46,0,2,Functional,,2026-04-12 07:25:59.351916+00:00
2921,302176,2026-25593,DCP 2025,2025,DepEd (DCP),46,0,1,Functional,"router, headphones, flash drive for recovery",2026-04-12 07:26:13.258476+00:00
2922,300096,2026-08835,Batch 2024-01(E-Learning cart package),2024,DepEd (DCP),46,0,1,Functional,,2026-04-12 07:31:15.992968+00:00
2923,300096,2026-08835,Batch 2023-01(E-Learning Cart Package,2023,DepEd (DCP),46,0,1,Functional,,2026-04-12 07:31:16.000942+00:00
3603,301799,2026-43300,Batch 2022,2024,DepEd (DCP),46,0,1,Functional,"ROUTERS, HEADPHONES,BAGS,CHARGER",2026-04-13 08:17:59.855748+00:00
2925,111917,2026-23220,DCP 2020,2023,DepEd (DCP),1,0,1,Functional,Smart TV is not working,2026-04-12 07:38:10.570549+00:00
2926,134350,2026-00059,Batch 40 and 42,2023,DepEd (DCP),2,50,2,Functional,,2026-04-12 07:40:10.968122+00:00
3713,126228,2026-22887,BATCH 2023-03: E-LEARNING CART PACKAGE,2024,DepEd (DCP),5,0,0,Functional,,2026-04-13 09:08:16.378971+00:00
3714,126228,2026-22887,BATCH 2023-02: SMART TV PACKAGE,2024,DepEd (DCP),0,0,5,Functional,,2026-04-13 09:08:16.384810+00:00
3715,126228,2026-22887,DCP 2021,2024,DepEd (DCP),5,0,0,Functional,,2026-04-13 09:08:16.390387+00:00
3744,308123,2026-19206,Batch 2022-01: Elearning Cart Package,2024,DepEd (DCP),46,0,0,Functional,,2026-04-13 09:38:08.059183+00:00
2935,314317,2026-22381,Batch 2022,2024,DepEd (DCP),46,0,1,Functional,"2 routers,2 storage cart, 1 external hard drive",2026-04-12 07:50:29.040210+00:00
3783,136503,2026-06962,Batch 42,2020,DepEd (DCP),26,0,0,Non-Functional,,2026-04-13 10:47:36.105941+00:00
2936,134304,2026-00009,batch 42,2019,DepEd (DCP),3,50,1,Non-Functional,"headphones, mouse",2026-04-12 08:11:08.442894+00:00
2937,303990,2026-39614,Batch 2022-01 Elearning Cart Package,2024,DepEd (DCP),46,0,0,Functional,"Router, Cart & External Hard drive",2026-04-12 08:13:00.962957+00:00
2896,123662,2026-37894,Batch,2024,DepEd (DCP),5,0,0,Functional,,2026-04-12 06:10:39.797732+00:00
2897,123662,2026-37894,Batch 26,2017,DepEd (DCP),1,0,0,Non-Functional,With 9 desktop in school ICT laboratory but non functional,2026-04-12 06:10:39.803513+00:00
2940,301628,2026-05399,E-textbook,2018,DepEd (DCP),1,48,0,Functional,"Router, headset and optical drive",2026-04-12 08:26:44.303818+00:00
2941,301628,2026-05399,e-Learning Cart Package,2024,DepEd (DCP),46,0,0,Functional,Routers and External hard drive,2026-04-12 08:26:44.310369+00:00
2945,100907,2026-08618,Batch 2022-01,2024,DepEd (DCP),46,0,1,Functional,,2026-04-12 08:48:16.654616+00:00
2946,100907,2026-08618,Batch 2022-02,2024,DepEd (DCP),0,0,5,Functional,,2026-04-12 08:48:16.660715+00:00
2947,100907,2026-08618,Batch 2023-02,2024,DepEd (DCP),0,0,5,Functional,,2026-04-12 08:48:16.666068+00:00
2948,100907,2026-08618,Batch 2023-01,2024,DepEd (DCP),0,0,1,Functional,,2026-04-12 08:48:16.671754+00:00
2949,303823,2026-21472,FY 2022 eLC,2022,DepEd (DCP),46,0,1,Functional,"2 wireless routers, 2 storage Charging Carts, 1 external HDD",2026-04-12 08:48:41.815427+00:00
3798,501579,2026-38879,Batch 2024.01 Elearning Cart package,2024,DepEd (DCP),46,3,3,Functional,"Routers, headphones, adapters",2026-04-13 11:35:22.597484+00:00
3831,302530,2026-28692,BATCH 40,2024,DepEd (DCP),42,0,0,Functional,,2026-04-13 12:43:50.513661+00:00
2972,301125,2026-17065,DCP E-LEARNING PACKAGE,2024,DepEd (DCP),51,0,0,Functional,"Router - 2
Headphones - 51
Mouse - 51",2026-04-12 10:42:37.470039+00:00
2951,309944,2026-25475,Batch 35/36,2018,DepEd (DCP),0,50,0,Functional,,2026-04-12 09:04:13.142397+00:00
2952,315808,2026-41663,BATCH 2023-01,2024,DepEd (DCP),46,0,1,Functional,,2026-04-12 09:36:27.155231+00:00
2973,301125,2026-17065,DCP PACKAGE,2019,DepEd (DCP),3,0,2,Non-Functional,"Lapel - 3
Mouse - 3
Headphones - 3",2026-04-12 10:42:37.477010+00:00
3492,113890,2026-25648,Batch 40 Lot 4,2018,DepEd (DCP),1,0,0,Non-Functional,"Projector, Speaker w/ subwoofer",2026-04-13 07:24:15.831651+00:00
3493,113890,2026-25648,Batch 2021 Lot 4,2023,DepEd (DCP),4,0,0,Functional,Hard Drive,2026-04-13 07:24:15.839614+00:00
2956,303612,2026-37775,Batch 2022-01,2024,DepEd (DCP),46,0,1,Functional,"router, external hard drive, flash drive",2026-04-12 10:01:29.719108+00:00
3494,113890,2026-25648,Batch 2020 Lot 4,2023,DepEd (DCP),1,0,1,Non-Functional,"Lapel Speaker, USB",2026-04-13 07:24:15.845304+00:00
7165,303386,2026-36004,eLearning Cart Package,2019,DepEd (DCP),0,0,0,Functional,,2026-04-20 15:41:04.791520+00:00
5185,501636,2026-16248,Batch 2022,2022,DepEd (DCP),46,0,0,Functional,,2026-04-15 01:53:18.284245+00:00
3552,301504,2026-19808,Acer Notebook- DCP Packages 2024,2024,DepEd (DCP),46,0,1,Functional,,2026-04-13 07:48:55.834343+00:00
3553,301504,2026-19808,Asus Notebook- DCP Package Batch 2023-03,2023,DepEd (DCP),10,0,0,Functional,,2026-04-13 07:48:55.839601+00:00
3554,301504,2026-19808,Acer Notebook-DCP E-Classroom Package 2024,2024,DepEd (DCP),46,0,0,Functional,,2026-04-13 07:48:55.844479+00:00
3558,119892,2026-33126,Batch 44,2025,DepEd (DCP),5,0,5,Functional,,2026-04-13 07:50:27.101697+00:00
7166,303386,2026-36004,Batch 42,2019,DepEd (DCP),1,50,2,Functional,1 damaged router,2026-04-20 15:41:04.802068+00:00
2966,129799,2026-43187,Batch 44,2016,DepEd (DCP),2,48,0,Non-Functional,,2026-04-12 10:18:31.571148+00:00
7296,300342,2026-09752,DCP Packages 2024,2024,DepEd (DCP),92,0,1,Functional,,2026-04-21 05:56:39.153456+00:00
2968,111867,2026-23154,Batch 19,2013,DepEd (DCP),1,0,0,Non-Functional,Broken not functional all item included in the package,2026-04-12 10:20:42.937621+00:00
2969,111867,2026-23154,Batch 2019,2016,DepEd (DCP),1,0,0,Non-Functional,not functioning all item included in the package,2026-04-12 10:20:42.944313+00:00
2970,111867,2026-23154,Batch 20,2021,DepEd (DCP),1,0,1,Functional,,2026-04-12 10:20:42.950480+00:00
2971,303139,2026-33102,Batch 2023-01,2024,DepEd (DCP),46,0,1,Functional,"router, headphone",2026-04-12 10:27:35.712453+00:00
7298,302602,2026-29960,Batch 36-42,2019,DepEd (DCP),0,50,2,Functional,"Routers, Mouse and Mouse Pads",2026-04-21 06:14:39.402089+00:00
5510,303826,2026-21945,Batch 4 ,2024,DepEd (DCP),51,0,1,Functional,"1 pc Router, headphones, adapters",2026-04-15 06:41:10.169013+00:00
5351,301898,2026-23549,Batch 2023-01 Lot 6,2024,DepEd (DCP),46,0,1,Functional,"Carrying Bag, Optical Wireless Mouse, Headset, Flashdrive, Wireless Router, External Hard Drive",2026-04-15 03:48:28.867817+00:00
2977,303625,2026-38158,Batch 36,2018,DepEd (DCP),34,0,0,Functional,,2026-04-12 11:22:46.938494+00:00
2978,303625,2026-38158,DCP2018-01,2020,DepEd (DCP),0,50,0,Non-Functional,,2026-04-12 11:22:46.945204+00:00
2979,303784,2026-21420,Batch 2022 - ELC,2024,DepEd (DCP),46,0,0,Functional,"Headphones, Mouse, Routers, Canon Printer, External HDD",2026-04-12 11:23:56.814608+00:00
2980,303784,2026-21420,Batch 2019 - ELC,2020,DepEd (DCP),52,0,0,Non-Functional,"Headphones, Mouse, Routersi",2026-04-12 11:23:56.821784+00:00
2981,500644,2026-21440,Batch 2022-01,2024,DepEd (DCP),46,0,0,Functional,"Smart TV Coby 
Router TP-LInk
Storage Cart PIXPRO
External Hard Drive
USB Flashdrive
Headphones
",2026-04-12 11:25:01.848044+00:00
2982,500644,2026-21440,Batch 2024,2024,DepEd (DCP),46,0,0,Functional,"Smart TV XITRIX
Router TP-LInk
Storage Cart TSDI
External Hard Drive Silicon Power
Headphones",2026-04-12 11:25:01.854363+00:00
7461,301614,2026-05300,Batch 2024,2024,DepEd (DCP),46,0,1,Functional,,2026-04-22 13:40:08.739591+00:00
2985,306123,2026-11952,Batch 44,2023,DepEd (DCP),4,26,3,Functional,,2026-04-12 11:51:27.167053+00:00
2986,302257,2026-26441,Batch 2022-01,2024,DepEd (DCP),46,0,1,Functional,Router storage cart external hard drive flaah drive,2026-04-12 12:00:41.734183+00:00
2987,305791,2026-16794,Batch 2024,2024,DepEd (DCP),45,0,1,Functional,,2026-04-12 12:03:05.745864+00:00
3004,304366,2026-42701,BATCH 2022,2022,DepEd (DCP),46,0,1,Functional,,2026-04-12 13:01:43.182984+00:00
5574,340568,2026-07506,Lot 3: IT Package (E-textbook),2019,DepEd (DCP),1,50,0,Functional,1 router,2026-04-15 07:21:18.407003+00:00
5711,302154,2026-25336,BATCH 41 - LOT 4,2018,DepEd (DCP),3,50,2,Non-Functional,,2026-04-15 09:19:46.682584+00:00
2992,301834,2026-23136,DCP Package,2023,DepEd (DCP),46,0,0,Functional,Other tablets are not functional anymore.,2026-04-12 12:26:46.389846+00:00
2993,301834,2026-23136,DCP Package,2019,DepEd (DCP),0,50,0,Non-Functional,Some were already broken especially the batteries and some are not anymore functional,2026-04-12 12:26:46.396638+00:00
2994,313709,2026-37700,IAR-DCP22-L11-PKG1-APT-24-250,2024,DepEd (DCP),46,0,1,Functional,"2 PCS APLink Archer AX12, 2 Storage Carts, 1 pc Silicon Power, 1 AP128GAH25BB-1 APACER 128GB",2026-04-12 12:32:35.437413+00:00
2995,303617,2026-37914,Batch 35 ,2020,DepEd (DCP),0,0,0,Functional,"Computers need repair, headset still functioning and other paraphernalia ",2026-04-12 12:39:44.281545+00:00
2996,303617,2026-37914,DCP 2022,2022,DepEd (DCP),3,0,3,Functional,lapels are not functioning,2026-04-12 12:39:44.289041+00:00
2997,303617,2026-37914,Batch 2022,2024,DepEd (DCP),46,0,1,Functional,some laptops are not functioning,2026-04-12 12:39:44.294710+00:00
2998,304086,2026-40537,2024-10-20,2024,DepEd (DCP),46,0,0,Functional,,2026-04-12 12:40:35.022403+00:00
5712,302154,2026-25336,BATCH 36 - LOT 4,2018,DepEd (DCP),2,0,0,Non-Functional,TERMINAL ACCESS DEVICES WITH ACER LED MONITOR (19. 5 INCHES) and others,2026-04-15 09:19:46.688951+00:00
3000,304391,2026-43021,24,2024,DepEd (DCP),46,0,0,Functional,adapters,2026-04-12 12:45:44.908530+00:00
3001,304391,2026-43021,batch 24,2024,DepEd (DCP),46,0,0,Functional,"routers, adapters",2026-04-12 12:45:44.916697+00:00
3002,501926,2026-37880,Batch 1,2024,DepEd (DCP),92,0,2,Functional,,2026-04-12 12:53:23.471947+00:00
3003,129795,2026-43183,Batch 44,2019,DepEd (DCP),0,50,0,Functional,"router, headphones and adapters, mouse",2026-04-12 13:01:30.552154+00:00
5713,302154,2026-25336,BATCH 2019-03 LOT 4,2020,DepEd (DCP),1,50,0,Functional,,2026-04-15 09:19:46.694895+00:00
5714,302154,2026-25336,BATCH 2022-01,2024,DepEd (DCP),46,0,1,Functional,,2026-04-15 09:19:46.701205+00:00
5955,305447,2026-07495,2024-01,2024,DepEd (DCP),46,0,0,Functional,,2026-04-16 02:22:38.979725+00:00
3017,134346,2026-00055,Batch 42,2020,DepEd (DCP),3,50,2,Non-Functional,,2026-04-12 13:29:08.821418+00:00
3018,301095,2026-16828,E-cart,2024,DepEd (DCP),46,0,0,Functional,With 2 pieces TP Link,2026-04-12 13:53:28.168438+00:00
3005,304029,2026-41194,Batch 2022-01,2022,DepEd (DCP),46,0,0,Functional,"Acer Travelmate, Carrying Bags, Headsets, flash drive, smart TV, Router, Charging Cart, Rugged",2026-04-12 13:02:10.384129+00:00
3030,301435,2026-19484,DCP Package 1 - e-LC,2024,DepEd (DCP),46,0,1,Functional,"Router, headphones",2026-04-12 15:12:32.591455+00:00
3022,123773,2026-38015,Batch 1,2024,DepEd (DCP),46,0,1,Functional,"Routers, Headphones, Mouse, Hard Drive",2026-04-12 14:08:36.888417+00:00
3067,301611,2026-05299,batch 42,2018,DepEd (DCP),2,50,2,Functional,"as of march 31, 2026 all units are not functional. it reach the life span",2026-04-13 00:36:52.307395+00:00
3068,301611,2026-05299,e-text book bacth 2020,2021,DepEd (DCP),2,50,1,Functional,"as of march 31, 2026, only 47 tablets is functional but the keyboard is hard to touvh",2026-04-13 00:36:52.313443+00:00
3024,342216,2026-16830,e-LEARNING CART,2024,DepEd (DCP),46,0,0,Functional,,2026-04-12 14:23:58.553820+00:00
3031,301435,2026-19484,DCP Package   e-LC,2024,DepEd (DCP),46,0,1,Functional,,2026-04-12 15:12:32.598056+00:00
3027,501395,2026-39977,Batch 44,2024,DepEd (DCP),46,0,0,Functional,,2026-04-12 14:49:00.730465+00:00
3028,126181,2026-22781,BATCH 33,2020,DepEd (DCP),1,50,1,Functional,ROUTERS AND HEADPHONES,2026-04-12 15:08:10.079778+00:00
3033,307729,2026-17285,DCP 2022,2023,DepEd (DCP),46,0,1,Functional,,2026-04-12 15:59:35.720744+00:00
3034,217012,2026-00226, Batch 4,2024,LGU / SEF,0,0,0,Non-Functional,,2026-04-12 16:07:30.412438+00:00
3035,303607,2026-38141,Batch 44,2019,DepEd (DCP),1,50,0,Non-Functional,,2026-04-12 16:10:35.877147+00:00
3036,303607,2026-38141,Batch 2024,2024,DepEd (DCP),46,0,1,Functional,,2026-04-12 16:10:35.883262+00:00
3032,313718,2026-38159,DCP Package,2024,DepEd (DCP),46,0,1,Functional,"Routers, bags, chargers ",2026-04-12 15:43:25.054990+00:00
3037,313806,2026-38267,DCP Package 2023,2024,DepEd (DCP),42,0,0,Functional,"with wireless router, mouse, headphone, bag, & smart led tv",2026-04-12 17:28:37.762502+00:00
3038,313806,2026-38267,DCP Package 2024,2024,DepEd (DCP),42,0,1,Functional,"with bags, mouse, headphone",2026-04-12 17:28:37.769448+00:00
3026,301808,2026-23016,Batch 2023-01,2024,DepEd (DCP),46,0,1,Functional,Modem router external hard drive,2026-04-12 14:30:40.745384+00:00
5186,301187,2026-16793,Batch 2023,2023,DepEd (DCP),96,0,0,Functional,-,2026-04-15 01:55:35.663842+00:00
3059,304469,2026-43917,Batch 2023,2024,DepEd (DCP),40,0,0,Functional,"Mouse, charger,headphone,bag",2026-04-13 00:28:24.064538+00:00
3041,303334,2026-34783,Batxh 36,2023,DepEd (DCP),50,0,1,Functional,"Headphones, router",2026-04-12 21:56:39.659310+00:00
5352,302260,2026-26458,Batch 2024,2025,DepEd (DCP),46,0,1,Functional,"headset, charger, mouse, wireless router",2026-04-15 03:48:52.192485+00:00
3043,305324,2026-06956,LGU computers,2026,LGU / SEF,0,0,0,Functional,,2026-04-12 22:54:11.870431+00:00
3044,305324,2026-06956,Asus laptop 46 unit,2024,DepEd (DCP),0,0,0,Functional,With mouse and headphones,2026-04-12 22:54:11.878153+00:00
3045,117502,2026-30257,Batch 44,2025,DepEd (DCP),46,0,1,Functional,"1 router, 46 headphones",2026-04-12 23:04:44.783712+00:00
3498,501012,2026-17016,ELC 2023,2024,DepEd (DCP),46,0,1,Functional,,2026-04-13 07:26:10.864326+00:00
3048,321002,2026-08697,Batch 2023-1,2024,DepEd (DCP),46,0,1,Functional,"Headset, Wireless Mouse, Laptop Bag, Mouse Pad",2026-04-13 00:16:38.894181+00:00
3049,321002,2026-08697,Batch 2019-02,2021,DepEd (DCP),51,0,1,Non-Functional,"Printer, TP Link",2026-04-13 00:16:38.900235+00:00
3050,301883,2026-23350,BATCH 2024-01,2024,DepEd (DCP),46,0,1,Functional,,2026-04-13 00:19:56.570770+00:00
3051,126075,2026-22644,2019-01:G4-6 ICT ,2020,DepEd (DCP),1,50,1,Functional,"TP-Link Archer C9 Wireless Router(1 unit)
Charging Cart Pixpro (2 units)
Canon Pixma TS5370 (1unit)",2026-04-13 00:21:22.391925+00:00
3029,502223,2026-17118,Batch 55,2023,DepEd (DCP),46,0,1,Functional,"Routers, Headphones and adapter",2026-04-12 15:12:24.740169+00:00
5365,300972,2026-15378,2024-01,2024,DepEd (DCP),46,0,1,Functional,"Mouse, Headset, Charging Cart",2026-04-15 04:06:13.047724+00:00
3058,301011,2026-15899,2024-01 eLearning Cart Package,2024,DepEd (DCP),46,0,1,Functional,,2026-04-13 00:28:08.463873+00:00
3583,303297,2026-34207,DCP BATCH 2023-01,2024,DepEd (DCP),46,0,1,Functional,Routers headphones mouse adapters hard drive,2026-04-13 08:07:27.576832+00:00
3056,304544,2026-44877,Fund Cluster 01,2024,DepEd (DCP),46,0,1,Functional,Wirelss Router (non-Functional),2026-04-13 00:27:00.993480+00:00
3057,304544,2026-44877,Lot 8,2019,DepEd (DCP),0,50,0,Functional,Wireless Router (Non-Functional),2026-04-13 00:27:00.998901+00:00
3061,304168,2026-41146,Batch 2024-01,2024,DepEd (DCP),46,0,1,Functional,,2026-04-13 00:29:59.220564+00:00
5387,300169,2026-09246,DCP 2020 Batch 2019-02,2021,DepEd (DCP),50,0,1,Functional,Router - 1,2026-04-15 04:30:27.010774+00:00
3063,135676,2026-01331,Batch 26,2018,DepEd (DCP),5,0,5,Functional,,2026-04-13 00:31:27.806600+00:00
3685,342596,2026-20046,E-learning Cart,2024,DepEd (DCP),46,0,1,Functional,"2 wireless router
1 external hard drive",2026-04-13 08:58:04.561025+00:00
3605,301091,2026-17204,2022,2024,DepEd (DCP),46,0,1,Functional,,2026-04-13 08:19:05.138680+00:00
5388,300169,2026-09246,IT Package (E-Textbooks) for SHS,2019,DepEd (DCP),1,50,0,Non-Functional,Router,2026-04-15 04:30:27.016525+00:00
5511,304019,2026-39927,Batch 1,2024,DepEd (DCP),46,0,1,Functional,Routers,2026-04-15 06:45:19.696402+00:00
3070,502139,2026-17233,2024,2024,DepEd (DCP),46,0,1,Non-Functional,,2026-04-13 00:38:31.891356+00:00
3071,300110,2026-08764,IT PACKAGE ,2019,DepEd (DCP),0,50,0,Non-Functional,,2026-04-13 00:39:14.535073+00:00
3072,300110,2026-08764,Batch 2022,2024,DepEd (DCP),46,0,1,Functional,,2026-04-13 00:39:14.543991+00:00
3073,300110,2026-08764,Batch 2020,2021,DepEd (DCP),2,0,2,Non-Functional,Lapel,2026-04-13 00:39:14.549753+00:00
3074,128767,2026-42014,Batch 2019-01,2020,DepEd (DCP),1,50,1,Functional,"Router, printer",2026-04-13 00:41:06.693645+00:00
3047,304486,2026-43935,Batch 2022-01,2024,DepEd (DCP),46,0,1,Functional,"Routers, External Drive, Mouse, Headset",2026-04-13 00:13:17.234804+00:00
3076,316540,2026-43970,Batch 2020,2020,DepEd (DCP),2,50,0,Functional,,2026-04-13 00:52:29.789262+00:00
3077,316540,2026-43970,Batch 2024,2024,DepEd (DCP),46,0,1,Functional,,2026-04-13 00:52:29.796365+00:00
3078,300115,2026-08613,Batch 22,2022,DepEd (DCP),46,0,0,Functional,,2026-04-13 00:56:04.996143+00:00
3079,300115,2026-08613,Batch 19,2019,DepEd (DCP),0,50,0,Non-Functional,,2026-04-13 00:56:05.004611+00:00
3080,107291,2026-16905,Batch 26,2015,DepEd (DCP),0,0,0,Non-Functional,,2026-04-13 01:00:42.873196+00:00
3081,107291,2026-16905,Batch 2024-02,2024,DepEd (DCP),0,0,5,Functional,,2026-04-13 01:00:42.880158+00:00
3083,301123,2026-17094,Batch 23-24,2024,DepEd (DCP),46,0,1,Functional,"2 routers, 1 external hard drive,",2026-04-13 01:03:46.478714+00:00
3084,109703,2026-19690,Batch 2019,2019,LGU / SEF,1,50,1,Functional,,2026-04-13 01:04:17.886113+00:00
3075,501394,2026-39976,42,2024,DepEd (DCP),46,0,1,Functional,routers,2026-04-13 00:47:59.904367+00:00
3085,304053,2026-41257,Batch 2023,2024,DepEd (DCP),46,0,1,Functional,"2-router, 46 - headphones, 46- mouse , 46- mouse pad, 1- external drive, 1 - flash drive.",2026-04-13 01:04:45.696886+00:00
3086,304075,2026-40695,Batch 2024-01-01,2024,DepEd (DCP),40,0,1,Functional,"Headphones,TP LINK ROUTER ARCHER MAX, WIRELESS MOUSE, SMART TV COBY",2026-04-13 01:05:40.068680+00:00
3100,305249,2026-02115,Batch 2023,2024,DepEd (DCP),46,0,1,Functional,,2026-04-13 01:28:49.496277+00:00
3106,303876,2026-22468,Batch 2022-01,2024,DepEd (DCP),46,0,1,Functional,"2 Routers, 46 headphones, 46 adopters",2026-04-13 01:30:23.830708+00:00
3559,305967,2026-05267,Batch 44,2022,DepEd (DCP),46,0,1,Functional,,2026-04-13 07:51:20.361316+00:00
2542,300455,2026-10832,2022-01,2024,DepEd (DCP),46,0,1,Functional,"2 router, 1 External HD",2026-04-10 13:12:57.799450+00:00
3635,300106,2026-08596,Batch 44,2024,DepEd (DCP),45,0,0,Functional,,2026-04-13 08:30:44.137835+00:00
2734,117800,2026-30522,Batch 2019,2020,DepEd (DCP),1,50,1,Functional,Printer,2026-04-11 07:00:35.244508+00:00
3649,501375,2026-37952,"Batch 2023-01,",2023,DepEd (DCP),45,0,1,Functional,,2026-04-13 08:37:42.522281+00:00
3650,501375,2026-37952,Batch 2019-02,2019,DepEd (DCP),51,0,2,Non-Functional,,2026-04-13 08:37:42.529643+00:00
3657,501320,2026-40698,DCP 2022-01,2024,DepEd (DCP),46,0,1,Functional,,2026-04-13 08:40:09.499161+00:00
5188,304101,2026-40764,Batch 44,2023,DepEd (DCP),1,46,1,Functional,,2026-04-15 01:57:57.699209+00:00
5353,310706,2026-27250,Batch 44,2023,DepEd (DCP),38,0,1,Functional,Head phones,2026-04-15 03:49:20.663898+00:00
7168,300615,2026-12494,Batch,2023,DepEd (DCP),0,0,0,Functional,,2026-04-20 19:31:18.293846+00:00
1918,342300,2026-16813,LOT 2-LAPTOP FOR TEACHING PACKAGE,2025,DepEd (DCP),5,0,0,Functional,"5 pcs wireless mouse 
5 pcs headphones",2026-04-10 04:30:05.070548+00:00
7299,301308,2026-19036,DCP BATCH 44,2024,DepEd (DCP),46,0,0,Functional,,2026-04-21 06:17:10.038504+00:00
3738,301845,2026-23205,Batch 33,2023,DepEd (DCP),0,0,0,Functional,7 system units with 49 monitors,2026-04-13 09:32:01.027065+00:00
3739,301845,2026-23205,Batch 33,2023,DepEd (DCP),2,29,1,Functional,"Monitors: F-33, NF-18",2026-04-13 09:32:01.034067+00:00
3740,301845,2026-23205,Batch 38,2023,DepEd (DCP),15,0,0,Functional,,2026-04-13 09:32:01.043592+00:00
3741,301845,2026-23205,Batch,2024,DepEd (DCP),0,0,0,Functional,"Monitor: F-25
Printer: NF-2",2026-04-13 09:32:01.048992+00:00
3742,301845,2026-23205,Batch,2024,DepEd (DCP),51,0,0,Functional,,2026-04-13 09:32:01.058909+00:00
3745,309011,2026-05033,batch 44,2023,DepEd (DCP),42,0,6,Functional,Routers and Headphones,2026-04-13 09:41:20.438327+00:00
3955,502284,2026-30479,DCP E-Learning,2024,DepEd (DCP),46,0,6,Functional,,2026-04-13 23:20:43.083301+00:00
3648,306003,2026-10891,Batch 2022 and Batch 2024,2024,DepEd (DCP),92,0,2,Functional,"Routers, headphones",2026-04-13 08:35:22.935561+00:00
3784,301621,2026-05159,Batch 2023-01,2023,DepEd (DCP),45,0,1,Functional,"Router, Hard Drive",2026-04-13 10:50:27.547088+00:00
3799,501579,2026-38879,Batch 2024.03 Haiei laptop,2024,DepEd (DCP),5,0,0,Functional,"Routers, headphone, adapters",2026-04-13 11:35:22.604236+00:00
7462,301350,2026-18704,Batch 2022-01:ELEARNING CART PACKAGE,2024,DepEd (DCP),46,0,0,Non-Functional,,2026-04-22 16:43:23.104515+00:00
3832,301928,2026-24831,Batch 2023,2024,DepEd (DCP),46,0,1,Functional,,2026-04-13 12:44:46.725384+00:00
3833,301928,2026-24831,Batch 2024,2024,DepEd (DCP),5,0,0,Functional,,2026-04-13 12:44:46.731348+00:00
3844,502364,2026-41324,Coby NBPC2368,2024,DepEd (DCP),46,0,1,Functional,,2026-04-13 13:10:29.771001+00:00
3863,501348,2026-32267,2023-50-30-0002-501348,2024,DepEd (DCP),42,0,0,Functional,"Routers, headphones, adapters, mouse and bags",2026-04-13 13:20:02.255652+00:00
3874,341230,2026-40721,2022,2024,DepEd (DCP),46,0,1,Functional,"With bag and headset 
2 routers ",2026-04-13 13:54:28.866069+00:00
3895,302659,2026-30051,Lot 5 Batch 2019-02,2020,DepEd (DCP),51,0,0,Functional,"50 optical mouse with pad, 1 wireless mouse, 51 Dolby headsets, 2 carts",2026-04-13 14:20:57.861000+00:00
3920,305143,2026-01221,2023-01,2023,DepEd (DCP),0,0,6,Functional,,2026-04-13 15:40:25.569859+00:00
3921,305143,2026-01221,2022-01,2022,DepEd (DCP),6,0,6,Non-Functional,,2026-04-13 15:40:25.576188+00:00
3977,107908,2026-16777,Batch 2019,2019,DepEd (DCP),1,50,1,Functional,"Wireless router, 3 in 1 Multifunction inkjet printer, Headset with microphone, wireless mouse",2026-04-14 00:34:29.942644+00:00
3993,304302,2026-42642,Batch 2023-01,2024,DepEd (DCP),46,0,1,Non-Functional,,2026-04-14 00:47:25.482875+00:00
3941,127994,2026-40882,DCP Batch 2019-01,2020,DepEd (DCP),0,50,0,Functional,,2026-04-13 19:15:57.719478+00:00
4007,300848,2026-14549,40,2024,DepEd (DCP),46,0,0,Functional,,2026-04-14 01:07:59.521453+00:00
4008,300848,2026-14549,40,2017,DepEd (DCP),0,50,0,Functional,,2026-04-14 01:07:59.528793+00:00
4026,303867,2026-22285,Batch 22,2023,DepEd (DCP),46,0,1,Functional,"Router, Headphones, Mouse",2026-04-14 01:15:00.524948+00:00
4030,320605,2026-07563,LOT 3 IT EQUIPMENT FOR SENIOR HIGH SCHOOL,2020,DepEd (DCP),0,0,1,Non-Functional,,2026-04-14 01:19:34.040194+00:00
4031,320605,2026-07563,BATCH 2019-02 -JHS/SHS ICT PACKAGE - LOT 4,2020,DepEd (DCP),51,0,1,Functional,,2026-04-14 01:19:34.045485+00:00
4033,102716,2026-10857,Batch 2024-01,2024,DepEd (DCP),46,0,0,Functional,,2026-04-14 01:24:04.194830+00:00
4034,102716,2026-10857,ALTERNATIVE LEARNING SYSTEM (ALS),2025,Other,0,18,0,Functional,,2026-04-14 01:24:04.202057+00:00
4036,310401,2026-26578,eLearning Cart Package,2019,DepEd (DCP),44,0,0,Functional,,2026-04-14 01:24:34.304926+00:00
4039,180503,2026-30085,Batch 2024,2024,DepEd (DCP),5,0,0,Functional,,2026-04-14 01:27:49.663108+00:00
4040,316712,2026-44857,2023-01,2023,DepEd (DCP),4,0,0,Non-Functional,2 Wifi Routers,2026-04-14 01:29:00.107620+00:00
4041,316712,2026-44857,2024-01,2024,DepEd (DCP),50,0,2,Functional,adapters,2026-04-14 01:29:00.119627+00:00
4044,319222,2026-02067,Batch 2022-01,2024,DepEd (DCP),46,0,1,Functional,"2 TPLink Router, 1 Silicon Power external drive,",2026-04-14 01:30:35.957530+00:00
4045,303141,2026-33172,e-learning package,2024,DepEd (DCP),46,0,1,Functional,"headphones 46, mouse 46, t p link router 2",2026-04-14 01:32:18.935745+00:00
4046,303141,2026-33172,e learning package,2024,DepEd (DCP),46,0,1,Functional,"charging cart 2, t p link router 2",2026-04-14 01:32:18.946410+00:00
4047,300810,2026-14340,BATCH 2023-01E LEARNING CART PACKAGE,2023,DepEd (DCP),46,0,0,Functional,,2026-04-14 01:33:05.993027+00:00
4048,300810,2026-14340,BACTH 2019-03:E TEXTBOOKS,2019,DepEd (DCP),0,50,0,Non-Functional,,2026-04-14 01:33:06.001121+00:00
4049,301021,2026-16017,Batch 2024-01,2024,DepEd (DCP),46,0,1,Functional,,2026-04-14 01:33:21.613703+00:00
4050,303861,2026-22189,E-learning cart Package 2018,2020,DepEd (DCP),1,50,0,Functional,"Router, wireless mouse, headset",2026-04-14 01:33:21.621481+00:00
4038,135246,2026-00789,34,2018,DepEd (DCP),1,7,0,Non-Functional,unserviceable,2026-04-14 01:26:47.874288+00:00
3910,303425,2026-35267,Batch 36,2025,DepEd (DCP),61,40,3,Functional,,2026-04-13 15:06:25.739482+00:00
4001,502183,2026-15543,2022,2024,DepEd (DCP),46,0,0,Functional,"headphones, mouse, backpack",2026-04-14 00:54:53.465211+00:00
3087,123388,2026-37628,19,2014,DepEd (DCP),0,0,0,Non-Functional,ALL EQUIPMENTS ARE NON-FUNCTIONAL,2026-04-13 01:08:43.960437+00:00
3088,306378,2026-07279,Batch 2022-01,2024,DepEd (DCP),46,0,1,Functional,"WiFi Router, External hard drive",2026-04-13 01:09:24.219892+00:00
3500,136310,2026-01996,Batch 2019-01,2021,DepEd (DCP),1,50,1,Functional,"Router - 1
Printer - 1
UPS - 2",2026-04-13 07:27:32.261735+00:00
7251,303343,2026-34982,BATCH 44,2023,DepEd (DCP),44,0,0,Functional,"ROUTER, HEADSET, MOUSE",2026-04-21 03:19:52.758731+00:00
3096,301624,2026-05090,Lot 4:IT Package ,2019,DepEd (DCP),0,0,0,Non-Functional,all other equipment was missing/broken,2026-04-13 01:19:39.956647+00:00
5189,305529,2026-04773,DCP 2022-01,2022,DepEd (DCP),46,0,1,Non-Functional,"ROUTERS, HEADPHONES",2026-04-15 01:58:56.619581+00:00
3098,318914,2026-01378,Batch 44,2023,DepEd (DCP),46,0,1,Functional,,2026-04-13 01:28:48.710680+00:00
3099,318914,2026-01378,Batch 44,2023,DepEd (DCP),46,0,1,Functional,,2026-04-13 01:28:48.716975+00:00
5190,305529,2026-04773,DCP,2020,DepEd (DCP),7,0,0,Non-Functional,LAPEL,2026-04-15 01:58:56.629237+00:00
5356,500243,2026-22560,Batch 2023,2023,DepEd (DCP),24,0,0,Functional,,2026-04-15 03:59:22.995630+00:00
3658,303150,2026-33166,DCP Package for 2024,2025,DepEd (DCP),46,0,0,Functional,,2026-04-13 08:40:09.559608+00:00
5357,500243,2026-22560,Batch 2023,2023,DepEd (DCP),24,0,5,Functional,,2026-04-15 03:59:23.002321+00:00
3107,303994,2026-39653,Batch 2023-01,2024,DepEd (DCP),46,0,1,Functional,,2026-04-13 01:31:48.889510+00:00
3108,500003,2026-09637,Batch 2023,2024,DepEd (DCP),42,0,1,Functional,"External Hard Drive - SILICON POWER ARMOR A62, Charging Cart - PIXPRO, Wireless Router - TP-LINK ARCHER AX12 (2); Mouse, charger, mouse pad, and headphones (42)",2026-04-13 01:33:14.496144+00:00
3109,316524,2026-44289,2024,2024,DepEd (DCP),46,0,1,Functional,Router and External Hard Drive ,2026-04-13 01:38:47.575579+00:00
3110,304059,2026-40403,2024-01,2024,DepEd (DCP),46,0,1,Functional,"routers, external hdd",2026-04-13 01:39:05.658524+00:00
3111,303615,2026-37888,Batch 2024,2024,DepEd (DCP),46,0,1,Functional,,2026-04-13 01:39:45.128692+00:00
3112,129425,2026-42622,26,2015,DepEd (DCP),1,0,0,Non-Functional,,2026-04-13 01:41:47.865191+00:00
3113,129425,2026-42622,30,2018,DepEd (DCP),1,0,1,Non-Functional,,2026-04-13 01:41:47.871386+00:00
3114,129425,2026-42622,2023-02,2024,DepEd (DCP),0,0,4,Functional,with External Drive 5tb,2026-04-13 01:41:47.877783+00:00
3115,129425,2026-42622,2023-03,2025,DepEd (DCP),5,0,0,Functional,1 not functional,2026-04-13 01:41:47.883426+00:00
3607,305380,2026-07195,2024 package,2024,DepEd (DCP),46,0,1,Functional,"2 routers
Server rack",2026-04-13 08:21:04.938764+00:00
3117,323302,2026-41262,BATCH  NO.2018,2018,DepEd (DCP),0,100,2,Functional,"Headphones,charger",2026-04-13 01:44:34.677399+00:00
3118,323302,2026-41262,Batch No.2018,2018,DepEd (DCP),1,100,0,Non-Functional,Not functional anymore,2026-04-13 01:44:34.685628+00:00
3119,315308,2026-40803,DCP Batch 2022,2022,DepEd (DCP),46,0,0,Functional,,2026-04-13 01:45:58.391328+00:00
3120,315308,2026-40803,Batch 41,2017,DepEd (DCP),0,50,0,Non-Functional,,2026-04-13 01:45:58.399909+00:00
3121,500557,2026-16451,44,2016,DepEd (DCP),0,50,1,Non-Functional,8 functional,2026-04-13 01:46:47.551291+00:00
3122,305907,2026-37998,BATCH 2022-01: ELEARNING CART PACKAGE,2024,DepEd (DCP),46,0,1,Functional,"Bags, headphones, mouse, storage carts, router, external hard drive, flash drive",2026-04-13 01:46:57.147945+00:00
3123,302174,2026-25194,Batch 36,2019,DepEd (DCP),0,50,0,Non-Functional,,2026-04-13 01:47:13.365561+00:00
3124,502176,2026-01148,E Classroom Package 2022,2024,DepEd (DCP),46,0,1,Functional,"46 headset,46 mouse and 46 laptop bag,2 tplink archer,2 storage cart, 1 unit rexovery disk, 1 remote control with battery, 1 mounting kit",2026-04-13 01:49:10.007274+00:00
3125,305182,2026-01553, Batch 2022-01: E learning Cart Package,2024,DepEd (DCP),46,0,0,Functional,"2 Routers
2 Storage Cart
1 External Hard Drive
1 Flash Drive",2026-04-13 01:49:43.382232+00:00
3126,305182,2026-01553,Batch 27,2016,DepEd (DCP),0,0,0,Non-Functional,"42 Desktop( Monitor, Keyboard, Mouse)
8 PC-Host
8 UPS",2026-04-13 01:49:43.388816+00:00
3127,305182,2026-01553,Batch 36,2018,DepEd (DCP),0,0,0,Non-Functional,"42 Desktop (Monitor, Keyboard, Mouse, Headset)",2026-04-13 01:49:43.394183+00:00
3128,305182,2026-01553,DCP 2018-01,2019,DepEd (DCP),1,50,0,Functional,"Headset
wireless mouse & mouse pad
",2026-04-13 01:49:43.399372+00:00
3129,307510,2026-16345,Batch 2019-03,2020,DepEd (DCP),1,50,0,Non-Functional,,2026-04-13 01:50:33.581294+00:00
5366,315403,2026-40885,Batch 2023,2024,DepEd (DCP),46,0,1,Functional,2 Router,2026-04-15 04:06:38.333082+00:00
3131,301127,2026-17515,Batch 2021-01,2022,DepEd (DCP),46,0,1,Functional,"2 Router, 1 Flashdrive, 1 HDD",2026-04-13 01:51:40.802606+00:00
5513,302514,2026-29343,eLearning Package,2024,DepEd (DCP),46,0,1,Functional,,2026-04-15 06:48:08.801476+00:00
3133,302658,2026-30164,BATCH 2024-01,2024,DepEd (DCP),46,0,1,Functional,,2026-04-13 01:54:02.571218+00:00
3134,342195,2026-17376,2023-01: eLearning Cart Package,2024,DepEd (DCP),46,0,0,Functional,,2026-04-13 01:55:53.927279+00:00
3720,126210,2026-22877,Batch 2019,2020,DepEd (DCP),1,50,1,Functional,"Printer, charging port, wireless router",2026-04-13 09:15:45.639678+00:00
3137,316403,2026-43217,41,2018,DepEd (DCP),1,50,2,Non-Functional,ALL TABLETS ARE BROKEN,2026-04-13 01:59:57.794174+00:00
3138,109672,2026-19657,Interactive Multi-media Package,2019,LGU / SEF,1,15,0,Functional,"Wireless router, mobile charging station, with casing and stand operation and in good condition",2026-04-13 02:01:00.376072+00:00
3095,313715,2026-37560,batch 1,2024,DepEd (DCP),96,0,2,Functional,,2026-04-13 01:18:18.752521+00:00
5531,303705,2026-20650,2022,2024,DepEd (DCP),92,25,3,Functional,"Modem Router, storage cart, external hard drive, power bank",2026-04-15 06:56:18.456085+00:00
3135,301900,2026-23645,Batch 2023-01,2024,DepEd (DCP),46,0,1,Functional,"46 pcs. Carrying Bags
46 pcs. Optical Wireless Mouse
46 pcs. Headset",2026-04-13 01:55:54.822838+00:00
3147,305751,2026-44410,2022-01,2024,DepEd (DCP),46,0,1,Functional,Routers 2 pcs,2026-04-13 02:11:42.899338+00:00
3153,301090,2026-17493,BATCH 2022-01,2024,DepEd (DCP),46,0,1,Functional,"2 CHARGE STATIONS
2 ROUTER
1 EXTERNAL HARD DRIVE
1 FLASH DRIVE",2026-04-13 02:16:10.833300+00:00
3199,306171,2026-34311,2023,2024,DepEd (DCP),46,0,1,Functional,,2026-04-13 02:46:33.620826+00:00
3093,321010,2026-08837,Batch 2022,2024,DepEd (DCP),46,0,1,Functional,,2026-04-13 01:18:09.269957+00:00
3094,321010,2026-08837,E-Textnook Package,2019,DepEd (DCP),1,50,0,Functional,,2026-04-13 01:18:09.275936+00:00
3746,300037,2026-08032,2023,2024,DepEd (DCP),46,0,1,Functional,"Router, headphone",2026-04-13 09:46:37.222326+00:00
3762,500238,2026-38379,2023-01,2023,DepEd (DCP),46,0,1,Functional,"routers,mouse,headsets",2026-04-13 10:21:11.067705+00:00
3785,103228,2026-12846,DCP2024-eLC-L2-SV-0028,2024,DepEd (DCP),46,0,0,Functional,,2026-04-13 10:52:57.104396+00:00
3800,302622,2026-29813,Batch 44,2019,DepEd (DCP),1,50,0,Functional,"3 router, 50 mouses, 50 headsets, tablet bags",2026-04-13 11:36:01.678405+00:00
3801,302622,2026-29813,DCP 2024,2024,DepEd (DCP),5,0,0,Functional,,2026-04-13 11:36:01.685280+00:00
3208,303596,2026-37877,Batch 2024,2024,DepEd (DCP),46,0,1,Functional,"Charging Carts (2), Wireless Router(2pcs.), External HDD (1)",2026-04-13 02:54:49.571343+00:00
3140,301142,2026-17348,Batch 44,2024,DepEd (DCP),46,0,0,Functional,"Routers, modem for ISP, headsets, charger",2026-04-13 02:02:57.205010+00:00
3141,500112,2026-12771,Batch 2019-03,2019,DepEd (DCP),1,50,0,Functional,"Headphones, mouse",2026-04-13 02:03:41.899318+00:00
3142,301496,2026-19631,DCP 2020 Batch 2019-03 Lot 3: E-Textbook,2020,DepEd (DCP),50,0,0,Functional,1Wireless router TPLink Archer C9,2026-04-13 02:04:55.053051+00:00
7169,305723,2026-40150,DCP 2022 E-learning Cart Package ,2024,DepEd (DCP),46,0,1,Functional,"carrying bag, wireless mouse, mouse pad and headset",2026-04-20 21:38:48.508969+00:00
3501,302360,2026-27660,BATCH 44,2024,DepEd (DCP),46,0,1,Functional,"TP LINK ARCHER AX12, SILICON POWER ARMOR",2026-04-13 07:27:39.295793+00:00
3176,304071,2026-40438,2022-01,2024,DepEd (DCP),46,0,1,Functional,"Wireless Router 2, External HDD 1",2026-04-13 02:31:15.250039+00:00
3150,309020,2026-05062,DCP 2023: Smart TV Package,2023,DepEd (DCP),0,0,7,Functional,,2026-04-13 02:13:27.061181+00:00
3151,309020,2026-05062,DCP BATCH 21 LOT 4,2021,DepEd (DCP),4,0,0,Functional,,2026-04-13 02:13:27.069845+00:00
3152,309020,2026-05062,DCP BATCH 2025 LOT 2,2025,DepEd (DCP),5,0,0,Functional,,2026-04-13 02:13:27.076043+00:00
5191,302475,2026-28337,Batch 44,2017,DepEd (DCP),46,15,3,Functional,,2026-04-15 02:00:05.834821+00:00
3502,302360,2026-27660,IT PACKAGE,2019,DepEd (DCP),1,50,0,Functional,WIRELESS ROUTER,2026-04-13 07:27:39.300952+00:00
3561,301426,2026-19939,DCP E-Classroom Package 2023,2023,DepEd (DCP),46,0,0,Functional,"Wireless Router-2, Charging Cart- 2, External Hard Drive-1",2026-04-13 07:52:37.184658+00:00
3194,303420,2026-38838,Batch 2024-01,2024,DepEd (DCP),46,0,1,Functional,2,2026-04-13 02:44:17.970456+00:00
3161,309021,2026-05456,BATCH 2024-01: e-Learning Cart Package,2024,DepEd (DCP),46,0,1,Functional,,2026-04-13 02:20:33.558131+00:00
3162,125959,2026-22476,BATCH 2024-01:ELEARNING CART PACKAGE,2024,DepEd (DCP),46,0,1,Functional,"1 unit Xitrix 58"" Smart Tv, 2 units TP-link Archer AX12, 1 unit Silicone Power Armor A60",2026-04-13 02:20:56.848150+00:00
3163,302703,2026-30194,DCP,2023,DepEd (DCP),92,86,4,Functional,"Routers, printer, projectors external drive

",2026-04-13 02:21:29.496076+00:00
3154,500356,2026-08782,Batch 1,2024,DepEd (DCP),46,0,0,Functional,,2026-04-13 02:18:45.371784+00:00
7300,303440,2026-36022,eLearning Cart Package,2023,DepEd (DCP),46,0,0,Functional,,2026-04-21 06:19:08.870039+00:00
7306,302294,2026-26853,DCP 2018 -01,2006,DepEd (DCP),1,50,0,Functional,"with laptop bag, and head set 1 pc each. Headset 50 pcs, wire less router 1 pc , 1 pc coby magneto external odd ",2026-04-21 06:27:33.779012+00:00
7307,302294,2026-26853,Batch 2024-01,2024,DepEd (DCP),46,0,1,Functional,"charger- 46, headset- 46, mouse- 46, 2 units wireless router, external drive i unit",2026-04-21 06:27:33.788884+00:00
7398,306202,2026-12295,Batch 2023-01,2024,DepEd (DCP),46,0,1,Functional,"Two wireless routers
Two charging cart
One external hard drive
",2026-04-22 01:24:27.740286+00:00
3609,340558,2026-07285,Batch 2023-01,2023,DepEd (DCP),46,0,1,Functional,,2026-04-13 08:21:42.259639+00:00
3659,129346,2026-42587,Batch 19,2022,DepEd (DCP),2,0,2,Functional,,2026-04-13 08:41:05.688377+00:00
3173,301114,2026-17319,Batch 2023-01: ELEARNING CART PACKAGE,2024,DepEd (DCP),46,0,0,Functional,,2026-04-13 02:26:18.424764+00:00
3174,999855,999855,BATCH 44,2023,DepEd (DCP),3,50,5,Functional,,2026-04-13 02:30:21.655720+00:00
3175,501014,2026-17017,DCP2022 e-Learning Cart Package,2024,DepEd (DCP),46,0,0,Functional,,2026-04-13 02:31:08.382951+00:00
3177,301115,2026-17115,BATCH 2022-01: ELEARNING CART PACKAGE,2024,DepEd (DCP),46,0,1,Functional,"ROUTER, HEADSET",2026-04-13 02:32:01.467836+00:00
3178,303981,2026-39265,Batch 22,2024,DepEd (DCP),46,0,0,Functional,,2026-04-13 02:32:48.592917+00:00
5359,306815,2026-14255,Batch 2022-01 E-learning Cart Package,2024,DepEd (DCP),4,0,1,Functional,"2 routerS
1 charging cart
1 external drive",2026-04-15 04:02:32.002951+00:00
3180,309038,2026-05355,Batch 2022-01,2024,DepEd (DCP),46,0,0,Functional,,2026-04-13 02:33:25.455244+00:00
3181,309038,2026-05355,Lot#4SO#19-PC0010,2019,DepEd (DCP),0,49,0,Functional,,2026-04-13 02:33:25.465324+00:00
3182,304276,2026-43607,Batch 2023-01:E-learning cart package,2024,DepEd (DCP),46,0,1,Functional,"1 router, 1 external drive",2026-04-13 02:34:29.469087+00:00
3183,304276,2026-43607,Batch 2019-2: ICT Package ,2020,DepEd (DCP),51,0,0,Functional,"1 wireless router, 51 laptop bag, jeadset, wireless mouse and mouse pad",2026-04-13 02:34:29.475923+00:00
3184,307707,2026-17283,Batch 2023-01/Elearning Cart Package,2024,DepEd (DCP),46,0,1,Functional,,2026-04-13 02:35:25.853394+00:00
3185,304476,2026-43966,Batch 2024,2024,DepEd (DCP),46,0,0,Functional,Adapter ,2026-04-13 02:39:08.130506+00:00
3186,304476,2026-43966,Batch 2018,2018,DepEd (DCP),0,25,0,Non-Functional,,2026-04-13 02:39:08.136633+00:00
3187,300500,2026-12191,Batch 2023 DCP,2023,DepEd (DCP),58,16,5,Functional,N/A,2026-04-13 02:39:41.344235+00:00
3188,318910,2026-01283,Batch 2022,2024,DepEd (DCP),46,0,0,Functional,"Mouse, headset, power adapter",2026-04-13 02:41:18.114853+00:00
3675,303197,2026-33290,Batch 2022-01,2024,DepEd (DCP),46,0,0,Functional,,2026-04-13 08:51:39.177458+00:00
3155,303786,2026-21150,FY 2022,2022,DepEd (DCP),46,0,1,Functional,"Charging Cart. Router, Hardrive",2026-04-13 02:19:53.837046+00:00
3191,502263,2026-21667,E-Learning Cart 2023,2023,DepEd (DCP),46,0,1,Functional,"2 Routers, 46 headset, 46 mouse, 2 Charging Cart",2026-04-13 02:42:32.335398+00:00
3192,502263,2026-21667,E-Learning Cart 2024,2024,DepEd (DCP),46,0,1,Functional,"2 Routers, 2 Charging Cart, 46 Headset, 46 Mouse, 1 Hard drive",2026-04-13 02:42:32.345158+00:00
3195,313729,2026-38114,BATCH 2023-01,2024,DepEd (DCP),46,0,1,Non-Functional,"TP LINK ARCHER AX12, SILICON POWER-5TB ARMOR A62,",2026-04-13 02:45:12.660812+00:00
3196,305809,2026-29755,Batch 4,2023,DepEd (DCP),43,0,1,Functional,1,2026-04-13 02:46:16.686149+00:00
3193,305512,2026-43488,Batch 44,2024,DepEd (DCP),46,0,1,Functional,,2026-04-13 02:43:56.401911+00:00
3221,300093,2026-08535,DCP eLearning cart Package,2024,DepEd (DCP),46,0,0,Functional,"Router, headset,mouse, smart tv",2026-04-13 03:00:09.509867+00:00
3246,303773,2026-21328,FY 2022 eLC,2024,DepEd (DCP),46,0,1,Functional,,2026-04-13 03:09:28.317948+00:00
3274,999111,,Batch 1,2023,Other,20,20,20,Functional,"Router, headphones and adapter",2026-04-13 03:15:50.478411+00:00
3608,342576,2026-20092,Batch 2022,2024,DepEd (DCP),46,0,0,Functional,,2026-04-13 08:21:05.289293+00:00
7463,305476,2026-04892,Batch 2,2022,DepEd (DCP),46,0,0,Functional,"Routers, headsets, usb resetter, HD external drive, laptop bags",2026-04-23 01:40:43.796454+00:00
3146,304414,2026-43667,2024,2024,DepEd (DCP),46,0,1,Functional,,2026-04-13 02:10:37.855726+00:00
3156,303786,2026-21150,e-textbook,2018,DepEd (DCP),0,50,0,Non-Functional,Unserviceable/ N0tworking,2026-04-13 02:19:53.842797+00:00
3197,303698,2026-20523,DCP 2022,2024,DepEd (DCP),46,0,1,Functional,External Hard Drive,2026-04-13 02:46:18.624628+00:00
3198,109657,2026-19630,Interactive Education Lerning PAckage,2019,LGU / SEF,1,15,1,Non-Functional,,2026-04-13 02:46:32.408939+00:00
3200,500128,2026-15922,2023,2023,DepEd (DCP),40,0,1,Functional,,2026-04-13 02:47:26.213826+00:00
3201,109727,2026-19722,30,2016,DepEd (DCP),0,0,0,Non-Functional,headest,2026-04-13 02:47:26.336274+00:00
3202,132975,2026-04382,e-Cart and TV,2025,DepEd (DCP),42,0,6,Functional,,2026-04-13 02:48:44.854302+00:00
3203,302159,2026-18041,DCP BATCH 2019-03 LOT 3,2021,DepEd (DCP),1,50,0,Functional,With TP-LINK Archer C9 Wireless Router,2026-04-13 02:50:47.082098+00:00
3204,502568,2026-22593,Batch 2023,2023,DepEd (DCP),46,0,1,Functional,,2026-04-13 02:50:50.143254+00:00
3205,502568,2026-22593,Batch 2024,2024,DepEd (DCP),0,0,5,Functional,,2026-04-13 02:50:50.149097+00:00
3206,305319,2026-06933,22,2022,DepEd (DCP),92,0,2,Functional,,2026-04-13 02:51:11.507705+00:00
3503,301184,2026-16790,Batch 50,2023,DepEd (DCP),45,0,0,Functional,,2026-04-13 07:28:01.083714+00:00
3209,303172,2026-33269,BATCH2019,2019,DepEd (DCP),50,54,2,Functional,"SPEAKER, ROUTERS, HEADPHONE",2026-04-13 02:55:58.374968+00:00
3562,309003,2026-05268,batch 2022,2024,DepEd (DCP),46,0,0,Functional,,2026-04-13 07:53:03.306614+00:00
7170,103946,2026-12230,Batch 1,2024,DepEd (DCP),48,0,3,Functional,,2026-04-20 22:05:19.704671+00:00
7171,501293,2026-03812,2024,2024,DepEd (DCP),22,12,1,Functional,,2026-04-20 22:36:13.796687+00:00
5207,102682,2026-11179,IT Equipment,2018,DepEd (DCP),1,0,0,Non-Functional,,2026-04-15 02:21:37.676745+00:00
3747,311102,2026-30052,35,2024,DepEd (DCP),46,0,1,Functional,,2026-04-13 09:47:19.240183+00:00
3748,305894,2026-40917,lot 12 region x,2024,DepEd (DCP),46,0,0,Functional,"routers-2
recovery drive- 1
hardrive-1",2026-04-13 09:48:56.638123+00:00
3611,300844,2026-14582,Batch 2019,2020,DepEd (DCP),1,50,0,Functional,Majority of the tablets are unserviceable,2026-04-13 08:22:21.090778+00:00
3612,300844,2026-14582,Batch 2022,2024,DepEd (DCP),46,0,0,Functional,,2026-04-13 08:22:21.099007+00:00
7303,303313,2026-33337,Batch 2024-01,2024,DepEd (DCP),46,0,1,Functional,,2026-04-21 06:22:25.462035+00:00
7305,301341,2026-18330,Batch 32,2024,DepEd (DCP),40,0,1,Functional,"routers, headphones",2026-04-21 06:26:41.925701+00:00
1906,304281,2026-43440,"Batch 2022,2023,2024",2022,DepEd (DCP),97,56,10,Functional,,2026-04-10 04:26:45.457520+00:00
3802,302622,2026-29813,DCP 2020,2020,DepEd (DCP),1,0,1,Functional,1 lapel mic,2026-04-13 11:36:01.691917+00:00
5208,102682,2026-11179,Multimedia Package,2020,DepEd (DCP),1,0,1,Functional,,2026-04-15 02:21:37.685107+00:00
5209,102682,2026-11179,Laptop for Teaching,2021,DepEd (DCP),4,0,0,Functional,,2026-04-15 02:21:37.690506+00:00
3834,302698,2026-30828,Batch 44,2024,DepEd (DCP),46,0,1,Functional,"Headphones, Mouse",2026-04-13 12:48:05.033718+00:00
3845,315906,2026-42076,DCP 2023,2023,DepEd (DCP),46,0,0,Functional,,2026-04-13 13:10:31.857047+00:00
3846,315906,2026-42076,Laptop for Teachers,2024,DepEd (DCP),5,0,0,Functional,,2026-04-13 13:10:31.864261+00:00
7288,306951,2026-14847,DEPED DCP,2024,DepEd (DCP),92,0,0,Functional,,2026-04-21 05:44:42.624692+00:00
7465,999500,999500,Batch 2022-01: E LEARNING PACKAGE,2024,DepEd (DCP),46,0,1,Functional,"Routers, headphones, charging cart",2026-04-23 02:02:30.125937+00:00
5249,304725,2026-04290,e-Learning Cart and Smart TV 2023 Packages,2023,DepEd (DCP),46,0,0,Functional,,2026-04-15 02:46:47.774026+00:00
3911,304516,2026-44019,DCP Batch 2024-01: E-Learning Cart Package,2024,DepEd (DCP),46,0,1,Functional,,2026-04-13 15:11:05.928467+00:00
5360,306815,2026-14255,Batch 2019-03: E-textbooks,2020,DepEd (DCP),1,50,0,Non-Functional,1 router,2026-04-15 04:02:32.011367+00:00
5515,302679,2026-30749,Batch 2024-03,2024,DepEd (DCP),5,0,0,Functional,,2026-04-15 06:48:26.097360+00:00
3942,303846,2026-22158,Coby Bag,2022,DepEd (DCP),1,1,1,Functional,N/A,2026-04-13 19:18:04.286659+00:00
3956,323902,2026-12851,DCP 22,2022,DepEd (DCP),46,0,0,Functional,,2026-04-13 23:29:05.906399+00:00
3957,301419,2026-19930,E-cart package,2024,DepEd (DCP),46,0,0,Functional,"2 router
2 charging cart
1 hdd
1 smart tv
46 mouse
46 bag",2026-04-13 23:29:27.721656+00:00
3958,301419,2026-19930,E-cart coby,2024,DepEd (DCP),46,0,0,Functional,"2 router
2 charging cart
1 hdd
1 smart tv
46 mouse
",2026-04-13 23:29:27.727681+00:00
3964,107974,2026-20145,2020,2020,DepEd (DCP),1,50,1,Functional,2 charging port,2026-04-14 00:15:22.737357+00:00
3965,301987,2026-24669,Batch 2022,2022,DepEd (DCP),46,0,1,Functional,Routers,2026-04-14 00:15:26.528527+00:00
3971,330563,2026-23854,Batch 2022,2024,DepEd (DCP),46,0,1,Functional,"Mouse, Headphones, Router, External Hard Drive, ",2026-04-14 00:27:17.398099+00:00
3981,108236,2026-20218,DCP 2020: Multimedia Package,2022,DepEd (DCP),1,0,1,Functional,Lapel speaker (Qty: 1),2026-04-14 00:37:05.317557+00:00
3982,108236,2026-20218,Batch 2023-03: Laptop for Teaching Package,2024,DepEd (DCP),5,0,0,Functional,"Backpacks (Qty: 5), Mice (Qty: 5), Headset (Qty: 5), Flash Drive (Qty: 1)",2026-04-14 00:37:05.323176+00:00
3983,108236,2026-20218,Batch 2024-02: Smart TV Package ,2024,DepEd (DCP),0,0,5,Functional,"TV Mount (Qty: 5), HDMI Cable (Qty: 5), Portable Storage Mounting Kit (Qty: 5), 5TB External HDD (Qty: 5)",2026-04-14 00:37:05.329625+00:00
3987,305303,2026-06878,N/A,2023,DepEd (DCP),46,0,5,Functional,,2026-04-14 00:40:58.084656+00:00
3994,321301,2026-16418,Lot#2 Batch 2019 E Textbook,2026,DepEd (DCP),50,0,0,Functional,,2026-04-14 00:48:43.315733+00:00
3995,321301,2026-16418,Batch 2022 ELearning Cart,2022,DepEd (DCP),46,0,1,Functional,,2026-04-14 00:48:43.321214+00:00
4002,304226,2026-43225,E Learning Cart,2024,DepEd (DCP),46,0,1,Functional,,2026-04-14 00:57:12.436105+00:00
4024,318808,2026-00848,DCP-2018-01,2018,DepEd (DCP),1,50,0,Non-Functional,,2026-04-14 01:13:58.562861+00:00
3978,301111,2026-16956,eLearning Cart Package Batch 2023-01,2024,DepEd (DCP),46,0,1,Functional,"2 Charging Carts, 2 Routers, 46 Acer backpacks, 46, mouse, 46 headphones, 1 USB flash drive, 1 pc TV Mount, 5 m HDMI Cable, 1 pc media player, 1 pc silicon power",2026-04-14 00:34:51.756949+00:00
3722,303966,2026-39139,Batch 2023-01,2024,DepEd (DCP),46,0,1,Functional,2 TP Link Wireless Router,2026-04-13 09:19:19.147342+00:00
3927,126194,2026-22794,2019-01,2019,DepEd (DCP),1,50,1,Functional,"some tablets are already not functionable
",2026-04-13 15:48:54.281043+00:00
3723,303966,2026-39139,Batch 18-01,2019,DepEd (DCP),1,50,0,Functional,"50 Headset
1 Wireless Router
Status: 25 Defective Tablets",2026-04-13 09:19:19.155630+00:00
4019,501461,2026-28371,2022-01,2024,DepEd (DCP),46,0,1,Functional,"TP-LINK ARCHER, TSDI CASRGING CART, EXTERNAL HDD, WALL MOUNT BRACKET, HDD KIT, HDMI CABLE",2026-04-14 01:10:55.907346+00:00
3210,108238,2026-20229,eLearning Cart Package,2021,DepEd (DCP),0,0,0,Functional,CHARGING/STORAGE CART,2026-04-13 02:56:30.650120+00:00
3211,501030,2026-39861,Batch 2023,2024,DepEd (DCP),46,0,1,Functional,,2026-04-13 02:56:48.786699+00:00
3212,501030,2026-39861,Batch 2023,2024,DepEd (DCP),46,0,1,Functional,,2026-04-13 02:56:48.792714+00:00
3213,111165,2026-05994,DCP BATCH 43,2019,DepEd (DCP),1,6,0,Non-Functional,not functional,2026-04-13 02:56:58.095235+00:00
3214,126215,2026-22818,GALAXY TAB,2023,DepEd (DCP),0,50,0,Functional,,2026-04-13 02:58:27.001935+00:00
3506,301864,2026-23427,Batch 2022,2024,DepEd (DCP),46,0,1,Functional,1 hard drive and 2 router,2026-04-13 07:29:04.251863+00:00
3233,127741,2026-40506,COBY DCP1935,2016,DepEd (DCP),3,0,0,Non-Functional,,2026-04-13 03:05:40.533196+00:00
760,301266,2026-18039,2022-01 E Learning Cart Package,2024,DepEd (DCP),46,0,1,Functional,,2026-04-08 04:22:59.249618+00:00
3589,309926,2026-25531,DCP 2022 e-learning Cart Package and Smart TV Package,2024,DepEd (DCP),46,0,1,Functional,3 LAPTOPS UNSERVICEABLE,2026-04-13 08:10:37.094172+00:00
3617,305229,2026-02063,DCP 2023-01,2025,DepEd (DCP),46,0,1,Functional,,2026-04-13 08:24:48.686391+00:00
3619,305410,2026-07576,eCart,2018,DepEd (DCP),0,100,0,Functional,Routers,2026-04-13 08:25:07.441496+00:00
5193,302158,2026-25284,BATCH 2022,2024,DepEd (DCP),46,0,1,Functional,"2 WIRELESS ROUTERS, 1 EXTERNAL HARD DRIVE",2026-04-15 02:03:17.892217+00:00
3669,302467,2026-29310,Batch 2022-01,2024,DepEd (DCP),46,0,1,Functional,"Router, headset, mouse, usb",2026-04-13 08:47:45.311082+00:00
3662,500047,2026-02380,BATCH 56,2020,DepEd (DCP),0,50,1,Non-Functional,almost all items not functional,2026-04-13 08:43:36.108993+00:00
3689,305417,2026-07304,E-Learning Cart Package 2023,2023,DepEd (DCP),1,0,0,Functional,,2026-04-13 09:00:05.805698+00:00
3690,305417,2026-07304,E-Learning Cart Package 2022,2022,DepEd (DCP),1,0,0,Functional,,2026-04-13 09:00:05.813439+00:00
3725,501138,2026-16683,DCP2024,2024,DepEd (DCP),46,0,4,Functional,,2026-04-13 09:21:12.983436+00:00
3840,303146,2026-33157,2022-01,2024,DepEd (DCP),46,0,1,Functional,,2026-04-13 12:58:21.672007+00:00
3749,300445,2026-10955,2022,2024,DepEd (DCP),46,0,1,Functional,Router and external hard drive,2026-04-13 09:50:12.496210+00:00
3765,307920,2026-18042,BATCH 2022-01,2024,DepEd (DCP),46,0,1,Functional,,2026-04-13 10:25:44.451429+00:00
3786,500689,2026-39840,BATCH ,2024,DepEd (DCP),51,0,6,Functional,headphones,2026-04-13 11:06:41.166202+00:00
3820,502226,2026-10943,batch 1,2024,DepEd (DCP),46,0,1,Functional,"headphones,bags and charging cart",2026-04-13 12:10:45.049546+00:00
3835,317315,2026-02474,BATCH 2022-01,2024,DepEd (DCP),46,0,1,Functional,"Routers, and External Hard Drive",2026-04-13 12:49:36.545458+00:00
3867,105259,2026-14106,2023-01,2024,DepEd (DCP),0,0,5,Functional,,2026-04-13 13:30:44.417824+00:00
5361,303664,2026-38578,Batch 2,2024,DepEd (DCP),46,0,1,Functional,"Routers, headsets, mouse",2026-04-15 04:04:11.555812+00:00
3880,303412,2026-35316,2024,2024,DepEd (DCP),46,0,0,Functional,"Routers, Head Phones, Mouse",2026-04-13 14:07:36.944616+00:00
3897,502288,2026-26032,batch 44,2025,DepEd (DCP),48,0,10,Functional,good ,2026-04-13 14:29:04.808185+00:00
5528,115102,2026-27338,Batch 44,2024,DepEd (DCP),3,0,5,Functional,0,2026-04-15 06:55:02.297346+00:00
3912,301809,2026-23017,Batch No.2019-03,2019,Other,1,50,0,Functional,,2026-04-13 15:16:52.069565+00:00
3913,301809,2026-23017,Batch No.2022-01,2022,Other,46,0,1,Functional,,2026-04-13 15:16:52.075985+00:00
3925,126178,2026-22778,Batch 2022-01,2024,DepEd (DCP),46,0,1,Functional,"Router, Hard Drive",2026-04-13 15:45:46.537222+00:00
3729,302989,2026-32384,eCart 2024,2025,DepEd (DCP),46,0,1,Functional,,2026-04-13 09:23:13.515229+00:00
5570,305521,2026-34949,DCP UNITS BATCH 2019 ,2019,DepEd (DCP),1,50,0,Functional,"Headphones, mouse, mouse pad sling bag, charger, router",2026-04-15 07:16:59.585710+00:00
5571,305521,2026-34949,DCP Units Barch 2023,2024,DepEd (DCP),46,0,1,Functional,"Charger, headset, moise, bag, external. hard drive, flash drive",2026-04-15 07:16:59.592192+00:00
3947,303086,2026-32870,Batch 43,2021,DepEd (DCP),1,50,1,Functional,,2026-04-13 21:12:54.603866+00:00
3959,300816,2026-14043,DCP 2022,2024,DepEd (DCP),46,0,1,Functional,Some units needs repair ,2026-04-13 23:34:16.815140+00:00
5516,500649,2026-31962,Batch 2023-01,2024,DepEd (DCP),46,0,1,Functional,,2026-04-15 06:49:35.645036+00:00
3966,155049,2026-11183,Batch 26,2015,DepEd (DCP),1,0,2,Functional,,2026-04-14 00:16:08.171871+00:00
3984,305263,2026-02035,Batch 2022-01,2024,DepEd (DCP),46,0,1,Functional,"TP Link Routers, External Hard Drive",2026-04-14 00:39:29.502447+00:00
3985,501761,2026-01249,2024,2024,DepEd (DCP),46,0,0,Functional,"Router, headphones",2026-04-14 00:40:47.444422+00:00
3986,501761,2026-01249,2022,2024,DepEd (DCP),46,0,1,Functional,"Routers, headphones",2026-04-14 00:40:47.450719+00:00
3996,305269,2026-02145,Batch 2023,2023,DepEd (DCP),46,0,1,Functional,"Wireless Router, External HDD",2026-04-14 00:52:46.120496+00:00
3998,327501,2026-38820,BATCH 2022-01 ,2024,DepEd (DCP),46,0,1,Functional,"2 Routers , 2 Storage Cart, 1 External HD, 1 Flash Drive (Recovery Disk)",2026-04-14 00:54:26.103913+00:00
3999,327501,2026-38820,Batch 2023,2024,DepEd (DCP),46,0,1,Functional,"2 routers, 2 charging cart,1 External HDD,1 FD (Recovery Drive),",2026-04-14 00:54:26.111480+00:00
4003,309949,2026-25476,n/a,2023,DepEd (DCP),48,0,0,Functional,,2026-04-14 01:04:00.942230+00:00
4010,319206,2026-02036,2024,2024,DepEd (DCP),46,0,1,Functional,,2026-04-14 01:08:18.830848+00:00
4020,302468,2026-28336,Batch 44,2018,DepEd (DCP),2,50,0,Functional,90 percent of the package are not functional,2026-04-14 01:12:03.350909+00:00
4027,305252,2026-02117,Batch 2022-01,2024,DepEd (DCP),46,0,1,Functional,,2026-04-14 01:15:58.393042+00:00
4035,303986,2026-39404,Batch 2023-01 eLearning Package 1,2024,DepEd (DCP),46,0,1,Functional,"with external har4d drive, Pixpro Charging Cart Chargestation max",2026-04-14 01:24:12.548229+00:00
4037,123383,2026-37623,Batch 42 and Batch 26,2018,DepEd (DCP),3,0,2,Non-Functional,,2026-04-14 01:26:11.241633+00:00
4032,137141,2026-07475,2024-01,2024,LGU / SEF,4,0,6,Functional,,2026-04-14 01:19:40.420697+00:00
3803,302998,2026-32472,2022-01,2024,DepEd (DCP),46,10,1,Functional,,2026-04-13 11:37:01.948640+00:00
5716,302482,2026-28795,Batch 2023-01,2023,DepEd (DCP),46,0,0,Functional,3 units not functional,2026-04-15 09:21:33.159696+00:00
3967,303321,2026-34748,Batch 2023 eLC,2023,DepEd (DCP),46,0,1,Functional,"Routers, headphones, mouse",2026-04-14 00:18:50.443560+00:00
5846,302484,2026-28846,Batch 01,2024,DepEd (DCP),46,0,1,Non-Functional,"wireless router, external HDD",2026-04-15 13:56:17.310724+00:00
5956,305207,2026-02296,E- Learning 2023-01,2024,DepEd (DCP),46,0,0,Functional,"1 Hard Drive
TP Link Archer",2026-04-16 02:23:25.769387+00:00
3847,301631,2026-05238,Batch 2023-01,2023,DepEd (DCP),46,0,1,Functional,,2026-04-13 13:10:41.149595+00:00
3215,305242,2026-01874,Batch 2024,2024,DepEd (DCP),46,0,1,Functional,Instructional purposes,2026-04-13 02:58:41.657354+00:00
3216,305242,2026-01874,Batch 2018,2018,DepEd (DCP),1,50,0,Non-Functional,Non-Functional,2026-04-13 02:58:41.665670+00:00
3217,305271,2026-02147,JHS/SHS ICT PACKAGE,2019,DepEd (DCP),19,42,9,Functional,,2026-04-13 02:58:44.909542+00:00
3218,122167,2026-38649,Batch 44,2023,DepEd (DCP),2,18,0,Non-Functional,,2026-04-13 02:59:34.217393+00:00
3565,301613,2026-05530,Batch 33,2016,DepEd (DCP),4,0,0,Functional,"AVR, DVD Recordable Disk, Ext. Optical Drive, Headset, Host Monitor, Host PC Keyboard, Host PC Mouse, Keyboard, Laptop Cooler, Laptop Sling Bag, Monitor, Mouse, Multifunction Printer, Multimedia Speaker, Network Cable Tester, Network Switch, Optical Mouse, Port Switch, Projector, Projector Screen, Recordable Disc, Server, Switch, UPS, and USB Hub.",2026-04-13 07:55:00.879489+00:00
3566,301613,2026-05530,Batch 36,2018,DepEd (DCP),2,0,0,Functional,"AVR, Keyboard, Monitor, Mouse, Multifunction Printer, Network Cable Tester, Network Switch, Projector, Server, and UPS",2026-04-13 07:55:00.885705+00:00
3225,108235,2026-20217,Batch 2024-01,2024,DepEd (DCP),46,0,1,Functional,Functional routers headset and adaptors,2026-04-13 03:01:11.012363+00:00
3226,342211,2026-16959,DCP Batch 2022-01: ELEARNING CART PACKAGE,2024,DepEd (DCP),46,0,2,Functional,,2026-04-13 03:01:46.499626+00:00
3229,304061,2026-40739,Batch 2023,2024,DepEd (DCP),46,0,1,Functional,,2026-04-13 03:03:33.861035+00:00
3230,304076,2026-40777,Fy-2022-1,2022,DepEd (DCP),46,0,1,Functional,"Routers, Headphones, mouse",2026-04-13 03:04:55.506240+00:00
3232,304443,2026-43915,BATCH 46,2024,DepEd (DCP),46,0,0,Functional,,2026-04-13 03:05:37.954799+00:00
7173,300703,2026-13427,ITR-DCP2022-L04-PKG-JONECO-02-24-0046,2024,DepEd (DCP),51,0,1,Functional,"ROUTER, HEADSETS, MOUSE, USB RECOVERY FLASHDRIVE, FULL MOTION TV MOUNT, HDMI CABLE, 5TB EXTERNAL HDD",2026-04-20 23:54:38.655358+00:00
3567,301613,2026-05530,DCP,2022,DepEd (DCP),0,49,0,Functional,,2026-04-13 07:55:00.892537+00:00
3618,316304,2026-43157,BATCH 2023-01,2024,DepEd (DCP),46,0,1,Functional,,2026-04-13 08:24:52.654870+00:00
3620,309914,2026-25340,2022,2024,DepEd (DCP),46,0,1,Functional,,2026-04-13 08:25:16.636024+00:00
5194,304488,2026-44048,BATCH 44,2022,DepEd (DCP),46,0,1,Functional,"TP LINK,CHARGING CART,EXTERNAL DRIVE",2026-04-15 02:03:43.981056+00:00
5367,502166,2026-39339,Batch 22,2023,DepEd (DCP),46,0,1,Functional,"Routers, headphones, mouse, bags",2026-04-15 04:07:52.271947+00:00
3241,108248,2026-20244,e-Learning Cart Package 2024,2024,DepEd (DCP),46,0,1,Functional,,2026-04-13 03:06:58.525844+00:00
3242,108248,2026-20244,Multi-media Package 2020,2020,DepEd (DCP),1,0,1,Functional,,2026-04-13 03:06:58.531564+00:00
3243,108248,2026-20244,Laptop for Teaching,2024,DepEd (DCP),5,0,0,Functional,,2026-04-13 03:06:58.537994+00:00
3244,108248,2026-20244,Smart TV Package,2025,DepEd (DCP),0,0,5,Functional,,2026-04-13 03:06:58.543654+00:00
3279,105686,2026-14559,Batch 29,2015,DepEd (DCP),3,0,0,Functional,,2026-04-13 03:18:11.016914+00:00
3280,137103,2026-01999,Batch 2023-03,2024,DepEd (DCP),5,0,0,Functional,,2026-04-13 03:18:28.491342+00:00
3297,303457,2026-38635,Batch 2022,2024,DepEd (DCP),46,0,1,Functional,"46 PCs Laptop Bags, 46 units Headset, 46 units Mouse, 2 units storage carts, 1 PC External Hard Drive,1 PC flash drive",2026-04-13 03:30:16.391355+00:00
3298,303457,2026-38635,Laptop for Teachers Batch 2024,2024,DepEd (DCP),5,0,0,Functional,"5 units Head Set, 5 units wireless mouse, 5 PCs Mouse Pad, & 1 Flash Drive",2026-04-13 03:30:16.399499+00:00
3299,303457,2026-38635,DCP Batch 2020: MultiMedia Package,2022,DepEd (DCP),3,0,3,Non-Functional,3 units Portable Portable Speakers (Lapel),2026-04-13 03:30:16.405644+00:00
3507,342352,2026-18010,Batch 2019-03,2020,DepEd (DCP),1,50,0,Functional,Router,2026-04-13 07:30:04.815516+00:00
3914,300889,2026-16733,Batch 2019,2020,DepEd (DCP),50,0,0,Functional,,2026-04-13 15:20:55.548270+00:00
3508,302661,2026-29911,44,2024,DepEd (DCP),94,0,2,Functional,"Chargers,mouse,headset",2026-04-13 07:30:05.755895+00:00
3750,308805,2026-04467,DCP 2024,2024,DepEd (DCP),46,0,1,Functional,,2026-04-13 09:50:23.808293+00:00
3766,500832,2026-44622,ELC 2024,2024,DepEd (DCP),46,0,1,Functional,"With 1pc. 1 5TB ADATA External, 2 TP-LINK Archer routers, and USB Recovery,",2026-04-13 10:29:44.545731+00:00
3726,300095,2026-08555,Batch  2022-01,2024,DepEd (DCP),46,0,1,Functional,,2026-04-13 09:21:36.392185+00:00
3787,503044,2026-07272,DCP PACKAGES 2023 BATCH 2023-01: eLEARNING CART PACKAGE AND BATCH 2023-02: SMART TV PACKAGE (LOT 16),2024,DepEd (DCP),46,0,1,Functional,,2026-04-13 11:12:24.352363+00:00
3821,303470,2026-36392,Batch 44,2018,DepEd (DCP),0,50,0,Non-Functional,Tenda Wireless Router,2026-04-13 12:13:28.602984+00:00
3822,303470,2026-36392,Batch eLC2023,2025,DepEd (DCP),46,0,1,Functional,"2 routers, 46 headphones, 46 mouse and 46 bags",2026-04-13 12:13:28.610088+00:00
3836,342362,2026-18176,ELearning cart,2022,DepEd (DCP),46,46,1,Functional,,2026-04-13 12:49:50.455647+00:00
3849,301941,2026-24832,2019,2020,DepEd (DCP),1,50,0,Functional,"Laptop, tablet and router are not functional",2026-04-13 13:15:06.549854+00:00
3936,502255,2026-22813,Batch 2022-01,2024,DepEd (DCP),46,0,1,Functional,"2 Routers
2 Storage Carts
1 External Hard Drive",2026-04-13 16:26:10.086455+00:00
3868,302705,2026-30185,2024-01,2024,DepEd (DCP),9,0,1,Functional,,2026-04-13 13:31:08.355524+00:00
3881,126182,2026-22782,E Cart Package,2024,DepEd (DCP),46,0,1,Functional,,2026-04-13 14:07:50.456327+00:00
3883,313710,2026-37829,Batch 1,2024,DepEd (DCP),46,0,1,Functional,"TV Leg Stand, Remote Control with Battery, Wall Mounting Kit, External HDD Bracket, HDMI Cable, 2 pcs TPLink Archer",2026-04-13 14:13:24.436301+00:00
5379,303031,2026-32706,2018,2018,DepEd (DCP),0,50,0,Functional,,2026-04-15 04:24:40.744894+00:00
5380,303031,2026-32706,BATCH 44,2018,DepEd (DCP),0,50,0,Functional,,2026-04-15 04:24:40.751695+00:00
3900,305966,2026-44143,Batch 47,2025,DepEd (DCP),46,0,1,Functional,,2026-04-13 14:31:06.222784+00:00
3915,300889,2026-16733,Batch 2024,2024,DepEd (DCP),46,0,0,Functional,,2026-04-13 15:20:55.554621+00:00
3929,304427,2026-43770,E-Cart,2024,DepEd (DCP),41,0,2,Functional,Routers,2026-04-13 15:55:41.297594+00:00
3231,301487,2026-19671,BATCH 2016-03: E-textbook - Lot 33,2021,DepEd (DCP),1,50,0,Functional,1 Functional and 1 Broken,2026-04-13 03:05:28.234025+00:00
5381,303031,2026-32706,BATCH 2022-01,2024,DepEd (DCP),45,0,1,Functional,,2026-04-15 04:24:40.758055+00:00
7304,502095,2026-00734,29,2023,DepEd (DCP),46,0,1,Functional,"Accessories of laptops and televisions, router, hard drive and HDMI",2026-04-21 06:23:21.139940+00:00
3290,319304,2026-02164,BATCH 2024-01:ELEARNING CART PAACKAGE,2024,DepEd (DCP),46,0,1,Functional,,2026-04-13 03:24:04.316382+00:00
5195,501201,2026-03113,BATCH 44,2017,DepEd (DCP),0,41,0,Functional,,2026-04-15 02:06:35.418199+00:00
3172,306806,2026-14409,Batch 2019-03,2019,DepEd (DCP),1,50,0,Functional,"Router, headphone, charger",2026-04-13 02:25:49.482827+00:00
3247,305840,2026-43669,e Learning Package,2022,DepEd (DCP),46,0,1,Functional,"2 charging cart, 2 router, 1HDD, 46 headphones, mouse, laptop bags, and mouse pad.",2026-04-13 03:10:30.753400+00:00
3248,502290,2026-38761,Batch 2023 - 01: eCart Learning Package,2024,DepEd (DCP),46,0,1,Functional,,2026-04-13 03:10:52.546054+00:00
3249,301810,2026-23184,DCP 2019-03,2020,DepEd (DCP),1,50,0,Non-Functional,"charging cart - 2
router - 1",2026-04-13 03:11:14.271366+00:00
3250,301810,2026-23184,DCP 2019-02,2020,DepEd (DCP),51,0,1,Non-Functional,"cart -1 
printer -1
router- 1",2026-04-13 03:11:14.276948+00:00
3251,301810,2026-23184,DCP 2022-01,2024,DepEd (DCP),46,0,1,Functional,"charging cart -2
router - 1",2026-04-13 03:11:14.282212+00:00
3252,304534,2026-44477,Batch 2022-01,2024,DepEd (DCP),46,0,1,Functional,,2026-04-13 03:11:17.111175+00:00
3253,304534,2026-44477,Batch 2023-01,2024,DepEd (DCP),46,0,1,Functional,,2026-04-13 03:11:17.117428+00:00
3254,301191,2026-17612,2024,2024,DepEd (DCP),45,0,1,Functional,,2026-04-13 03:11:21.332462+00:00
3255,301191,2026-17612,2019,2021,DepEd (DCP),1,50,0,Functional,,2026-04-13 03:11:21.338871+00:00
3256,301191,2026-17612,BATCH 36,2018,DepEd (DCP),2,0,0,Functional,"PROJECTOR 2, PRINTER 1",2026-04-13 03:11:21.345788+00:00
5971,102791,2026-10919,DCP 2018,2019,DepEd (DCP),0,50,0,Non-Functional,,2026-04-16 02:43:30.577067+00:00
3509,136217,2026-02101,Batch 40,2018,DepEd (DCP),1,0,0,Functional,,2026-04-13 07:30:38.114152+00:00
3276,303482,2026-38660,Batch 2023-01,2023,DepEd (DCP),46,0,1,Functional,"External drive, wireless router TP-Link, smart tv extreme",2026-04-13 03:16:18.232499+00:00
5196,501201,2026-03113,BATCH 43,2017,DepEd (DCP),87,0,0,Functional,,2026-04-15 02:06:35.425481+00:00
3510,136217,2026-02101,Batch 26,2015,DepEd (DCP),1,0,0,Functional,,2026-04-13 07:30:38.120409+00:00
3511,136217,2026-02101,Batch 29,2016,DepEd (DCP),1,0,0,Functional,,2026-04-13 07:30:38.126843+00:00
3512,136217,2026-02101,Batch 42,2018,DepEd (DCP),2,0,2,Functional,,2026-04-13 07:30:38.132205+00:00
5957,301839,2026-23276,Batch 44,2023,DepEd (DCP),44,0,1,Functional,"Wireless Router, Charging Cart, USB",2026-04-16 02:27:40.598468+00:00
3621,360869,2026-06950,DCP-2022,2024,DepEd (DCP),46,0,1,Functional,,2026-04-13 08:25:18.049044+00:00
3664,303156,2026-33123,2022-01,2024,DepEd (DCP),46,0,1,Functional,,2026-04-13 08:43:53.823309+00:00
5368,302760,2026-29539,Batch 2022-1,2024,DepEd (DCP),46,0,1,Functional,,2026-04-15 04:11:12.741099+00:00
5518,301423,2026-19938,Batch 22,2022,DepEd (DCP),46,0,1,Functional,,2026-04-15 06:50:30.304192+00:00
3655,501477,2026-28577,Batch 2022,2024,DepEd (DCP),46,0,2,Functional,"Storage cart, external Hard drive, To Link archer, silicon power armor, flash drive",2026-04-13 08:39:54.726250+00:00
3656,301449,2026-19419,Batch 2022-01,2024,DepEd (DCP),46,0,1,Functional,,2026-04-13 08:40:00.820042+00:00
3767,301907,2026-23648,Batch 36,2018,DepEd (DCP),2,0,0,Functional,unserviceable,2026-04-13 10:32:49.909823+00:00
3768,301907,2026-23648,Batch 42,2018,DepEd (DCP),2,0,2,Non-Functional,unserviceable,2026-04-13 10:32:49.916638+00:00
3769,301907,2026-23648,Batch 41,2018,DepEd (DCP),1,50,2,Non-Functional,unserviceable,2026-04-13 10:32:49.922693+00:00
3770,301907,2026-23648,batch 2022,2022,DepEd (DCP),46,0,1,Functional,,2026-04-13 10:32:49.929007+00:00
3771,301907,2026-23648,batch 2019,2021,DepEd (DCP),1,50,0,Functional,unserviceable,2026-04-13 10:32:49.936306+00:00
3789,500748,2026-38355,2019-02,2020,DepEd (DCP),51,0,1,Functional,,2026-04-13 11:19:18.373386+00:00
2678,500658,2026-32584,Batch 2023,2024,DepEd (DCP),46,0,0,Functional,,2026-04-11 03:49:49.326867+00:00
3838,304164,2026-41142,2018,2018,DepEd (DCP),1,50,0,Functional,"Router, headphone, modem, speaker, dvd drive",2026-04-13 12:53:52.954970+00:00
3901,105861,2026-14733,BATCH 2019 G46-ICT PACKAGE,2020,DepEd (DCP),0,50,0,Functional,,2026-04-13 14:32:05.238292+00:00
5746,315411,2026-40849,Batch 2023,2023,DepEd (DCP),46,0,1,Functional,"Routers, headphones, adapters",2026-04-15 09:47:42.057897+00:00
3850,126558,2026-38906,Batch 40,2019,DepEd (DCP),1,0,1,Non-Functional,,2026-04-13 13:15:30.850096+00:00
3916,301040,2026-16156,45,2024,DepEd (DCP),46,0,1,Functional,2,2026-04-13 15:26:18.409513+00:00
5717,311012,2026-28849,N,2024,DepEd (DCP),46,40,0,Functional,,2026-04-15 09:22:49.257163+00:00
3931,118500,2026-31520,Batch 2023-01,2024,DepEd (DCP),46,0,1,Functional,"charging cart, smart tv, external hard drive",2026-04-13 16:05:35.392514+00:00
3960,106469,2026-15523,2022-02,2022,DepEd (DCP),0,0,5,Functional,External hard drive,2026-04-13 23:34:50.396105+00:00
3961,300799,2026-14093,Batch 2024,2024,DepEd (DCP),46,0,0,Functional,N/A,2026-04-13 23:38:29.128157+00:00
3989,319217,2026-02129,Batch 2022-01,2024,DepEd (DCP),46,0,1,Functional,"TP-LINK-ARCHER AX12, SILICON POWER ARMOR A62",2026-04-14 00:43:45.159870+00:00
5849,502592,2026-29597,2024-01,2024,DepEd (DCP),46,0,6,Functional,,2026-04-15 14:10:20.124867+00:00
3968,342298,2026-16798,Batch 3,2019,DepEd (DCP),0,49,0,Functional,,2026-04-14 00:19:59.956148+00:00
3990,319217,2026-02129,Batch 2024-01,2024,DepEd (DCP),46,0,1,Functional,"TP-LINK ARCHER AX12, SILICON POWER ARMOR A60.5TB",2026-04-14 00:43:45.170582+00:00
3805,316551,2026-43823,Batch 2024-01,2024,DepEd (DCP),46,0,1,Functional,"Routers, External Drive",2026-04-13 11:40:52.156597+00:00
4004,303598,2026-38214,22,2022,DepEd (DCP),46,0,1,Functional,"Router, Headphones, and Adapter",2026-04-14 01:04:17.992524+00:00
5850,500202,2026-30562,Batch 44,2018,DepEd (DCP),0,50,0,Functional,,2026-04-15 14:16:54.542225+00:00
5851,500202,2026-30562,Batch 2021,2024,DepEd (DCP),46,0,1,Functional,Complete set,2026-04-15 14:16:54.549535+00:00
3568,304458,2026-43638,DCP 2022,2022,DepEd (DCP),46,0,1,Functional,"Router (2), external hard drive (1)",2026-04-13 07:55:04.569586+00:00
5852,500202,2026-30562,TV Sets,2024,LGU / SEF,0,0,7,Functional, ,2026-04-15 14:16:54.557129+00:00
1835,307930,2026-17918,Batch 2024-01,2024,DepEd (DCP),46,0,1,Functional,"46-backpack, 46-mouse, 46-headphone, 1-flash drive, 1-tv mount, 1-hdmi cable, 1 media player mounto kit, 2-router, 1 -ext hdd, 2 charging cert",2026-04-10 03:53:50.083561+00:00
3945,502429,2026-37889,44,2024,DepEd (DCP),92,0,2,Functional,"Head phones, router etc.",2026-04-13 21:05:48.906256+00:00
3946,502429,2026-37889,44,2024,DepEd (DCP),92,0,2,Functional,"Routers, Head Phones and External HDD",2026-04-13 21:05:48.914747+00:00
5982,117661,2026-29513,batch 2029,2019,DepEd (DCP),1,5,0,Functional,"routers, adapters printer, most tablets undergone repair but after 2 years battery was damaged",2026-04-16 03:06:41.410191+00:00
3258,100940,2026-08660,Batch 2022-01 /elearning cart package,2023,DepEd (DCP),46,0,1,Functional,"Router, Storage Cart, External Hard Drive, Flash Drive",2026-04-13 03:11:48.725813+00:00
3259,100940,2026-08660,Batch 2023-01 /E-Learning Cart Package,2024,DepEd (DCP),46,0,1,Functional,"External Hard Drive, Charging Cart, TP link wireless router, Flash Drive",2026-04-13 03:11:48.732114+00:00
3260,501920,2026-36380,Batch 2024-01,2024,DepEd (DCP),56,0,1,Functional,"2 unit wireless router, 1 unit External Hard Drive, 1 Flash Drive",2026-04-13 03:13:56.273423+00:00
3261,305873,2026-12785,Batch 2023-03:Laptop for Teaching (Lot 2) Contract No. 2024c-ICTS3-(010)-BVI- CB009-C128,2024,DepEd (DCP),5,0,0,Functional,,2026-04-13 03:14:16.325059+00:00
3262,305873,2026-12785,Batch 2023-01:eLearning Cart Package (Lot 2) Contract No. 2024c-ICTS3 (009)-BVI-CB008-C066,2024,DepEd (DCP),46,0,1,Functional,"2 Routers, 2 Charging cart, 1 external drive",2026-04-13 03:14:16.331244+00:00
3263,305873,2026-12785,2019-12-BLR04 (002)-Bi-CB045-C137,2021,DepEd (DCP),26,0,1,Non-Functional,1 Lapel,2026-04-13 03:14:16.340473+00:00
3264,305873,2026-12785,2025c-BLr4 (006) - BII-CB018-C119,2026,DepEd (DCP),26,0,2,Functional,2 printers,2026-04-13 03:14:16.347178+00:00
3265,305873,2026-12785,Batch 2019-02:JHS/SHS ICT Package-Lot 1,2021,DepEd (DCP),51,0,1,Functional,"Epson 3150 printer, TpLink AC1900",2026-04-13 03:14:16.352920+00:00
3266,305873,2026-12785,Capital Outlay-LGU,2022,LGU / SEF,10,0,0,Non-Functional,,2026-04-13 03:14:16.360969+00:00
3267,102379,2026-10561,eLearning Package 2024,2024,DepEd (DCP),46,0,1,Functional,,2026-04-13 03:14:31.748657+00:00
3270,303610,2026-38215,22,2024,DepEd (DCP),51,0,0,Functional,n/a,2026-04-13 03:14:56.721953+00:00
5197,121401,2026-35354,DCP,2016,DepEd (DCP),1,0,0,Non-Functional,"projector, thin client, UPS, keyboard, LED TV, Printer",2026-04-15 02:08:30.226642+00:00
3272,302745,2026-29473,Batch 2022-01: eLearning Cart Package,2022,DepEd (DCP),46,0,1,Functional,,2026-04-13 03:15:48.566807+00:00
3273,302745,2026-29473,2018-01: E-Textbooks under FY2018 DCP,2018,DepEd (DCP),1,50,0,Functional,,2026-04-13 03:15:48.581158+00:00
5370,501479,2026-28909,Batch 2022-01,2024,DepEd (DCP),46,0,1,Functional,"2 boxes routers,extension drive",2026-04-15 04:12:43.789423+00:00
3513,108447,2026-18167,Batch201901,2021,DepEd (DCP),1,50,1,Functional,,2026-04-13 07:30:43.444323+00:00
3570,302674,2026-29848,43,2023,DepEd (DCP),46,0,1,Functional,,2026-04-13 07:55:56.306385+00:00
3571,302674,2026-29848,44,2024,DepEd (DCP),46,0,1,Functional,,2026-04-13 07:55:56.314144+00:00
3651,501992,2026-45018,DCP 44,2019,DepEd (DCP),0,40,0,Functional,,2026-04-13 08:37:56.337153+00:00
3652,501992,2026-45018,DCP 40,2018,DepEd (DCP),1,0,0,Non-Functional,,2026-04-13 08:37:56.343424+00:00
3653,501992,2026-45018,DCP 2020,2021,DepEd (DCP),1,0,1,Functional,MAONO LAPEL SPEAKER,2026-04-13 08:37:56.349045+00:00
5558,302464,2026-28364,IT PACKAGE (E-TEXTBOOK),2019,DepEd (DCP),1,50,0,Functional,Wireless router—Functional,2026-04-15 07:10:28.816367+00:00
3668,126207,2026-22832,DCP 2022-Package 1,2022,DepEd (DCP),46,0,1,Functional,"Headphones, mouse",2026-04-13 08:45:33.705831+00:00
3697,302485,2026-28365,DepEd Computerization Program (DCP),2019,DepEd (DCP),2,51,1,Functional,"Headphones, mouse, router, charging ports",2026-04-13 09:01:18.294181+00:00
5559,302464,2026-28364,DCP 2020: MULTIMEDIA PACKAGE,2022,DepEd (DCP),1,0,1,Functional,1 UNIT LAPEL MIC—BROKEN,2026-04-15 07:10:28.821812+00:00
3728,313340,2026-35137,Batch 40,2023,DepEd (DCP),57,0,0,Functional,,2026-04-13 09:23:13.144888+00:00
5750,306017,2026-10594,E learning cart package,2022,DepEd (DCP),46,0,1,Functional,,2026-04-15 10:15:16.869826+00:00
3864,500519,2026-40458,Batch 2018-1,2019,DepEd (DCP),1,50,0,Functional,,2026-04-13 13:20:27.863276+00:00
3772,500156,2026-23623,Batch 2023-01,2024,DepEd (DCP),46,0,1,Functional,"Router, 5TB Ext HDD, 64 Gig USB flash drive, headset, mouse, carrying bag",2026-04-13 10:36:37.441154+00:00
3790,500748,2026-38355,2023-01,2024,DepEd (DCP),48,0,0,Functional,,2026-04-13 11:19:18.381220+00:00
3791,300895,2026-16717,DCP2024-Elc-L3-CTI-0057 Lot 3 Batch 2024-01: eLearning Cart Package,2024,DepEd (DCP),46,0,1,Functional,"2 Routers, 46 Headphones, 46 Adapters",2026-04-13 11:19:33.651599+00:00
3806,502175,2026-01170,Batch L4L2022,2022,DepEd (DCP),46,0,1,Functional,"Headphones, mouse",2026-04-13 11:44:51.629020+00:00
3825,306931,2026-16737,DCP 2019,2020,DepEd (DCP),51,0,1,Functional,Some laptops are already Non-functional. ,2026-04-13 12:18:42.734286+00:00
3826,306931,2026-16737,DCP Batch 2024,2024,DepEd (DCP),64,0,1,Functional,,2026-04-13 12:18:42.740280+00:00
3851,303592,2026-37559,batch 2022-01-E-Learning Cart Package,2022,DepEd (DCP),46,0,1,Functional,"Charging Carts, External Drive",2026-04-13 13:16:25.713335+00:00
3852,303592,2026-37559,Tablet/PC Package,2023,DepEd (DCP),1,50,0,Functional,"Charging Carts, Modem/Routers",2026-04-13 13:16:25.719245+00:00
3865,500519,2026-40458,Batch 2024 (ELC),2024,DepEd (DCP),46,0,1,Functional,"Tp link, external hard drive, flash drive, laptop bag, wireless mouse, mouse pad and headset",2026-04-13 13:20:27.871031+00:00
3870,300931,2026-16735,Batch 2022,2023,DepEd (DCP),46,0,1,Functional,,2026-04-13 13:41:13.108219+00:00
5863,116747,2026-28438,Batch 2019-01,2020,DepEd (DCP),1,50,1,Functional,"1 Routers, 50 headphones, 50 mouse",2026-04-15 15:24:42.848416+00:00
5960,303963,2026-39187,2023,2024,DepEd (DCP),46,0,0,Functional,,2026-04-16 02:33:48.876323+00:00
5961,303963,2026-39187,2020,2021,DepEd (DCP),1,0,1,Functional,,2026-04-16 02:33:48.883106+00:00
3903,304467,2026-43955,BATCH2023-01:E-LEARNING CART PACKAGE,2024,DepEd (DCP),46,0,1,Functional,,2026-04-13 14:33:23.174392+00:00
3884,300838,2026-14420,Batch 33,2019,DepEd (DCP),2,0,0,Functional,,2026-04-13 14:13:39.338831+00:00
3885,300838,2026-14420,DBatch 2019,2019,DepEd (DCP),1,50,0,Functional,,2026-04-13 14:13:39.345727+00:00
3886,300838,2026-14420,DCP20-R3-004666,2020,DepEd (DCP),2,0,2,Functional,2 lapels functional,2026-04-13 14:13:39.351528+00:00
3257,303778,2026-21380,Batch 44,2022,DepEd (DCP),50,0,0,Functional,Headset ,2026-04-13 03:11:47.940708+00:00
3816,316707,2026-44990,DCP Batch 2022,2024,DepEd (DCP),46,0,0,Functional,"Headphones, routers",2026-04-13 11:59:10.145973+00:00
5970,301409,2026-18989,44,2025,DepEd (DCP),49,0,2,Functional,,2026-04-16 02:42:13.489614+00:00
5980,301963,2026-24207,Batch 36,2022,DepEd (DCP),46,0,1,Functional,,2026-04-16 03:02:26.004706+00:00
6057,317317,2026-02475,Batch 2024-03 Laptop for Teaching,2024,DepEd (DCP),5,0,0,Functional,"Mouse, headset ",2026-04-16 05:23:21.912799+00:00
6058,317317,2026-02475,DCP Batch 2022-01: E-Learning Package,2024,DepEd (DCP),46,0,0,Functional,"Mouse, headset, laptop bag, External hard drive,  flash drive",2026-04-16 05:23:21.919542+00:00
6164,500500,2026-07223,Batch 1,2022,DepEd (DCP),5,0,0,Functional,None,2026-04-16 07:41:35.161166+00:00
6269,126494,2026-39578,[DCP 2018-01] 2-in-1 Tablet PC-Coby NBPC1068 - detachable keyboard					,2018,DepEd (DCP),1,50,0,Functional,"[DCP 2018-01] Wireless Router - Linksys EA7500	- not functional				
",2026-04-17 00:21:31.375797+00:00
6340,300090,2026-08630,Batch 2023,2024,DepEd (DCP),5,0,0,Functional,,2026-04-17 04:00:33.167575+00:00
3275,999111,,Batch 2,2024,Other,20,20,20,Functional,"Router, headphone and adapter",2026-04-13 03:15:50.483691+00:00
3514,501582,2026-38915,BATCH 2023-01,2023,DepEd (DCP),46,0,1,Functional,"Charging Cart, TP Link. Hard drive",2026-04-13 07:32:26.064253+00:00
3278,301271,2026-18200,2023-01,2024,DepEd (DCP),46,0,1,Functional,,2026-04-13 03:18:03.351159+00:00
3281,501587,2026-10987,DCP 2021 LOT 2,2022,DepEd (DCP),4,0,0,Functional,External Drives,2026-04-13 03:19:22.766178+00:00
3282,501587,2026-10987,Batch 2022-41:eLearning Cart Package,2024,DepEd (DCP),46,0,1,Functional,"Router, Storage Cart, External Hard Drive,Flash Drive(Recovery Disk)",2026-04-13 03:19:22.806931+00:00
3284,302048,2026-24720,BATCH 2024-01:ELEARNING CART PACKAGE,2025,DepEd (DCP),96,0,3,Functional,,2026-04-13 03:20:08.456357+00:00
3285,302048,2026-24720,BATCH2022-01: E-LEARNING CART PACKAGE,2025,DepEd (DCP),46,0,1,Functional,,2026-04-13 03:20:08.463384+00:00
3296,502225,2026-19699,Batch 2024,2024,Other,46,0,1,Functional,"Headphones, charger",2026-04-13 03:30:01.218524+00:00
7176,108778,2026-18557,Batch 42,2022,DepEd (DCP),0,0,0,Functional,,2026-04-21 00:45:26.219744+00:00
2629,501209,2026-41172,Batch 23,2024,DepEd (DCP),46,0,1,Functional,"headphones, Router , hard drive",2026-04-10 21:00:24.144185+00:00
3632,303972,2026-39264,BATCH 2018-01,2019,DepEd (DCP),1,50,0,Non-Functional,"3 TABLETS ARE MISSING, 47 TABLET PC are NOT WORKING",2026-04-13 08:29:57.067470+00:00
3633,303972,2026-39264,BATCH 2024-ELC,2024,DepEd (DCP),46,0,1,Functional,,2026-04-13 08:29:57.074001+00:00
3574,300791,2026-14667,E-Textbooks,2019,DepEd (DCP),1,50,0,Functional,,2026-04-13 07:58:03.202629+00:00
3667,300471,2026-10631,Batch 2024,2024,DepEd (DCP),46,0,1,Functional,2 Routers and Headphones ,2026-04-13 08:44:39.642242+00:00
3677,306916,2026-16700,Batch 2022-01,2024,DepEd (DCP),46,0,1,Functional,,2026-04-13 08:52:25.870637+00:00
3678,306916,2026-16700,Batch 2019-03,2020,DepEd (DCP),0,50,0,Non-Functional,,2026-04-13 08:52:25.875982+00:00
3586,304014,2026-40035,Batch 46,2024,DepEd (DCP),46,0,1,Functional,"headphones & mouse
",2026-04-13 08:08:26.568221+00:00
3700,301192,2026-17621,DCP BATCH 2022-01,2024,DepEd (DCP),45,0,1,Functional,,2026-04-13 09:01:49.580805+00:00
3701,301192,2026-17621,DCPBATCH 2024-01,2024,DepEd (DCP),46,0,1,Functional,,2026-04-13 09:01:49.585908+00:00
3709,305237,2026-01919,2022,2024,Other,46,0,0,Functional,,2026-04-13 09:06:58.961626+00:00
3710,305237,2026-01919,2018,2019,DepEd (DCP),0,17,0,Functional,,2026-04-13 09:06:58.967513+00:00
3719,302777,2026-30477,DCP Batch 2016,2016,DepEd (DCP),0,100,0,Functional,Only E cart is functional not the tablets,2026-04-13 09:14:17.020155+00:00
3724,303076,2026-32727,Batch 6,2024,DepEd (DCP),46,0,1,Functional,"routers, mouse",2026-04-13 09:19:52.377030+00:00
5371,303906,2026-22673,BATCH 2024-01,2024,DepEd (DCP),46,0,1,Functional,"2 ROUTERS, 46 MOUSE, 46 CHARGERS, 46 HEADSETS",2026-04-15 04:13:15.867477+00:00
3754,303988,2026-41309,Batch ,2024,DepEd (DCP),46,0,1,Functional,,2026-04-13 09:58:25.409750+00:00
3773,303601,2026-37664,Batch DCP 2024,2024,DepEd (DCP),46,0,1,Functional,,2026-04-13 10:37:45.590763+00:00
5382,302743,2026-29506,2023-01,2023,DepEd (DCP),46,0,1,Functional,,2026-04-15 04:28:36.913885+00:00
3808,301869,2026-23349,BATCH 2022-01: E-LEARNING CART PACKAGE,2024,DepEd (DCP),46,0,1,Functional,"Wireless Router, External Hard drive",2026-04-13 11:48:19.429585+00:00
7177,108778,2026-18557,Batch 40,2019,DepEd (DCP),0,0,0,Functional,,2026-04-21 00:45:26.225814+00:00
3759,500839,2026-44524,Batch 2024-02 eLearning Cart Package,2024,DepEd (DCP),46,0,3,Functional,"46 headset
1 tv
1 hard drive
2 modem",2026-04-13 10:08:16.380967+00:00
3841,325605,2026-30696,Batch 1,2023,DepEd (DCP),46,0,2,Functional,,2026-04-13 12:59:06.871707+00:00
5383,302743,2026-29506,2024-03,2024,DepEd (DCP),5,0,0,Functional,,2026-04-15 04:28:36.920830+00:00
3890,301956,2026-23798,Batch 2022,2022,DepEd (DCP),46,0,0,Functional,"Headphones,adapters",2026-04-13 14:14:41.278663+00:00
3905,500392,2026-19942,Batch 2022,2022,DepEd (DCP),46,0,1,Functional,Router and Hardrive,2026-04-13 14:45:43.334101+00:00
3906,500392,2026-19942,Batch 2019-03 E-Textbook,2020,DepEd (DCP),1,50,0,Functional,,2026-04-13 14:45:43.341944+00:00
3907,500392,2026-19942,Batch 2020 Multi Media,2021,DepEd (DCP),1,0,1,Functional,,2026-04-13 14:45:43.359743+00:00
3887,300838,2026-14420,DCP-ELC-L3-MM-0091,2024,DepEd (DCP),46,0,0,Functional,,2026-04-13 14:13:39.357296+00:00
3888,300838,2026-14420,L4T2023-L3-JNC-488,2023,DepEd (DCP),5,0,0,Functional,,2026-04-13 14:13:39.364004+00:00
3889,300838,2026-14420,L4T2023-L3-JNC-0489,2023,DepEd (DCP),5,0,0,Non-Functional,2 laptops cherry not functional ,2026-04-13 14:13:39.369593+00:00
3932,501934,2026-37529,Batch 22,2024,DepEd (DCP),42,0,5,Functional,"Router, Headphone, mouse",2026-04-13 16:10:24.603495+00:00
5242,304771,2026-03046,DCP 2024-1,2024,DepEd (DCP),46,0,1,Functional,"46 headsets, mouse, bags, chargers",2026-04-15 02:41:15.864844+00:00
5520,340696,2026-07034,22-01,2022,DepEd (DCP),46,0,0,Functional,,2026-04-15 06:52:24.055546+00:00
3879,302492,2026-28400,2024-01,2024,DepEd (DCP),46,0,1,Functional,"Projector, External Hard Drive, Wireless Router",2026-04-13 14:05:59.549681+00:00
3891,301956,2026-23798,Batch 2024,2024,DepEd (DCP),46,0,0,Functional,Adapters,2026-04-13 14:14:41.284545+00:00
6059,322801,2026-16565,2023-2024,2024,DepEd (DCP),46,0,0,Functional,,2026-04-16 05:24:10.390781+00:00
6067,301875,2026-23157,Batch 44,2025,DepEd (DCP),46,0,1,Functional,,2026-04-16 05:31:04.693835+00:00
6080,300743,2026-13628,44,2024,DepEd (DCP),45,0,1,Functional,"Mouse, laptop bag",2026-04-16 05:43:39.945341+00:00
5962,300479,2026-10926,Batch 2022,2024,DepEd (DCP),46,0,1,Functional,,2026-04-16 02:34:04.675811+00:00
5963,300479,2026-10926,Batch 2019,2021,DepEd (DCP),1,50,0,Functional,,2026-04-16 02:34:04.682654+00:00
6165,300781,2026-13562,Batch 2019-03,2019,DepEd (DCP),1,50,0,Functional,,2026-04-16 07:41:59.681201+00:00
6166,300781,2026-13562,Batch 23,2023,DepEd (DCP),46,0,1,Functional,,2026-04-16 07:41:59.688529+00:00
6168,314931,2026-39188,Batch 36,2022,DepEd (DCP),46,0,1,Functional,,2026-04-16 07:42:39.940867+00:00
6270,303859,2026-22414,DCP LAPTOPS,2024,DepEd (DCP),46,0,1,Functional,"2PCS ROUTERS,1 PCS HARD DRIVE.",2026-04-17 00:25:12.791251+00:00
6341,300090,2026-08630,Batch 2022,2024,DepEd (DCP),46,0,1,Functional,,2026-04-17 04:00:33.175634+00:00
6342,300090,2026-08630,Batch 2019,2019,DepEd (DCP),1,50,0,Non-Functional,,2026-04-17 04:00:33.182136+00:00
6495,114019,2026-25883,e-Cart Educational Package for Grades 4 to 6,2015,DepEd (DCP),0,0,0,Non-Functional,All the desktop and printer and other equipment are not functional anymore. ,2026-04-17 13:58:30.515853+00:00
6496,114019,2026-25883,e-Cart Instructional Package,2015,DepEd (DCP),1,0,0,Non-Functional,The laptop and other paraphernalias are not functional anymore. ,2026-04-17 13:58:30.522748+00:00
6557,501534,2026-11110,eLearning Cart Package,2024,DepEd (DCP),46,0,1,Functional,,2026-04-18 07:56:05.163951+00:00
6560,302415,2026-27729,eLearning Cart Package-Batch 2022-01,2024,DepEd (DCP),46,0,1,Functional,,2026-04-18 08:16:52.365953+00:00
3311,303842,2026-22156,Batch 2023- 03,2023,DepEd (DCP),51,0,1,Functional,,2026-04-13 03:39:16.421574+00:00
3331,303349,2026-38836,Batch 22,2024,DepEd (DCP),46,0,1,Functional,"Headphones -56
Hard drive-5",2026-04-13 03:48:20.863273+00:00
3287,316004,2026-42125,21,2024,DepEd (DCP),33,27,5,Functional,,2026-04-13 03:21:04.622601+00:00
3288,303962,2026-39599,2022,2024,DepEd (DCP),46,0,1,Functional,,2026-04-13 03:22:03.436859+00:00
3291,315304,2026-40518,CDP BATCH 2018-1,2019,DepEd (DCP),0,50,0,Non-Functional,2-1N-1 TABLET PC-COPY NBPC1068-DETACHABLE KEYBOARD,2026-04-13 03:24:56.845863+00:00
3292,315304,2026-40518,DCP BATCH 2022 (ELC),2024,DepEd (DCP),46,0,0,Non-Functional,"LAPTOP-ACER TRAVELMATE P214-54 (TMP 214-54) WITH CARRYING BAG, WIRELESS MOUSE, MOUSE PAD AND HEADSET",2026-04-13 03:24:56.852954+00:00
3289,305158,2026-01117,Batch 2023 - 01,2024,DepEd (DCP),46,0,1,Functional,"Wireless router-2,  Headset - 46, External Hard drive - 1",2026-04-13 03:23:02.138137+00:00
3293,502315,2026-01171,2024-01,2024,DepEd (DCP),46,0,1,Functional,,2026-04-13 03:26:03.773976+00:00
3295,301619,2026-05495,Batch 2024,2024,DepEd (DCP),48,0,4,Functional,Headphones ,2026-04-13 03:29:35.998885+00:00
3301,306124,2026-12927,2022-01,2022,DepEd (DCP),46,0,1,Functional,,2026-04-13 03:31:15.955782+00:00
3302,306124,2026-12927,2023-01,2023,DepEd (DCP),45,0,1,Functional,,2026-04-13 03:31:15.962975+00:00
3303,306124,2026-12927,2024-01,2024,DepEd (DCP),46,0,0,Functional,,2026-04-13 03:31:15.969289+00:00
3305,309515,2026-23160,DCP 2022-01,2022,DepEd (DCP),46,0,1,Functional,,2026-04-13 03:32:27.875764+00:00
3338,501153,2026-39210,Batch 44,2023,DepEd (DCP),46,0,1,Functional,,2026-04-13 03:53:11.138897+00:00
3310,102536,2026-10691,Batch 42,2018,DepEd (DCP),4,0,2,Non-Functional,,2026-04-13 03:37:52.900543+00:00
3315,302387,2026-07528,Batch 2022-01,2024,DepEd (DCP),2,2,1,Functional,,2026-04-13 03:40:47.360228+00:00
5199,321701,2026-26676,Batch 2022-01 E-Learning Package,2024,DepEd (DCP),46,0,0,Functional,Router -2,2026-04-15 02:08:52.681435+00:00
5372,303978,2026-39319,Batch 2022-01: E-learning Cart,2023,DepEd (DCP),46,0,2,Functional,Headphones,2026-04-15 04:13:54.851254+00:00
3325,311107,2026-30088,BATCH42,2022,DepEd (DCP),46,0,1,Functional,,2026-04-13 03:43:38.601123+00:00
3345,305746,2026-04339,Batch 2,2024,DepEd (DCP),46,0,0,Functional,,2026-04-13 03:58:15.261808+00:00
3321,129783,2026-43160,2023-03,2024,DepEd (DCP),5,0,0,Functional,,2026-04-13 03:41:48.724628+00:00
3158,303786,2026-21150,Bacth 2024,2024,DepEd (DCP),5,0,0,Functional,,2026-04-13 02:19:53.852797+00:00
3322,315901,2026-41884,Batch 2022-01: E-LEarning Cart Package,2024,DepEd (DCP),46,0,1,Functional,,2026-04-13 03:42:31.569261+00:00
3323,315901,2026-41884,DCP E Textbooks- FY2028,2019,DepEd (DCP),1,50,0,Non-Functional,Non-Functional,2026-04-13 03:42:31.575544+00:00
3324,300175,2026-09120,BATCH 2024-1,2024,DepEd (DCP),46,0,1,Functional,"HEADSET, WIRELESS MOUSE, HARD DRIVE, LAPTOP BAG, MOUSE PAD, WIRELESS ROUTER, TV LEG STAND, REMOTE CONTROL WITH BATTERY, WALL MOUNTING KIT, HDMI CABLE AND FLASHDRIVE",2026-04-13 03:43:20.561936+00:00
3326,155039,2026-11281,Smart TV Package,2024,DepEd (DCP),0,0,5,Functional,,2026-04-13 03:44:55.209004+00:00
3327,155039,2026-11281,Multimedia Package,2022,DepEd (DCP),1,0,1,Functional,,2026-04-13 03:44:55.216785+00:00
3328,306383,2026-04291,Batch 44,2025,DepEd (DCP),46,0,1,Functional,"with Routers and laptap bags, mouse, headsets, and 1TB external drive",2026-04-13 03:44:57.086661+00:00
3330,301629,2026-05400,E-learning Package Batch 2022-01,2024,DepEd (DCP),46,0,0,Functional,,2026-04-13 03:47:11.864997+00:00
3332,314114,2026-20826,Batch 2024-01: E Learning Cart package,2024,DepEd (DCP),46,0,0,Functional,,2026-04-13 03:48:45.337159+00:00
3333,302668,2026-29846,Ecart HP Laptop,2024,DepEd (DCP),46,0,1,Functional,with 2 routers and headset plus mouse and laptop bags,2026-04-13 03:50:02.944926+00:00
3334,300130,2026-08509,2023-01,2024,DepEd (DCP),46,0,1,Functional,,2026-04-13 03:50:33.551729+00:00
5524,500630,2026-16570,bath 2019,2019,DepEd (DCP),0,38,0,Functional,19 are not functional ,2026-04-15 06:52:47.442297+00:00
3337,117325,2026-30084,2025-02,2025,DepEd (DCP),0,0,5,Functional,,2026-04-13 03:53:09.596417+00:00
3294,305535,2026-01554,DCP E-CLASSROOM PACKAGE 2023,2024,DepEd (DCP),46,0,1,Functional,"Chargers, Headphones",2026-04-13 03:28:05.046117+00:00
3340,500362,2026-08673,DCP2024-eLC-L1-TG-0048,2024,DepEd (DCP),46,0,6,Functional,"Headphones, router",2026-04-13 03:55:04.109421+00:00
3341,500385,2026-09974,E-Textbook,2019,DepEd (DCP),0,50,0,Non-Functional,All are non functional,2026-04-13 03:55:23.910155+00:00
3342,300209,2026-09258,Batch 2022-01: ELEarning Cart Package,2024,DepEd (DCP),46,0,1,Functional,"Router, Storage Cart, External Hard Drive, Flash Drive Recovery",2026-04-13 03:56:38.277706+00:00
3343,126221,2026-22824,2020,2020,DepEd (DCP),0,0,0,Non-Functional,,2026-04-13 03:56:45.520510+00:00
3344,305327,2026-06975,batch 2023-01,2024,DepEd (DCP),46,0,1,Functional,,2026-04-13 03:57:37.530863+00:00
7403,502221,2026-12418,khan academy tablets,2026,Other,0,42,0,Functional,,2026-04-22 01:39:03.483912+00:00
3313,301630,2026-05328,2024,2024,DepEd (DCP),46,0,1,Functional,With router mouse and headset,2026-04-13 03:40:32.292258+00:00
5525,500630,2026-16570,batch 2025 ,2025,DepEd (DCP),46,0,0,Functional,2 laptop are not functional ,2026-04-15 06:52:47.448803+00:00
3357,305255,2026-01945,Batch 2023-01,2024,DepEd (DCP),46,0,0,Functional,"wireless router, external hard drive",2026-04-13 04:00:21.088201+00:00
3363,109856,2026-19887,Batch 40,2018,DepEd (DCP),1,0,0,Non-Functional,"ACER Interactive Projector, Multimedia speaker",2026-04-13 04:00:36.862758+00:00
3367,500603,2026-09052,DCP 2023,2024,DepEd (DCP),46,0,1,Functional,"ADAPTER, HEADPHONES, ROUTERS",2026-04-13 04:01:01.779668+00:00
3314,301630,2026-05328,E textbook,2019,DepEd (DCP),1,50,0,Non-Functional,For disposal,2026-04-13 03:40:32.301912+00:00
3308,302968,2026-32835,DCP 2018-01,2018,DepEd (DCP),0,50,0,Non-Functional,,2026-04-13 03:34:37.641932+00:00
3309,315307,2026-40568,Batch 22,2024,DepEd (DCP),46,0,1,Functional,"router, hard drive , flash drive, storage",2026-04-13 03:36:10.234690+00:00
7309,500738,2026-13120,DCP BATCH 22 E-LEARNING CLASSROOM,2024,DepEd (DCP),46,0,1,Non-Functional,"Router, Mouse, Headset, Bag",2026-04-21 06:27:40.451157+00:00
3159,303786,2026-21150,TVL Tools and Equipment Packages,2026,DepEd (DCP),3,0,1,Functional,"


All are functional



",2026-04-13 02:19:53.858056+00:00
3160,303786,2026-21150,Laptop for AO,2025,DepEd (DCP),1,0,0,Functional,,2026-04-13 02:19:53.863291+00:00
5721,303955,2026-39388,Batch 01,2024,DepEd (DCP),46,0,1,Functional,,2026-04-15 09:29:09.976204+00:00
5543,500966,2026-16670,Batch 3,2025,DepEd (DCP),46,0,0,Functional,,2026-04-15 07:02:53.690534+00:00
3335,306043,2026-39112,Batch 1,2022,DepEd (DCP),46,0,0,Functional,,2026-04-13 03:51:24.744936+00:00
3312,300117,2026-08851,Batch 2022,2024,DepEd (DCP),46,0,1,Functional,,2026-04-13 03:39:24.728900+00:00
3515,136203,2026-02097,Batch 16,2013,DepEd (DCP),6,0,0,Functional,,2026-04-13 07:33:01.178997+00:00
5203,323103,2026-38661,eLearning Cart Package,2024,DepEd (DCP),46,0,1,Functional,"Router, Headphones, flashdrive, harddrive",2026-04-15 02:14:24.827068+00:00
3364,109856,2026-19887,Batch 2023-04,2023,DepEd (DCP),1,0,0,Non-Functional,,2026-04-13 04:00:36.867677+00:00
3365,109856,2026-19887,Batch 2020,2021,DepEd (DCP),1,50,1,Functional,"TP-Link Wireless router, PIXPRO charging cart, Canon PIXMA printer",2026-04-13 04:00:36.873878+00:00
3366,109856,2026-19887,Batch 2020,2021,DepEd (DCP),1,0,1,Functional,Lapel speaker,2026-04-13 04:00:36.879855+00:00
5373,501358,2026-29525,1,2023,DepEd (DCP),46,0,1,Functional,"With Routers, etc",2026-04-15 04:16:22.382713+00:00
5526,108484,2026-20052,Lot 3,2021,DepEd (DCP),1,50,1,Functional,"Router, Charging Cart,Printer",2026-04-15 06:54:01.950925+00:00
5722,501653,2026-39211,2023-eLC,2024,DepEd (DCP),45,0,1,Functional,Routers,2026-04-15 09:30:30.880632+00:00
3373,309009,2026-05032,Batch 2022-01,2024,DepEd (DCP),46,0,1,Functional,,2026-04-13 04:05:53.989845+00:00
3374,309009,2026-05032,Batch 41,2018,DepEd (DCP),0,50,1,Functional,,2026-04-13 04:05:53.996130+00:00
3352,309006,2026-05098,Batch 2022,2023,DepEd (DCP),46,0,0,Functional,,2026-04-13 03:59:29.865450+00:00
3516,136203,2026-02097,Dcp batch 2020,2021,DepEd (DCP),6,0,6,Functional,,2026-04-13 07:33:01.184313+00:00
3517,303558,2026-44374,Batch 46,2024,DepEd (DCP),46,0,1,Functional,Wireless routers,2026-04-13 07:33:07.809625+00:00
3590,500781,2026-19634,Batch 2023,2023,DepEd (DCP),46,0,1,Functional,,2026-04-13 08:10:58.490444+00:00
5856,314309,2026-22288,Batch 33,2017,DepEd (DCP),2,40,1,Functional,Head phones,2026-04-15 14:46:06.832195+00:00
3626,187502,2026-33193,Batch 1,2025,LGU / SEF,30,0,15,Non-Functional,,2026-04-13 08:28:05.236032+00:00
3670,303122,2026-32838,2018-01,2019,DepEd (DCP),1,50,0,Functional,,2026-04-13 08:49:18.287893+00:00
3672,344781,2026-38663,3024 eLC,2024,DepEd (DCP),5,0,1,Functional,2 wireless routers,2026-04-13 08:49:54.158474+00:00
3702,304106,2026-40848,Batch 41,2018,DepEd (DCP),0,0,0,Functional,,2026-04-13 09:02:01.415560+00:00
3703,304106,2026-40848,Batch 36,2018,DepEd (DCP),0,0,0,Functional,,2026-04-13 09:02:01.421904+00:00
3731,303479,2026-36363,Batch 1,2024,DepEd (DCP),46,0,1,Functional,,2026-04-13 09:28:17.553195+00:00
3969,300865,2026-14671,Batch 2024,2024,DepEd (DCP),40,0,1,Functional,Headphones,2026-04-14 00:23:28.406155+00:00
3918,134552,2026-00168,Batch 42,2018,DepEd (DCP),0,0,0,Non-Functional,,2026-04-13 15:32:47.518363+00:00
3755,501185,2026-19635,ELearning Cart Package,2023,DepEd (DCP),46,0,1,Functional,,2026-04-13 10:00:08.939384+00:00
3780,105302,2026-14157,LOT#2 E-TEXTBOOKS SO#19-PC 00008 SWPS-175103,2019,DepEd (DCP),0,50,0,Functional,,2026-04-13 10:44:13.604064+00:00
3962,305270,2026-02146,Batch 2023-01,2024,DepEd (DCP),46,0,1,Functional,"2 Router TPLink Archer AX12, 2 charging cart, 1 HDD",2026-04-14 00:02:13.436402+00:00
3953,500619,2026-09163,Batch 42,2023,DepEd (DCP),46,0,1,Functional,"Headphones, mouse",2026-04-13 22:25:37.328989+00:00
3573,300347,2026-09897,2022,2022,DepEd (DCP),46,0,12,Functional,,2026-04-13 07:57:04.837921+00:00
3793,300121,2026-08744,eLearning Cart Package,2024,DepEd (DCP),46,95,14,Functional,"routers, storage carts",2026-04-13 11:25:43.125846+00:00
3842,303164,2026-32500,Batch 2024-01 E-learning Cart Package,2024,DepEd (DCP),46,0,1,Functional,"router,headphones,wireless mouse",2026-04-13 13:01:32.615923+00:00
3855,108234,2026-20223,Batch 14,2011,DepEd (DCP),1,0,0,Functional,"1 pc Projector -Not  functional ,                                           1pc Promethean Activeboard 500 PRO",2026-04-13 13:19:25.541522+00:00
3856,108234,2026-20223,Batch 2019-01,2019,DepEd (DCP),2,48,1,Functional,"G4 ICT Package-Lot 3 : 1 pc PIXMA TS5370	Multifunction Inkjet Printer
48 pcs NBPC1078 	2-IN-1 TABLET PC coby
2 pcs acer NBPC1958 LAPTOP WITH LAPTOP BAG AND HEADSET
1 pc coby STV5578 - TV WITH WALL MOUNT AND HDMI
2 pcs Pixpro Charging/Storage Cart	
1 pc Archer C9 TP Link Modem route",2026-04-13 13:19:25.549342+00:00
3857,108234,2026-20223,BATCH 2020 - MULTIMEDIA PACKAGE,2022,DepEd (DCP),2,0,2,Functional,"2 pcs ACER TRAVELMATE P214-52 LAPTOP 	WINDOWS 10 LAPTOP
2 pcs SAMSUNG UA55TU7000GXXP 55 INCHES LED SMART TV",2026-04-13 13:19:25.555873+00:00
3858,108234,2026-20223,BATCH 2023-02:SMART TV PACKAGE,2024,DepEd (DCP),0,0,5,Functional,"5 pcs XITRIX XPN-DSA5850 	58INCH SMART TV 3.0 USB W/ ACCESSORIES
",2026-04-13 13:19:25.560683+00:00
3859,108234,2026-20223,BATCH 2023-03-LAPTOP FOR TEACHING PACKAGE,2024,DepEd (DCP),5,0,0,Functional,5 pcs ASUS B1400CB NOTEBOOK (LAPTOP) ,2026-04-13 13:19:25.565507+00:00
3860,108234,2026-20223,DEPED BAYANIHAN LAPTOP,2021,DepEd (DCP),3,0,0,Functional,"Functional however, laptops  perform too slow.",2026-04-13 13:19:25.571121+00:00
3892,501155,2026-22801,Batch 36,2017,DepEd (DCP),2,0,0,Functional,Router,2026-04-13 14:15:28.320151+00:00
3893,501155,2026-22801,42,2019,DepEd (DCP),0,43,0,Functional,,2026-04-13 14:15:28.326374+00:00
3926,125938,2026-22451,Batch 2023-01 learning Cart Package,2024,DepEd (DCP),46,0,1,Functional,,2026-04-13 15:48:12.854135+00:00
3908,301623,2026-05201,2022,2022,DepEd (DCP),46,0,1,Functional,,2026-04-13 14:52:58.531786+00:00
3902,306098,2026-24644,Batch 2023-01: ELearning Cart Package,2024,DepEd (DCP),46,0,0,Functional,"Headphones, Mouse, Modem/Router",2026-04-13 14:33:10.695349+00:00
5973,300464,2026-10984,ELC-BATCH2024-01,2024,DepEd (DCP),92,0,2,Functional,,2026-04-16 02:44:09.849575+00:00
6060,131485,2026-02358,Batch 40,2022,DepEd (DCP),46,0,0,Functional,"Router, Storage Cart, External Hard Drive, Flash Drive",2026-04-16 05:25:56.203382+00:00
3974,301654,2026-05120,Batch 2022-01: eLearning Cart Package,2024,DepEd (DCP),46,0,0,Functional,"2 unit Routers, 1 unit External drive, 2 unit Charging cart",2026-04-14 00:32:02.911684+00:00
1653,302727,2026-30359,Batch 44,2024,DepEd (DCP),46,0,1,Functional,"router, external storage, hdd kit, hdmi cable, wall mount bracket",2026-04-10 02:40:41.612184+00:00
6271,303958,2026-39138,Batch 44,2021,DepEd (DCP),30,40,2,Functional,,2026-04-17 00:51:11.377931+00:00
6343,502153,2026-15174,Batch 2023 / e-Learning Cart Package,2024,DepEd (DCP),102,0,2,Functional,"Headphones, mouse, external hard disks, router wifi",2026-04-17 04:03:52.975842+00:00
3954,300849,2026-16433,Batch 2022-01,2024,DepEd (DCP),46,0,1,Functional,External hard drive,2026-04-13 22:36:42.989854+00:00
3975,301654,2026-05120,Batch 2018 E-Textbooks,2019,DepEd (DCP),1,50,0,Non-Functional,"Mouse, Headset, Bag, Router ",2026-04-14 00:32:02.919150+00:00
3980,108236,2026-20218,Batch 2019-01,2021,DepEd (DCP),1,47,1,Functional,"Headphones, chargers, bags, mice",2026-04-14 00:37:05.312025+00:00
6424,300754,2026-13645,Batch 33,2016,DepEd (DCP),4,0,0,Non-Functional,,2026-04-17 07:57:12.093466+00:00
6425,300754,2026-13645,Batch 2019-01,2020,DepEd (DCP),1,50,0,Non-Functional,,2026-04-17 07:57:12.100964+00:00
6426,300754,2026-13645,Batch 2019-02,2020,DepEd (DCP),51,0,1,Non-Functional,,2026-04-17 07:57:12.109950+00:00
6427,300754,2026-13645,Batch 2023,2024,DepEd (DCP),46,0,1,Functional,,2026-04-17 07:57:12.115276+00:00
3353,300970,2026-16462,DCP 2022,2024,DepEd (DCP),46,0,1,Functional,,2026-04-13 03:59:43.309510+00:00
3354,300970,2026-16462,DCP2023,2024,DepEd (DCP),46,0,1,Functional,,2026-04-13 03:59:43.316252+00:00
3518,102585,2026-11300,Batch 24,2024,DepEd (DCP),12,9,5,Functional,,2026-04-13 07:33:45.921236+00:00
3356,305812,2026-14176,Batch 2022-01,2024,DepEd (DCP),46,0,1,Functional,"Router, external drive, wireless mouse, headphones",2026-04-13 04:00:09.298120+00:00
3358,302499,2026-28441,Batch 35,2018,DepEd (DCP),0,0,0,Functional,Batch 35 is all desktop computers pls with mother server. ,2026-04-13 04:00:22.142628+00:00
3359,302499,2026-28441,Batch 36,2018,DepEd (DCP),0,0,0,Functional,Batch 36 is composed of desktop with mother server ,2026-04-13 04:00:22.149805+00:00
3360,302499,2026-28441,Batch 2020,2020,DepEd (DCP),1,0,1,Functional,,2026-04-13 04:00:22.168974+00:00
3361,302499,2026-28441,Batch 2023,2023,DepEd (DCP),46,0,0,Functional,,2026-04-13 04:00:22.176532+00:00
3362,302499,2026-28441,Batch 2023,2023,DepEd (DCP),0,0,1,Functional,,2026-04-13 04:00:22.182549+00:00
3556,304459,2026-44281,Batch 49,2024,DepEd (DCP),46,0,0,Functional,,2026-04-13 07:49:31.659585+00:00
3575,301852,2026-23324,Batch 2019-03,2020,DepEd (DCP),1,50,0,Functional,,2026-04-13 07:59:04.374624+00:00
3576,301852,2026-23324,DVP 2022-01,2024,DepEd (DCP),46,0,1,Functional,,2026-04-13 07:59:04.384085+00:00
3606,301702,2026-06051,2022-1,2024,DepEd (DCP),46,0,1,Functional,,2026-04-13 08:19:41.655572+00:00
5201,304655,2026-45525,2023-01,2024,DepEd (DCP),46,0,1,Functional,,2026-04-15 02:13:56.733120+00:00
3861,303052,2026-32229,Batch 41,2018,DepEd (DCP),1,50,1,Functional,,2026-04-13 13:19:27.442117+00:00
3630,124806,2026-21017,Batch 2024,2024,DepEd (DCP),0,0,5,Functional,,2026-04-13 08:29:48.805955+00:00
3631,124806,2026-21017,Batch 2024,2024,DepEd (DCP),5,0,0,Functional,,2026-04-13 08:29:48.811300+00:00
3671,303122,2026-32838,Batch 41,2018,DepEd (DCP),1,50,1,Functional,,2026-04-13 08:49:18.328615+00:00
3862,303052,2026-32229,ECart LOT 2019,2019,DepEd (DCP),1,50,1,Functional,,2026-04-13 13:19:27.449419+00:00
3707,305488,2026-07497,Batch 44,2021,DepEd (DCP),46,0,0,Functional,,2026-04-13 09:05:28.919901+00:00
5374,302356,2026-27332,2022-01,2022,DepEd (DCP),46,0,1,Functional,2 Charging Stations ,2026-04-15 04:19:50.010919+00:00
3756,321005,2026-08727,BATCH 2023-01 (E-LEARNING CART PACKAGE),2024,DepEd (DCP),46,0,1,Functional,"Headset, wireless mouse, external hard drive, laptop bag, mouse pad, wireless router, tv leg stand, remote control, hdmi cable",2026-04-13 10:03:55.508760+00:00
7181,103931,2026-12220,Lot 2:IT Package,2019,DepEd (DCP),1,49,0,Non-Functional,Router,2026-04-21 01:12:33.493585+00:00
3794,301254,2026-20204,2023-01,2024,DepEd (DCP),46,0,1,Functional,,2026-04-13 11:28:30.356541+00:00
7310,302329,2026-26897,2022-01,2022,DepEd (DCP),46,0,1,Functional,Router and External HDD,2026-04-21 06:28:41.341081+00:00
3810,107465,2026-17113,Batch 29,2016,DepEd (DCP),1,0,0,Functional,,2026-04-13 11:51:59.034155+00:00
3811,107465,2026-17113,Batch 40,2018,DepEd (DCP),1,0,0,Functional,,2026-04-13 11:51:59.040762+00:00
3812,107465,2026-17113,DCP 2020,2022,DepEd (DCP),4,0,4,Functional,,2026-04-13 11:51:59.046414+00:00
3555,117785,2026-30509,Batch 2023 02/03,2023,DepEd (DCP),5,0,5,Functional,,2026-04-13 07:49:17.915696+00:00
6061,305379,2026-07194,Batch 2023-01,2024,DepEd (DCP),46,0,1,Functional,,2026-04-16 05:28:26.239177+00:00
5527,306710,2026-13755,Batch 2024-01/ELEARNING CART PACKAGE,2024,DepEd (DCP),46,0,1,Functional,"Bluetooth mouse, headphones",2026-04-15 06:54:26.479805+00:00
7400,502221,2026-12418,DCP 2020 Batch 2019-01 Lot 1,2020,DepEd (DCP),1,0,0,Functional,charger,2026-04-22 01:39:03.466419+00:00
3894,501820,2026-14496,2023-01,2024,DepEd (DCP),46,0,0,Functional,"46 LAPTOP - ACER TRAVEL MATE TMP 214-41 G2 WITH BACKPACK, 1 Xitrix 58"" SMART TV WITH TV LEG STAND, REMOTE CONTROL W/ BATTERY, HDMI CABLE, WALL MOUNTING KIT, 2 Wireless Router: TENDA RX, 1 LaCie EXTERNAL HARD DRIVE, 2 Charging Storage Cart",2026-04-13 14:20:01.497019+00:00
3922,125066,2026-21365,2020,2020,DepEd (DCP),1,0,1,Non-Functional,Lapel Speaker,2026-04-13 15:41:12.581975+00:00
3923,125066,2026-21365,Batch 26,2015,DepEd (DCP),1,0,0,Non-Functional,"Desktops, Inkjet Printer",2026-04-13 15:41:12.588159+00:00
3933,313720,2026-37701,Batch 44,2024,DepEd (DCP),92,0,0,Functional,"Routers, head phone and charger",2026-04-13 16:15:01.990492+00:00
3928,127947,2026-40823,Batch 40,2018,DepEd (DCP),1,50,0,Non-Functional,,2026-04-13 15:55:13.577031+00:00
3940,316303,2026-43131,Batch,2024,DepEd (DCP),46,0,1,Functional,"2 Charging/ Storage Carts
2 Wireless Routers
1 External HDD",2026-04-13 18:12:51.372296+00:00
5723,302454,2026-28561,Batch 40,2015,DepEd (DCP),50,0,0,Functional,"Routers, Headphones, etc",2026-04-15 09:32:25.479181+00:00
5724,302454,2026-28561,Batch 42,2017,DepEd (DCP),0,100,0,Functional,"Routers, headphone, adapters",2026-04-15 09:32:25.485260+00:00
3970,316528,2026-43918,Batch 2024-01 e Learning Cart Package,2024,DepEd (DCP),46,0,1,Functional,,2026-04-14 00:24:09.949210+00:00
3976,304217,2026-41838,Batch 25,2020,DepEd (DCP),2,100,0,Functional,2 laptops- unserviceable; 15 tablets-functional,2026-04-14 00:34:03.548588+00:00
7401,502221,2026-12418,DCP 2022 (REBID) Batch 2022-01,2022,DepEd (DCP),46,0,1,Functional,"headphones ( some are unserviceable)
mouse ( unserviceable)
",2026-04-22 01:39:03.473774+00:00
7402,502221,2026-12418,(DCP Package 2022 Batch 2022-3,2022,DepEd (DCP),1,0,0,Functional,,2026-04-22 01:39:03.478803+00:00
4000,318905,2026-01280,Batch 41,2018,DepEd (DCP),0,27,1,Non-Functional,,2026-04-14 00:54:28.990668+00:00
4005,319201,2026-02009,Batch 23,2024,DepEd (DCP),46,0,1,Functional,,2026-04-14 01:07:02.267125+00:00
4006,319201,2026-02009,Batch 23 ,2024,DepEd (DCP),46,0,1,Functional,0,2026-04-14 01:07:02.276943+00:00
4021,500009,2026-11283,batch 2024-01,2024,DepEd (DCP),46,0,1,Functional,"router, external hard drive, storage cart, flash drive",2026-04-14 01:12:28.225770+00:00
4022,500009,2026-11283,batch 2022-01,2022,DepEd (DCP),46,0,1,Functional,"wireless router, storage cart, external hard drive, flash drive",2026-04-14 01:12:28.231436+00:00
4023,500009,2026-11283,batch 2019-03,2019,DepEd (DCP),1,50,0,Non-Functional,,2026-04-14 01:12:28.237620+00:00
6167,303949,2026-39208,Batch 2022-eLC,2024,DepEd (DCP),46,0,1,Functional,,2026-04-16 07:42:24.773294+00:00
4028,320605,2026-07563,BATCH 2023-03 LAPTOP FOR TEACHING PACKAGE,2024,DepEd (DCP),5,0,0,Functional,,2026-04-14 01:19:34.027786+00:00
4029,320605,2026-07563,DCP BATCH 36,2018,DepEd (DCP),2,0,0,Non-Functional,,2026-04-14 01:19:34.034128+00:00
3504,302644,2026-29752,Batch 35,2018,DepEd (DCP),25,0,0,Functional,,2026-04-13 07:28:11.418306+00:00
3505,302644,2026-29752,Batch 36,2018,DepEd (DCP),25,0,0,Functional,,2026-04-13 07:28:11.425652+00:00
5857,500741,2026-40982,26,2022,DepEd (DCP),46,0,1,Functional,Lapel,2026-04-15 14:55:24.081345+00:00
6345,306053,2026-01699,Batch 1,2024,DepEd (DCP),41,0,1,Functional,"Routers, Hard drive, Head sets, and mouse ",2026-04-17 04:07:09.877710+00:00
6498,117597,2026-29462,Batch 2019,2020,DepEd (DCP),1,50,1,Non-Functional,,2026-04-17 14:24:52.062908+00:00
5202,102570,2026-11232,BATCH 2024-01,2024,DepEd (DCP),46,0,0,Functional,HEADPHONES,2026-04-15 02:14:02.734405+00:00
3372,500458,2026-44858,Batch 2022,2024,DepEd (DCP),46,0,1,Functional,"Headphones, laptop bag, mouse pad.",2026-04-13 04:04:44.740315+00:00
3375,502471,2026-23367,Batch 2024-01,2024,DepEd (DCP),46,0,1,Functional,,2026-04-13 04:06:19.016586+00:00
3382,502207,2026-44307,BATCH 2022-01,2024,DepEd (DCP),46,0,1,Functional,"2 router,  2 charging station, 1 external HD",2026-04-13 04:08:43.717083+00:00
3411,136836,2026-07501,Batch 2024,2024,DepEd (DCP),46,0,0,Functional,,2026-04-13 06:55:09.116734+00:00
3381,502434,2026-38185,Batch 2019-02,2020,DepEd (DCP),51,0,1,Functional,,2026-04-13 04:08:39.244720+00:00
5405,104870,2026-16602,G4-G6 ICT Package,2019,DepEd (DCP),0,50,0,Functional,,2026-04-15 04:50:52.621606+00:00
3385,305413,2026-07301,Batch 2023-01,2025,DepEd (DCP),46,0,1,Functional,"Headphone, Mouse, Flash Drive, HDMI Cable, Router",2026-04-13 04:13:01.994631+00:00
3386,305413,2026-07301,IT Package- E-TEXTBOOKS,2019,DepEd (DCP),2,100,0,Non-Functional,"1 laptop, 62 tablets , 2 Charging Carts and 1 wireless router  are already defective

Mouse, Headset, Router",2026-04-13 04:13:02.000252+00:00
3387,305413,2026-07301,DCP Batch 33 ,2020,DepEd (DCP),5,0,0,Non-Functional,"147 sets of desktops
8 projectors",2026-04-13 04:13:02.005676+00:00
3388,305413,2026-07301,DCP 2020: Multimedia Package,2021,DepEd (DCP),1,0,1,Functional,1  Lapel Speaker,2026-04-13 04:13:02.011624+00:00
3389,305413,2026-07301,DCP Batch 35,2018,DepEd (DCP),2,0,0,Non-Functional,"45 sets of Desktop
2 Laptops
2 Projector
1 Printer
3 UPS
7 AVRs
4 Switch Hubs
1 Speaker
1 EXTERNAL ODD
",2026-04-13 04:13:02.017018+00:00
3390,305413,2026-07301,Bayanihan 11,2021,Other,27,0,0,Non-Functional,"12 working
15 not working",2026-04-13 04:13:02.023623+00:00
3391,305413,2026-07301,Batch 2019-02 ICT Package,2020,DepEd (DCP),51,0,0,Non-Functional,"20 defective
with router, printer and charging cart
",2026-04-13 04:13:02.032001+00:00
3392,305905,2026-35614,Batch 1,2024,DepEd (DCP),46,0,1,Functional,"Mouse, headset, Bag, wireless router, charging cart, external hard drive, and flas drive (recovery disk)",2026-04-13 04:14:17.539194+00:00
3394,319505,2026-07028,2023-01 AND 2023-02,2024,DepEd (DCP),46,0,1,Functional,,2026-04-13 04:15:47.526485+00:00
3395,500731,2026-12955,Batch 2024,2024,DepEd (DCP),92,0,2,Functional,"Headphones, mouse",2026-04-13 04:18:02.137452+00:00
3397,501050,2026-38619,2019-02,2020,DepEd (DCP),51,0,0,Functional,adapters,2026-04-13 04:20:25.393021+00:00
2352,305244,2026-01898,DCP 2023,2024,DepEd (DCP),46,0,1,Functional,"2 routers, 46 power adapter, 2 carts, 1 external drive, 46 headphone, 46 mouse, 46 headset, 46 touchpad",2026-04-10 09:23:00.344321+00:00
5858,304671,2026-45730,batch 2019 02,2019,DepEd (DCP),50,0,1,Functional,,2026-04-15 15:23:12.331339+00:00
3402,304449,2026-44279,35,2024,DepEd (DCP),46,0,0,Functional,"Router, External Hard Drive",2026-04-13 06:51:18.301515+00:00
3405,110026,2026-04612,Batch 40,2018,DepEd (DCP),1,0,0,Functional,,2026-04-13 06:52:41.709378+00:00
3406,110026,2026-04612,Batch 29,2016,DepEd (DCP),1,0,0,Non-Functional,,2026-04-13 06:52:41.715960+00:00
3407,501981,2026-16704,eLearning Cart Package,2023,DepEd (DCP),46,0,1,Functional,"with 2 routers, Optical Mouse, Head Set",2026-04-13 06:53:42.793721+00:00
3371,305334,2026-06984,2,2022,DepEd (DCP),46,0,0,Functional,,2026-04-13 04:04:30.885611+00:00
5859,304671,2026-45730,dcp 2018,2018,DepEd (DCP),1,50,0,Non-Functional,,2026-04-15 15:23:12.338709+00:00
3410,305323,2026-06945,Batch 2024-01,2024,DepEd (DCP),46,0,1,Functional,including headphones and mouse,2026-04-13 06:54:48.625871+00:00
3733,301533,2026-04624,E-learning cart ,2024,DepEd (DCP),46,0,1,Functional,,2026-04-13 09:28:53.086434+00:00
3380,302624,2026-30087,2023-01,2023,DepEd (DCP),46,0,1,Functional,,2026-04-13 04:07:46.250722+00:00
3519,501190,2026-38904,Batch 2022-01,2024,DepEd (DCP),46,0,1,Functional,,2026-04-13 07:35:08.790783+00:00
5968,304027,2026-41255,Batch 27  and 36,2016,DepEd (DCP),46,50,3,Non-Functional,,2026-04-16 02:40:22.543937+00:00
3416,107126,2026-16270,Document Number 122327,2020,Other,0,77,0,Functional,,2026-04-13 06:56:55.184101+00:00
3417,107886,2026-20125,DCP Batch 2019,2021,DepEd (DCP),1,50,0,Functional,,2026-04-13 06:57:58.333192+00:00
3418,301625,2026-05119,Batch 2024,2024,DepEd (DCP),46,0,1,Functional,,2026-04-13 06:58:26.840428+00:00
3673,302600,2026-29876,BATCH 2024-01,2024,DepEd (DCP),46,0,1,Functional,With charging cart,2026-04-13 08:49:57.403044+00:00
3421,110582,2026-05370,2025,2025,DepEd (DCP),4,0,0,Functional,Mouse,2026-04-13 06:58:51.718397+00:00
3427,301164,2026-17013,2024-01: eLearning cart package,2024,DepEd (DCP),46,0,1,Functional,3 laptops need to be repaired,2026-04-13 07:01:55.264695+00:00
3404,302157,2026-25156,Batch 21,2025,DepEd (DCP),46,0,1,Functional,Headphones,2026-04-13 06:51:44.200181+00:00
3563,300823,2026-14197,DCP eclassroom package 2023,2024,DepEd (DCP),46,0,1,Functional,,2026-04-13 07:54:40.805919+00:00
3564,300823,2026-14197,Batch 2019 03: etextbooks,2020,DepEd (DCP),1,50,0,Functional,Only 15 pcs are functional,2026-04-13 07:54:40.813182+00:00
3399,303753,2026-21859,Batch 2022-01,2024,DepEd (DCP),46,0,1,Functional,,2026-04-13 06:50:53.032850+00:00
3716,308505,2026-19741,Package 1 - e-Learning Cart (e-LC),2023,DepEd (DCP),46,0,1,Functional,,2026-04-13 09:08:22.433072+00:00
3577,302700,2026-30205,DCP E-Learning 2024,2024,DepEd (DCP),46,0,1,Functional,,2026-04-13 08:01:52.105230+00:00
3578,302700,2026-30205,DCP  Batch 2025-03 Laptop for Teachers (L4T),2025,DepEd (DCP),5,0,0,Functional,"additional to the previous DCP laptops (46pcs), same e-cart/base/station.",2026-04-13 08:01:52.111637+00:00
3428,100800,2026-10404,Batch 1,2022,DepEd (DCP),0,2,0,Functional,,2026-04-13 07:01:57.889379+00:00
3396,304122,2026-40914,DCP 2024,2024,DepEd (DCP),46,0,1,Functional,,2026-04-13 04:18:36.881377+00:00
3422,305797,2026-29713,Batch 46,2025,DepEd (DCP),0,0,1,Functional,"Routers, HDD, Projector",2026-04-13 06:59:41.128774+00:00
3629,314923,2026-39082,N/A,2022,DepEd (DCP),46,0,1,Functional,"Router, External, Back Up USB",2026-04-13 08:29:18.003066+00:00
3757,308142,2026-19361,BATCH 2022-03: LAPTOP FOR TEACHING PACKAGE,2023,DepEd (DCP),46,0,1,Functional," Laptop - COBY NBPC2368 46pcs, Smart TV - COBY STV5588 1pc, Router TP-LINK ARCHER AX12 2pc, Storage Cart - PIXPRO CHARGE STATION MAX CSTN-25MX 2pcs, External Hard Drive - ADATA HD710P (PRO) 1pc, Flash Drive (Recovery Disk) 1pc    ",2026-04-13 10:04:35.056798+00:00
3778,305496,2026-36149,Batch 33,2018,DepEd (DCP),50,3,0,Functional,"Keyboards, mouse",2026-04-13 10:41:07.789883+00:00
3788,314925,2026-38966,elc-2024,2024,DepEd (DCP),46,0,0,Functional,"wireless routers, charging/storage cabinet",2026-04-13 11:18:30.726311+00:00
3795,304579,2026-45783,Batch 36,2023,DepEd (DCP),46,0,1,Functional,"Routers, headphones, mouse, bags/casings",2026-04-13 11:29:44.686239+00:00
3813,501809,2026-01033,eCart Package,2025,DepEd (DCP),46,0,1,Functional,,2026-04-13 11:57:39.068062+00:00
3830,302530,2026-28692,BATCH 38,2024,DepEd (DCP),0,42,0,Functional,,2026-04-13 12:43:50.506441+00:00
4051,306428,2026-10849,Batch 1,2022,DepEd (DCP),46,0,1,Functional,"Router, External Hard Drive, Flash Drive",2026-04-14 01:34:33.189131+00:00
4052,306428,2026-10849,Batch 1,2024,DepEd (DCP),46,0,1,Functional,"Wireless Router, External Hard Drive, Flash Drive",2026-04-14 01:34:33.196302+00:00
1260,345345,2026-16648,DCP 2020,2020,DepEd (DCP),50,0,0,Functional,,2026-04-09 04:40:15.429932+00:00
1261,345345,2026-16648,ICT -TVL,2024,DepEd (DCP),10,0,0,Functional,,2026-04-09 04:40:15.436628+00:00
1262,345345,2026-16648,ICT DCP 2023 ELC,2024,DepEd (DCP),46,0,1,Functional,,2026-04-09 04:40:15.443743+00:00
7183,304163,2026-41141,LOT 7,2019,DepEd (DCP),0,49,0,Functional,,2026-04-21 01:21:10.062769+00:00
7311,132709,2026-03706,DCP 2020: Multimedia Package,2021,DepEd (DCP),1,0,1,Non-Functional,Lapel Speaker,2026-04-21 06:40:23.350104+00:00
5392,116549,2026-29202,Batch 23,2024,DepEd (DCP),7,0,0,Functional,,2026-04-15 04:33:15.939192+00:00
5533,307010,2026-15789,eLEARNING CART ,2024,DepEd (DCP),40,0,1,Functional,,2026-04-15 06:58:12.019285+00:00
5534,307010,2026-15789,LAPTOP FOR TEACHERS,2024,DepEd (DCP),5,0,0,Functional,,2026-04-15 06:58:12.026417+00:00
5561,303363,2026-35004,Batch  2023,2025,DepEd (DCP),46,0,1,Functional,,2026-04-15 07:11:46.805669+00:00
5606,502199,2026-27226,BATCH 2024-01,2024,DepEd (DCP),44,0,0,Functional,,2026-04-15 07:32:49.730481+00:00
5610,301992,2026-24440,Batch 2022-01: E-Learning Cart Package,2024,DepEd (DCP),46,0,1,Functional,Some laptop and accessories are unserviceable,2026-04-15 07:36:04.997583+00:00
5611,301992,2026-24440,Batch 2023-01: E-Learning Cart Package,2024,DepEd (DCP),46,0,1,Functional,Some laptops are unserviceable.,2026-04-15 07:36:05.004788+00:00
7312,132709,2026-03706,Laptop for teacher,2024,DepEd (DCP),5,0,0,Functional,3 functional 2 damaged by Typhoon,2026-04-21 06:40:23.357298+00:00
7313,132709,2026-03706,Laptop for teaching,2025,DepEd (DCP),5,0,0,Functional,3 functional 2 damaged by Typhoon,2026-04-21 06:40:23.362988+00:00
5730,501643,2026-39085,Batch 22,2024,DepEd (DCP),46,0,1,Functional,"routers, headphones",2026-04-15 09:35:30.849176+00:00
6667,501946,2026-40083,Batch 42,2022,DepEd (DCP),46,1,1,Functional,,2026-04-19 23:37:04.303776+00:00
5572,116509,2026-29152,Batch 44,2025,DepEd (DCP),46,0,2,Functional,headphones,2026-04-15 07:17:12.742393+00:00
5860,104841,2026-13621,26,2015,DepEd (DCP),1,0,0,Non-Functional,"LCD Monitors, Projector, CPU",2026-04-15 15:24:22.091458+00:00
5861,104841,2026-13621,29,2015,DepEd (DCP),1,0,0,Non-Functional,"LCD, Projector",2026-04-15 15:24:22.097531+00:00
5862,104841,2026-13621,2021,2021,DepEd (DCP),4,0,0,Functional,Hard Drive,2026-04-15 15:24:22.102953+00:00
5969,304549,2026-44901,Batch 46,2024,DepEd (DCP),51,0,11,Functional,,2026-04-16 02:41:40.956275+00:00
7318,301573,2026-04991,Bartch 44,2024,DepEd (DCP),46,0,1,Functional,"headphones, hard drive,",2026-04-21 06:46:47.505574+00:00
6730,300235,2026-09068,Batch 2023,2023,DepEd (DCP),46,0,1,Functional,"routers, adapters",2026-04-20 02:17:52.265112+00:00
6065,302084,2026-25106,02,2024,DepEd (DCP),1,50,0,Functional,"50 pcs Acer Optical Wireless Mouse w/ Pad
50 pcs Dolby Goodness GS-222 Headset
50 pcs carrying bag
1 pc External 8x DVD Writer SATA
1 pc Acer Optical Wireless Mouse w/ Pad
1 pc Dolby Goodness GS-222 Headset
1 pc carrying bag
1 unit TP Link Archer C9 AC1900 Wireless Router
2 units Viewtech V-Cart-PDU26 Charging Cart
",2026-04-16 05:30:50.234433+00:00
6066,302084,2026-25106,02,2023,DepEd (DCP),46,0,1,Functional,"1 pc TV wall bracket
1 pc 5m HDMI cable 
2 pcs Wireless Router
2 units charging cart
1 pc external hard drive
1 pc mounting unit",2026-04-16 05:30:50.241837+00:00
6084,303724,2026-20847,BATCH 2023-01: eLEARNING CART PACKAGE,2023,DepEd (DCP),46,0,1,Functional,"2 Units TP-LINK routers, 1 unit Silicon Power Armor A60 (5TB capacity)",2026-04-16 05:45:22.055644+00:00
6169,309518,2026-22988,batch 2022-01,2024,DepEd (DCP),46,0,0,Functional,"bag, mouse, charger",2026-04-16 07:49:28.216261+00:00
6273,500489,2026-38537,Batch 2023-01,2024,DepEd (DCP),46,0,1,Functional,,2026-04-17 01:18:34.385214+00:00
7319,312410,2026-32314,BATCH 2018-01,2019,DepEd (DCP),0,50,0,Functional,"20 TABLETS WORKING, THE ROUTER IS DAMAGED, THE LAPTOP HINGED IS DAMAGED ",2026-04-21 06:47:09.908100+00:00
6351,303388,2026-36005,DCP Package 2024 Batch 2024-01: eLearning Cart Package (Lot 9),2024,DepEd (DCP),46,0,1,Functional,"Wirelesss Router - TPLink Archer AX12
External Hard Drive Silicon Power 5TB Armor A62
Flash Drive (Recovery Disk)
",2026-04-17 04:09:19.136126+00:00
6352,303388,2026-36005,DCP Batch 2022-01: eLearning Cart Package,2024,DepEd (DCP),46,0,0,Functional,"Dell WH1022 Sterio Headset
TPLink Archer AX12
Silicon Power SP050TBPHD62LS3k/2.5 5TB Armor A62 BK
AP128GAH25BB-1 Apacer 128GB",2026-04-17 04:09:19.143905+00:00
6430,300180,2026-09310,Batch 44,2025,DepEd (DCP),47,0,0,Functional,,2026-04-17 08:05:20.590040+00:00
6499,300422,2026-10559,DCP BATCH 2019-03,2021,DepEd (DCP),0,50,0,Functional,,2026-04-17 14:30:04.384695+00:00
6500,300422,2026-10559,DCP BATCH 2022-01,2024,DepEd (DCP),92,0,2,Functional,,2026-04-17 14:30:04.391254+00:00
7404,300120,2026-08681,PTR-DCP-19-07-1539,2019,DepEd (DCP),45,0,2,Functional,"Routers -2, Modem -1 ",2026-04-22 01:48:30.246448+00:00
6561,312514,2026-33143,BATCH 2023-1,2024,DepEd (DCP),46,0,1,Functional,"ROUTER, EXTERNAL HARDDRIVE",2026-04-18 08:35:48.971926+00:00
6562,312514,2026-33143,BATCH 2024-1,2024,DepEd (DCP),46,0,1,Functional,"ROUTER, EXTERNAL HARDRIVE, HEADSET",2026-04-18 08:35:48.977476+00:00
6563,312514,2026-33143,Lot 8 Batch 2023-03:Laptop for teaching package,2024,DepEd (DCP),10,0,0,Functional,"CARRYING BAG, MOUSE, HEADSET, FLASH DRIVE",2026-04-18 08:35:48.982381+00:00
6564,312514,2026-33143,Batch 2025-03: Laptop for teaching personnel,2025,DepEd (DCP),5,0,0,Functional,"CARRYING BAG, MOUSE, HEADSET, FLASH DRIVE",2026-04-18 08:35:48.987303+00:00
6737,300704,2026-13472,Batch 2022-01,2024,DepEd (DCP),46,0,0,Functional,,2026-04-20 02:19:32.547476+00:00
6782,303467,2026-38598,DCP 2020 Batch 2022-23,2024,DepEd (DCP),5,0,0,Functional,,2026-04-20 03:28:24.788861+00:00
6783,303467,2026-38598,Batch 2023 (Lot 9),2024,DepEd (DCP),5,0,0,Functional,,2026-04-20 03:28:24.794462+00:00
6784,303467,2026-38598,Batch 2022-01 ELearning Cart,2024,DepEd (DCP),46,0,1,Functional,,2026-04-20 03:28:24.799715+00:00
7464,301300,2026-18850,Batch 2022-01: E Learning Package,2024,DepEd (DCP),46,0,1,Functional,Headphones,2026-04-23 02:02:22.737614+00:00
6863,317908,2026-04009,Batch 42,2020,DepEd (DCP),0,50,0,Functional,,2026-04-20 04:26:35.735446+00:00
6864,317908,2026-04009,Batch 2024,2024,DepEd (DCP),46,0,0,Functional,,2026-04-20 04:26:35.741759+00:00
6865,317908,2026-04009,Batch 2022,2022,DepEd (DCP),0,15,0,Functional,,2026-04-20 04:26:35.747129+00:00
6866,301354,2026-18462,Batch 2019-03: E-Textbooks Lot 3,2019,DepEd (DCP),1,50,0,Functional,"TP-Link Archer C9 Wireless Router, PIXPRO Charging Cart",2026-04-20 04:27:12.150254+00:00
6928,322305,2026-34400,Batch 2022,2024,DepEd (DCP),46,0,0,Functional,,2026-04-20 06:00:29.794082+00:00
7005,500427,2026-19753,Batch  2022,2024,DepEd (DCP),46,0,1,Functional,Router,2026-04-20 07:23:27.710433+00:00
7006,500427,2026-19753,2022,2024,DepEd (DCP),46,0,1,Functional,Routers,2026-04-20 07:23:27.718417+00:00
4053,500355,2026-08729,Batch 1,2024,DepEd (DCP),46,0,1,Functional,,2026-04-14 01:35:06.583568+00:00
4054,322001,2026-33438,Batch 44,2019,DepEd (DCP),0,49,0,Non-Functional,all 50 tablets are no longer functional,2026-04-14 01:35:45.745262+00:00
7184,302308,2026-26804,Batch 2018-01,2019,DepEd (DCP),1,50,0,Functional,"Wireless Router: (LINKSYS EA7500), Wireless Mouse and Mouse Pad (Coby SM364AG ), Headset (Coby CD-128 ac00030)",2026-04-21 01:31:24.493500+00:00
5243,107084,2026-16218,Batch 2019,2019,DepEd (DCP),50,0,0,Non-Functional,,2026-04-15 02:42:05.572248+00:00
5384,340694,2026-06965,Lot 3 E-Textbook,2020,DepEd (DCP),1,50,0,Functional,"Router, Headphones",2026-04-15 04:28:52.407196+00:00
5385,340694,2026-06965,Lot 1 IT Devices and Accessories,2024,DepEd (DCP),21,0,1,Functional,,2026-04-15 04:28:52.413700+00:00
5386,340694,2026-06965,Batch 2023-01 eLearning Cart PAckage,2024,DepEd (DCP),46,0,1,Functional,"router, printer",2026-04-15 04:28:52.419280+00:00
7185,302308,2026-26804,Batch 2022-01,2024,DepEd (DCP),46,0,1,Functional,"TP-Ink Acher Ax12, Silicon Power Armor A60",2026-04-21 01:31:24.499738+00:00
6095,318813,2026-00972,eLearning Cart Package 2024,2024,DepEd (DCP),36,0,1,Functional,"Router, External HD, Recovery Flash Drive",2026-04-16 06:06:25.962500+00:00
5419,301815,2026-23363,BATCH  36,2022,DepEd (DCP),46,0,2,Functional,,2026-04-15 05:01:35.488884+00:00
5535,126821,2026-39421,Batch 29,2016,DepEd (DCP),1,0,0,Functional,"PIXPRO Projector - not working
PIXPRO Speaker - not working",2026-04-15 06:58:30.284336+00:00
5536,126821,2026-39421,Batch 30,2016,DepEd (DCP),1,0,0,Functional,"UPS- Coby (2) - Not working (no power)
Monitor- Coby (12)
Host PC- Coby (2)
Thin Client (12)
LED TV- (1)
AVR- (2)
",2026-04-15 06:58:30.290890+00:00
5537,126821,2026-39421,Batch 40,2018,DepEd (DCP),1,0,0,Functional,"Projector- Pixpro (1)
Speaker – Pixpro (1)
",2026-04-15 06:58:30.296542+00:00
5538,126821,2026-39421,Tablet-004,2023,DepEd (DCP),0,40,0,Functional,"Headphones (40)
Mouse (40)
Tablet Keyboard (40)",2026-04-15 06:58:30.302478+00:00
5734,328001,2026-06821,ELearning Cart,2024,DepEd (DCP),46,0,1,Functional,,2026-04-15 09:37:50.046731+00:00
5553,136485,2026-06930,Batch 2024-01 eLearning Cart Package,2024,DepEd (DCP),46,0,1,Functional,,2026-04-15 07:05:58.287050+00:00
5866,500708,2026-44466,batch 40,2020,DepEd (DCP),0,0,1,Functional,,2026-04-15 15:55:24.964784+00:00
5869,314910,2026-39047,Batch 44,2023,DepEd (DCP),46,40,1,Functional,"External Hard Drive, Wireless Router",2026-04-15 16:13:17.464620+00:00
5974,102981,2026-11140,Batch 1,2024,DepEd (DCP),26,0,0,Functional,"Wireless Router, External hard Drive, Flash Drive",2026-04-16 02:51:16.009915+00:00
5981,300761,2026-13695,Batch 2022,2024,DepEd (DCP),46,0,1,Functional,"Routers, headphones, wireless mouse, flashdrive, external drive",2026-04-16 03:03:41.935083+00:00
6506,304827,2026-04196,Batch 25,2018,DepEd (DCP),25,17,0,Non-Functional,Not all are functional. Some were out of order,2026-04-17 14:46:54.489869+00:00
6565,300584,2026-13024,2019-03 ,2021,DepEd (DCP),1,40,1,Functional,,2026-04-18 08:43:50.679733+00:00
6070,501292,2026-04076,Batch 46,2024,DepEd (DCP),46,39,5,Non-Functional,None,2026-04-16 05:32:47.339640+00:00
6063,301000,2026-15815,2022 -01 E-Learning Cart Package (2024),2022,DepEd (DCP),46,0,1,Functional,,2026-04-16 05:29:46.903554+00:00
6064,301000,2026-15815,2023-01: ELEARNING CART PACKAGE,2024,DepEd (DCP),46,0,1,Functional,,2026-04-16 05:29:46.909843+00:00
6092,321007,2026-08537,eCart Learning Package 2024,2024,DepEd (DCP),46,0,1,Functional,,2026-04-16 06:02:05.297720+00:00
5978,314903,2026-39405,DCP batch 2022- ELC,2024,DepEd (DCP),46,0,1,Functional,"Routers,head phone, charger",2026-04-16 02:57:58.001781+00:00
6170,500010,2026-10672,Batch 2023-01,2024,DepEd (DCP),46,0,0,Functional,,2026-04-16 07:51:45.228895+00:00
6353,304696,2026-02454,Bath,2024,DepEd (DCP),46,0,1,Non-Functional,,2026-04-17 04:11:28.601991+00:00
6354,300431,2026-10687,ecart,2021,DepEd (DCP),1,50,1,Functional,none,2026-04-17 04:12:35.816663+00:00
6617,300239,2026-09180,Batch,2023,DepEd (DCP),48,0,1,Functional,,2026-04-19 06:42:01.158580+00:00
6432,305468,2026-07603,Batch 46,2024,DepEd (DCP),0,0,1,Functional,"Router - 4
Headphones - 35
Adapter - 0",2026-04-17 08:07:10.758540+00:00
6501,125570,2026-21986,Batch 40-1,2018,DepEd (DCP),1,0,0,Non-Functional,,2026-04-17 14:30:08.636230+00:00
6502,125570,2026-21986,DCP-b 2019,2020,DepEd (DCP),1,50,1,Non-Functional,Charging cart,2026-04-17 14:30:08.642396+00:00
6503,125570,2026-21986,Dcp  2020 multimedia package,2024,DepEd (DCP),1,0,1,Functional,Laptop not functional,2026-04-17 14:30:08.647773+00:00
6504,125570,2026-21986,DCP 2023 Laptop for teaching,2024,DepEd (DCP),5,0,0,Functional,,2026-04-17 14:30:08.652785+00:00
6505,125570,2026-21986,mobile Tablet With Digitized Supplementary Reading Materials For Jhs And Shs,2023,Other,0,30,0,Functional,3 tablets are not functional,2026-04-17 14:30:08.657514+00:00
6668,300429,2026-10669,Batch 2022-01,2024,DepEd (DCP),46,0,1,Functional,"Router, Hard Drive",2026-04-20 00:26:31.332256+00:00
6669,300429,2026-10669,Batch 2019-03,2021,DepEd (DCP),1,50,0,Functional,"Tablet Keyboard, Wireless Mouse, Power Adaptor, Headset",2026-04-20 00:26:31.341489+00:00
7010,302313,2026-26936,Batch 2022-01,2024,DepEd (DCP),46,0,1,Functional,with Wireless Router and External HDD,2026-04-20 07:31:20.885351+00:00
6731,322204,2026-33500,2 in 1 Tablet,2018,Other,1,50,0,Functional,,2026-04-20 02:18:24.323853+00:00
6786,306705,2026-16767,DCP Package,2024,DepEd (DCP),46,0,1,Functional,"Headphones, Wireless mouse, HDMI Cable, Media player, Wifi 6 router, Charging cart, 5TB External Drive",2026-04-20 03:29:32.830336+00:00
6824,502383,2026-03883,2023,2023,DepEd (DCP),0,15,0,Functional,,2026-04-20 03:46:05.413787+00:00
6825,502383,2026-03883,Laptop for Teaching,2024,DepEd (DCP),5,0,0,Functional,1 damaged laptop,2026-04-20 03:46:05.419916+00:00
6826,502383,2026-03883,2025 Laptop for Teaching,2025,DepEd (DCP),5,0,0,Functional,,2026-04-20 03:46:05.428706+00:00
6867,304752,2026-02898,BATCH 2024-01,2024,DepEd (DCP),46,0,1,Functional,,2026-04-20 04:32:52.109415+00:00
6931,304739,2026-02772,Batch 44,2024,DepEd (DCP),46,0,1,Functional,,2026-04-20 06:07:27.008419+00:00
6933,302282,2026-26617,BATCH 2024,2024,DepEd (DCP),0,0,1,Functional,,2026-04-20 06:10:10.815502+00:00
6953,302396,2026-27704,Ecart 2024-01,2024,DepEd (DCP),46,0,1,Functional,,2026-04-20 06:22:54.619392+00:00
6954,302396,2026-27704,Ecart 2023-01,2023,DepEd (DCP),46,0,1,Functional,,2026-04-20 06:22:54.626142+00:00
6957,300701,2026-13324,2022-01,2024,DepEd (DCP),46,0,1,Functional,"Headphone, router,wireless mouse, external hard drive",2026-04-20 06:23:19.832742+00:00
7011,302313,2026-26936,Batch 2023-01,2024,DepEd (DCP),5,0,0,Functional,"headphones,mouse,keyboard",2026-04-20 07:31:20.894568+00:00
7068,302388,2026-28042,2022-01,2024,DepEd (DCP),46,0,1,Functional,,2026-04-20 09:17:48.883590+00:00
7069,302388,2026-28042,2023-01 eLEARNING CART PACKAGE,2024,DepEd (DCP),46,0,1,Functional,,2026-04-20 09:17:48.889765+00:00
7077,308019,2026-18384,Beach 43,2024,DepEd (DCP),46,0,1,Functional,,2026-04-20 09:45:51.898354+00:00
4055,301130,2026-17494,batch 2023-03,2024,DepEd (DCP),5,0,0,Functional,"headset, usb flash drive, backpack,",2026-04-14 01:36:02.304280+00:00
4056,301130,2026-17494,batch 2023-01,2024,DepEd (DCP),46,0,1,Functional,"charging cart, router",2026-04-14 01:36:02.312211+00:00
4057,301130,2026-17494,batch 2024-03,2024,DepEd (DCP),5,0,0,Functional,"headset, mouse, backpack, usb",2026-04-14 01:36:02.318209+00:00
5206,501112,2026-29596,Batch 2023-03: Laptop for Teaching,2024,DepEd (DCP),46,0,0,Functional,Complete with mouse and headset,2026-04-15 02:20:30.649216+00:00
5389,500203,2026-30563,2022,2025,DepEd (DCP),56,0,1,Functional,,2026-04-15 04:30:39.784028+00:00
7012,500321,2026-03719,Batch 2024-02,2024,DepEd (DCP),0,0,5,Functional,,2026-04-20 07:33:19.224990+00:00
7186,305607,2026-06804,E-CART LAPTOPS,2024,DepEd (DCP),40,0,0,Functional,,2026-04-21 01:32:27.759717+00:00
7316,303223,2026-34663,Batch 2022-01,2022,DepEd (DCP),46,0,0,Functional,,2026-04-21 06:46:23.846241+00:00
7317,303223,2026-34663,Batch 2023-01,2023,DepEd (DCP),46,0,0,Functional,,2026-04-21 06:46:23.852642+00:00
6081,304680,2026-02440,Batch 41,2018,DepEd (DCP),1,50,2,Non-Functional,DCP batch 41 units are unserviceable already. ,2026-04-16 05:44:12.383000+00:00
5865,302443,2026-28474,Batch 2023-01: eLearning Cart Package,2023,DepEd (DCP),46,0,1,Functional,,2026-04-15 15:43:02.451303+00:00
5867,304008,2026-39860,44,2023,DepEd (DCP),90,0,0,Functional,90 fuctional laptops utilized by the learners of which 45 JHS and 45 SHS,2026-04-15 15:59:49.895125+00:00
5977,306707,2026-13496,Batch 44,2024,DepEd (DCP),45,0,1,Functional,,2026-04-16 02:53:24.559132+00:00
6069,327001,2026-16666,DCP Package Batch 2022-ELC,2022,DepEd (DCP),51,271,11,Functional,,2026-04-16 05:32:41.552673+00:00
7466,301594,2026-04680,Batch 2022-01,2022,DepEd (DCP),46,0,1,Functional,,2026-04-23 02:16:37.885539+00:00
7467,301594,2026-04680,Batch 2022-01,2022,DepEd (DCP),46,0,0,Functional,,2026-04-23 02:16:37.891811+00:00
6171,315305,2026-41385,Batch 2024,2024,DepEd (DCP),46,0,1,Functional,,2026-04-16 07:52:09.410405+00:00
6275,501335,2026-29523,eLearning Cart,2023,DepEd (DCP),46,0,1,Functional,,2026-04-17 01:34:25.349627+00:00
6276,501316,2026-11519,Batch 44,2022,DepEd (DCP),46,10,2,Functional,"Headphones,charger",2026-04-17 01:34:33.997974+00:00
6278,501156,2026-20504,Batch 40,2024,DepEd (DCP),46,0,1,Functional,1 external drive,2026-04-17 01:35:50.888587+00:00
6870,323101,2026-38617,2024,2024,DepEd (DCP),46,0,1,Functional,None,2026-04-20 04:40:23.786198+00:00
6935,301349,2026-19064,Batch 2024,2024,DepEd (DCP),46,0,1,Functional,,2026-04-20 06:11:00.855361+00:00
6355,302412,2026-27872,2018-01:(E-Textbooks) Under FY2018 DepEd Computerization Program (DCP),2018,DepEd (DCP),1,50,0,Functional,,2026-04-17 04:12:41.496894+00:00
6356,302412,2026-27872,Batch 41,2018,DepEd (DCP),2,0,2,Functional,,2026-04-17 04:12:41.504894+00:00
6357,302412,2026-27872,Batch 2024-01,2024,DepEd (DCP),0,0,1,Functional,,2026-04-17 04:12:41.512482+00:00
6936,304809,2026-04142,Batch 36 ,2022,DepEd (DCP),0,50,2,Functional,"2 Routers, 42 headphones",2026-04-20 06:11:21.935893+00:00
6433,300311,2026-09768,Batch 44,2024,DepEd (DCP),46,0,1,Functional,,2026-04-17 08:11:47.746092+00:00
6437,304839,2026-04144,NBPC2368 DCP Batch 2022,2023,DepEd (DCP),46,0,0,Functional,,2026-04-17 08:28:29.237674+00:00
6507,322306,2026-34401,Batch 2024-01 ELEARNING CART PACKAGE,2024,DepEd (DCP),46,0,1,Functional,"Routers, Headphones, Mouse",2026-04-17 17:26:16.005276+00:00
6566,300189,2026-09247,LOT 1: IT PACKAGE (E-TEXTBOOK),2019,DepEd (DCP),1,50,0,Functional,,2026-04-18 10:18:48.889322+00:00
6618,302006,2026-24461,Batch 2022,2024,DepEd (DCP),46,0,1,Functional,"Router, Headphones, Wireless Mouse, Laptop Bags",2026-04-19 06:46:23.739036+00:00
6670,302625,2026-30671,BATCH 23,2023,DepEd (DCP),46,0,1,Functional,"ROUTERS, HEADPHONE",2026-04-20 00:31:20.217576+00:00
6676,305100,2026-00704,2026 laptop,2026,DepEd (DCP),15,15,10,Functional,,2026-04-20 01:00:54.283295+00:00
6732,502061,2026-13477,Batch,2024,LGU / SEF,5,0,0,Functional,"Headphone, wireless mouse",2026-04-20 02:18:41.894981+00:00
6277,308904,2026-04824,DCP 2023 ,2024,DepEd (DCP),46,0,1,Functional,,2026-04-17 01:34:56.142152+00:00
6082,304680,2026-02440,Batch 36Lot8,2018,DepEd (DCP),2,0,0,Non-Functional,"there were 42 sets of desktops,1 printer for this DCP  batch but now unserviceable.",2026-04-16 05:44:12.397697+00:00
6790,305385,2026-07207,BATCH 2023,2023,DepEd (DCP),46,0,5,Functional,,2026-04-20 03:30:59.512726+00:00
6950,301304,2026-18358,2020,2020,DepEd (DCP),1,50,0,Functional,"1 router, 50 head phones",2026-04-20 06:20:01.661866+00:00
7016,302321,2026-26915,BATCH 36,2018,DepEd (DCP),2,0,0,Non-Functional,"UPS,AVR SWITCHES,NETWORKING SW CABLE, PROJECTOR.MULTIMEDIA SPEAKER, EXTERNAL DRIVE, 3 IN 1 MULTI FUNCTION INKJET PRINTER CANON, PIXMAG2010 ARE SERVICEABLE BUT FULLY DEPRECIATED",2026-04-20 07:36:10.376960+00:00
7017,302321,2026-26915,BATCH  2020,2020,DepEd (DCP),2,0,1,Functional,"PIXPRO S511 PORTABLE LOUD SPEAKER WITH LAPEL MIC FULLY DEPRECIATED
",2026-04-20 07:36:10.383110+00:00
7018,302321,2026-26915,BATCH 2022-01,2024,DepEd (DCP),46,0,1,Functional,"TP-LINK ARCHER AX12, TSDI CHARGING CART,SILICON POWER ARMOR A60 IS IN GOOD CONDITION",2026-04-20 07:36:10.388097+00:00
7019,302321,2026-26915,BATCG 2023-03,2024,DepEd (DCP),5,0,0,Functional,"PORTS,KEYBOARD,MOUSDE,TOUCHPAD,POWER ADAPTER,BATTERY ARE IN GOOD CONDITION",2026-04-20 07:36:10.393210+00:00
7076,302339,2026-27095,Batch 2022 ELearning Cart Package,2024,DepEd (DCP),46,0,1,Functional,"Router, Storage cart, External Hard drive, Flash drive (recovery disk) ",2026-04-20 09:42:31.199445+00:00
6083,304680,2026-02440,DCP2018-01 Lot B,2020,DepEd (DCP),1,50,0,Non-Functional,49 units of tablets are approved IIRUP.,2026-04-16 05:44:12.406530+00:00
7405,304024,2026-40079,2022-01,2022,DepEd (DCP),46,0,1,Functional,"router, external hard drive and flash drive",2026-04-22 02:08:37.881638+00:00
6079,303432,2026-35236,DCP2018-01,2019,DepEd (DCP),1,50,0,Non-Functional,"1 pc magneto RWOX(non functional),51 pcs wureless mouse and mouse pad(all non functional), 2 charging storage cart ( non functional), 1 wireless router( non functional)",2026-04-16 05:42:41.593998+00:00
4058,501629,2026-39601,BATCH 2022,2022,DepEd (DCP),46,0,0,Functional,"Mouse with Bluetooth, Headset, Flash Drive, SMART TV, Wireless Router, Charging Cart, External",2026-04-14 01:36:54.636696+00:00
5393,305754,2026-33390,batch,2020,DepEd (DCP),0,50,0,Functional,,2026-04-15 04:33:53.029677+00:00
5210,102682,2026-11179,Laptop for Teaching,2025,DepEd (DCP),5,0,0,Functional,,2026-04-15 02:21:37.696339+00:00
5554,310402,2026-26601,Batch 2023-01,2024,DepEd (DCP),46,0,1,Functional,,2026-04-15 07:07:15.471177+00:00
5540,305892,2026-30654,DepEd DCP E-Learning 2023,2024,DepEd (DCP),46,0,1,Functional,"45 for learners use and 1 for teacher with headphones, charger and mouse (package), 1 usb drive and 2 adaptor.",2026-04-15 07:02:06.258281+00:00
4062,300870,2026-14383,BATCH 2024-01/ELEARNING CART PACKAGE,2024,DepEd (DCP),46,0,1,Functional,"Optical Wireless Mouse, Headset, TP Link Wireless Router, USB Flash Drive, External Hard Drive",2026-04-14 01:39:11.135618+00:00
4063,300870,2026-14383,BATCH 2019-03 LOT 2,2020,DepEd (DCP),1,50,0,Non-Functional,TP Link Wireless Router,2026-04-14 01:39:11.141357+00:00
4064,305532,2026-06631,2022-01 E-LEARNING CART PACKAGE,2024,DepEd (DCP),46,0,1,Functional,,2026-04-14 01:39:17.699728+00:00
4065,502316,2026-01149,BATCH 2023,2024,DepEd (DCP),46,0,1,Functional,,2026-04-14 01:39:20.393043+00:00
4066,307906,2026-18174,23,2024,DepEd (DCP),46,0,1,Functional,,2026-04-14 01:42:38.347744+00:00
4067,307906,2026-18174,DCP,2021,DepEd (DCP),0,52,0,Functional,,2026-04-14 01:42:38.354669+00:00
4069,305978,2026-43722,Batch 2023-01,2024,DepEd (DCP),46,0,1,Functional,"Routers, headphones",2026-04-14 01:46:36.138549+00:00
4070,136581,2026-07042,batch 2024-03,2024,DepEd (DCP),5,0,0,Functional,,2026-04-14 01:47:04.755561+00:00
4071,136581,2026-07042,BATCH 40,2018,DepEd (DCP),1,0,0,Functional,,2026-04-14 01:47:04.762370+00:00
4072,136581,2026-07042,BATCH 29,2016,DepEd (DCP),1,0,0,Functional,,2026-04-14 01:47:04.770870+00:00
4073,136581,2026-07042,BATCH 30,2016,DepEd (DCP),1,0,1,Functional,,2026-04-14 01:47:04.779877+00:00
4074,320604,2026-07550,DCP 2022,2024,DepEd (DCP),46,0,1,Functional,,2026-04-14 01:47:17.932719+00:00
4078,306942,2026-16702,DCP2024,2024,DepEd (DCP),46,0,1,Functional,"2 Modem/Router
2 Charging Cart
",2026-04-14 01:48:31.623471+00:00
4079,136660,2026-07216,Batch 2023-01,2024,DepEd (DCP),46,0,5,Functional,,2026-04-14 01:48:56.184920+00:00
4080,302543,2026-28943,2022-01,2022,DepEd (DCP),46,0,1,Functional,external HDD,2026-04-14 01:49:18.090614+00:00
4081,317202,2026-45720,Batch 2023 01 eLearning Cart Package,2024,DepEd (DCP),46,0,0,Functional,"Routers, Smart TV, Charging Cart, External Hardware ",2026-04-14 01:49:31.887844+00:00
4082,301904,2026-23762,BATCH 2019-03:E-TEXTBOOKS,2021,DepEd (DCP),1,50,0,Non-Functional,"1 ROUTER (UNSERVICEABLE), 2 CHARGING CART (UNSERVICEABLE)",2026-04-14 01:51:19.111175+00:00
4083,301904,2026-23762,BATCH 36 - DESKTOP VIRTUALIZATION DEVICES,2018,DepEd (DCP),42,0,0,Non-Functional,DESKTOP DEVICES WITH 2 PROJECTORS (UNSERVICEABLE),2026-04-14 01:51:19.122300+00:00
4084,301904,2026-23762,DCP BATCH 2022,2024,DepEd (DCP),46,0,0,Functional,WITH 2 ROUTER (FUNCTIONAL) 1 SMART TV (FUNCTIONAL) 2 CHARGING CART (FUNCTIONAL),2026-04-14 01:51:19.127868+00:00
4085,302929,2026-33610,Batch 20,2022,DepEd (DCP),46,0,1,Functional,headphones,2026-04-14 01:52:06.731144+00:00
7187,301581,2026-04878,Batch 2022-01,2024,DepEd (DCP),46,0,1,Functional,"headphones, mouse, external HDD",2026-04-21 01:47:33.126251+00:00
7182,304163,2026-41141,DCP LOT 6,2021,DepEd (DCP),50,0,0,Functional,,2026-04-21 01:21:10.055353+00:00
4089,306829,2026-14289,Batch 2019-03: E-textbooks,2020,DepEd (DCP),1,50,0,Functional,"1 Router
The Tablets are not working.",2026-04-14 01:56:13.613625+00:00
4090,306829,2026-14289,Batch 2022-01:E-Learning Cart Package,2024,DepEd (DCP),46,0,1,Functional,"2 Routers, 1 External Hard Drive, 1 Flash Drive, Headsets, Mouse",2026-04-14 01:56:13.620250+00:00
4091,304524,2026-44424,BATCH 2022-01 E-LEARNING CART PACKAGE,2024,DepEd (DCP),46,0,1,Functional,"2 unit router, 1 unit external hard drive, 1 laptop not functional anymore",2026-04-14 01:57:32.301139+00:00
4092,304524,2026-44424,LOT 1 - INFORMATION TECHNOLOGY DEVICES AND ACCESSORIES,2024,DepEd (DCP),21,0,1,Functional,"I unit printer, 1 laptop stolen with police report",2026-04-14 01:57:32.308930+00:00
7315,501533,2026-15864,BATCH 2023,2024,DepEd (DCP),46,0,0,Functional,,2026-04-21 06:45:56.793266+00:00
7562,305089,2026-00563,2023-01 E-Learning Cart,2023,DepEd (DCP),46,0,1,Functional,,2026-04-24 05:56:50.953812+00:00
4096,130267,2026-44090,12,2022,DepEd (DCP),3,0,3,Functional,N/A,2026-04-14 01:58:51.237884+00:00
4097,312102,2026-30637,Batch,2022,DepEd (DCP),46,0,2,Functional,,2026-04-14 02:00:59.861410+00:00
4098,306402,2026-12798,Batch 44,2018,DepEd (DCP),0,50,0,Functional,All Tablet PCs are not functional,2026-04-14 02:03:20.775543+00:00
4099,302699,2026-30184,DCP,2024,DepEd (DCP),56,0,1,Functional,all laptops are working,2026-04-14 02:06:18.418568+00:00
1768,102452,2026-11216,BATCH 2019,2019,DepEd (DCP),1,50,0,Functional,,2026-04-10 03:33:48.285125+00:00
4104,305682,2026-06481,Batch 2022-01,2024,DepEd (DCP),46,0,1,Functional,"Tp link anker, charging cart",2026-04-14 02:10:46.090782+00:00
4068,306026,2026-35369,DCP BATCH 2024,2024,DepEd (DCP),50,0,1,Functional,,2026-04-14 01:46:00.143463+00:00
4105,501787,2026-22480,BATCH 2022-01,2024,DepEd (DCP),46,0,1,Functional,,2026-04-14 02:11:58.447344+00:00
4106,501787,2026-22480,BATCH 2023-03,2024,DepEd (DCP),5,0,0,Functional,,2026-04-14 02:11:58.454650+00:00
4101,316606,2026-44618,Batch2024,2024,DepEd (DCP),46,0,1,Functional,"46 Headphones, 46 Mouse, 2 modem",2026-04-14 02:09:19.720152+00:00
4107,305846,2026-43306,BATCH 93,2024,DepEd (DCP),46,0,1,Functional,NONE,2026-04-14 02:13:23.737007+00:00
4108,305927,2026-30208,DCP E-CART 2024,2024,DepEd (DCP),46,0,0,Functional,,2026-04-14 02:14:15.245103+00:00
4109,305927,2026-30208,DCP-BATCH 2025-03 LAPTOP FOR TEACHERS (L4T),2025,DepEd (DCP),5,0,0,Functional,5 ADDITIONAL LAPTOPS ONLY,2026-04-14 02:14:15.251418+00:00
4134,301617,2026-05237,2024-01,2024,DepEd (DCP),46,0,1,Functional,,2026-04-14 02:29:41.002867+00:00
4141,312331,2026-31802,Batch 44,2019,DepEd (DCP),1,50,0,Non-Functional,Damaged due to typhoon,2026-04-14 02:34:02.836551+00:00
4095,305254,2026-02118,DCP 2025,2025,DepEd (DCP),46,0,1,Functional,2 WIRELESS ROUTER,2026-04-14 01:58:28.294617+00:00
4075,102571,2026-11233,Laptop for Teaching,2024,DepEd (DCP),5,0,0,Functional,,2026-04-14 01:48:13.108175+00:00
4076,102571,2026-11233,Smart TV Package,2024,DepEd (DCP),0,0,1,Functional,,2026-04-14 01:48:13.114838+00:00
4077,102571,2026-11233,Multimedia Package,2020,DepEd (DCP),1,0,1,Functional,,2026-04-14 01:48:13.120992+00:00
4086,102554,2026-11225,Smart TV Package,2024,DepEd (DCP),0,0,5,Functional,,2026-04-14 01:53:00.058877+00:00
4102,304466,2026-43916,Batch 2022-01 : Learning Cart Package,2024,DepEd (DCP),46,0,1,Functional,"Router, storage cart, external hard drive",2026-04-14 02:09:59.734895+00:00
4103,304466,2026-43916,Batch 2023-03: Laptop for Teaching Package,2024,DepEd (DCP),10,0,0,Functional,"Backpack, wireless mouse, headset",2026-04-14 02:09:59.745101+00:00
4112,304074,2026-40679,DCP BATCH 2022 (ELC),2024,DepEd (DCP),46,0,0,Functional,TWO Storage Cart - ViewTech VLT24,2026-04-14 02:17:15.224809+00:00
4113,304074,2026-40679,DCP BATCH 2018-1,2019,DepEd (DCP),0,50,0,Functional,two -Charging Storage Cart PRIXPRO Charging Station,2026-04-14 02:17:15.231946+00:00
7188,308041,2026-19039,eLearning Cart Package,2024,DepEd (DCP),46,0,1,Functional,,2026-04-21 01:49:59.254023+00:00
5394,500466,2026-26603,DCP 2022,2024,DepEd (DCP),10,46,1,Functional,FUNCTIONAL,2026-04-15 04:36:49.218908+00:00
5555,307014,2026-15801,Batch2023-ELC,2023,DepEd (DCP),46,0,1,Functional,,2026-04-15 07:07:16.995912+00:00
5556,307014,2026-15801,DCP 2022-ELC,2024,DepEd (DCP),46,0,1,Functional,,2026-04-15 07:07:17.001947+00:00
5557,302002,2026-24418,DCP,2024,DepEd (DCP),46,0,2,Functional,,2026-04-15 07:08:11.358965+00:00
5715,302482,2026-28795,Batch 36,2018,DepEd (DCP),0,50,0,Non-Functional,all units are not functional,2026-04-15 09:21:33.150735+00:00
5740,319103,2026-01847,Batch 44,2022,DepEd (DCP),46,0,1,Functional,N/A,2026-04-15 09:45:04.262802+00:00
5741,301880,2026-23391,Batch 2019,2020,DepEd (DCP),0,50,0,Functional,"Optical wireless mouse, TP Link, 2 viewtech v-cart, carrying bag, headset",2026-04-15 09:45:07.449218+00:00
5742,301880,2026-23391,Batch 42,2018,DepEd (DCP),0,0,0,Functional,"12 units Acer Version c4750G (host mini PC), DVD recordable Disc, external DVD-R Optical Drive, 1 Laptop Sling bag, 1 Deepcool Laptop Cooler, 11 Acer USB Optical Mouse with pad, 12 units APC BR900GI UPS, 1 unit LG 55LV340C LED TV W/ remote control, 1 DLink DIR842 Wireless Router",2026-04-15 09:45:07.455902+00:00
5743,301880,2026-23391,Batch 2020,2022,DepEd (DCP),1,0,1,Functional,1 unit ACU-C01 Lapel Speaker,2026-04-15 09:45:07.462084+00:00
5744,301880,2026-23391,Batch 2022,2024,DepEd (DCP),46,0,1,Functional,"2 units Storage Charging Cart, 1 unit Hardrive",2026-04-15 09:45:07.468350+00:00
5745,301880,2026-23391,Batch 2021,2025,DepEd (DCP),5,0,0,Functional,1 unit external hard drive,2026-04-15 09:45:07.474742+00:00
5749,303844,2026-22061,Batch 2024-01,2024,DepEd (DCP),10,0,0,Functional,2 units Charging Carts,2026-04-15 10:04:54.351544+00:00
5868,303392,2026-34934,DCP DR2024-02662 Batch 2022-01,2025,DepEd (DCP),46,0,1,Functional,,2026-04-15 16:06:56.389306+00:00
7308,500738,2026-13120,DCP 2023 E-LEARNING CLASSROOM,2024,DepEd (DCP),46,0,1,Non-Functional,"Router, Mouse, Bag, Headset",2026-04-21 06:27:40.445253+00:00
6071,304002,2026-39995,DCP2024,2024,DepEd (DCP),46,0,1,Functional,"Smart TV, Wireless Router, Charging Cart, External Hard Drive",2026-04-16 05:35:13.367497+00:00
7564,313515,2026-38736,Batch 2022-01: ELEARNING CART PACKAGE ,2024,Other,46,0,1,Functional,,2026-04-24 05:57:18.336527+00:00
7468,301288,2026-18756,Batch 2022,2022,DepEd (DCP),45,0,1,Functional,"Mouse, Charging Cart, Modem, server",2026-04-23 02:22:28.585127+00:00
7563,305089,2026-00563,Batch 2024-01: E-Learning Cart,2024,DepEd (DCP),46,0,0,Functional,,2026-04-24 05:56:50.960703+00:00
6360,300040,2026-08442,Batch 33,2019,DepEd (DCP),1,50,0,Functional,,2026-04-17 04:20:49.836058+00:00
6939,303967,2026-39209,DCP 2018-0,2018,DepEd (DCP),0,50,0,Functional,,2026-04-20 06:15:12.257661+00:00
6362,136516,2026-07089,Batch 29,2016,DepEd (DCP),1,0,0,Functional,"1 projector 
1 Speaker",2026-04-17 04:22:40.212983+00:00
6363,136516,2026-07089,Batch 30,2016,DepEd (DCP),1,0,0,Functional,"2 Prodesk HP
12 NComputing
2 UPS
2 AVR",2026-04-17 04:22:40.220634+00:00
6368,302472,2026-28562,Batch 44,2021,DepEd (DCP),40,0,1,Functional,,2026-04-17 04:32:44.615039+00:00
6434,306008,2026-10593,DCP 2023-eLC,2024,DepEd (DCP),46,0,1,Functional,,2026-04-17 08:22:48.754195+00:00
6435,501729,2026-00564,Batch 2024-01,2024,DepEd (DCP),46,0,1,Functional,,2026-04-17 08:25:20.254504+00:00
6436,501729,2026-00564,Laptop For Teachers,2024,DepEd (DCP),5,0,0,Functional,,2026-04-17 08:25:20.260828+00:00
6508,105881,2026-14771,Bath 2023,2024,DepEd (DCP),36,0,1,Functional,"Mouse, headset",2026-04-17 19:41:21.606727+00:00
6567,301968,2026-24478,eLearning Cart Package,2022,DepEd (DCP),46,0,1,Functional,"Package Includes:
46 Units Laptop
1 Smart TV
2 Routers
2 Charging Carts

4 units have hardware problem (not charging, defective LCD) and was already replaced. ",2026-04-18 12:22:48.436410+00:00
6619,302071,2026-25131,2022-02,2022,DepEd (DCP),46,0,1,Functional,,2026-04-19 07:17:26.085129+00:00
7597,303162,2026-33167,DCP BATCH 2022-01,2024,DepEd (DCP),46,0,1,Functional,"ROUTER - 2
EXTERNAL HARD DRIVE - 1
FLASH DRIVE - 1
STORAGE CART - 2
HEADPHONES - 46
BAGS - 46",2026-04-25 12:16:04.215078+00:00
6671,304673,2026-02390,HAIER LAPTOPS,2022,DepEd (DCP),0,50,0,Functional,"30 ARE FUNCTIONAL 5 ARE RAZED BY FIRE,  15 ARE NOT FUNCTIONAL",2026-04-20 00:35:02.583473+00:00
6672,304673,2026-02390,BATCH 2024-01E LEARNING PACKAGES 1 PACKAGE,2024,DepEd (DCP),46,0,0,Functional,4 ARE NOT FUNCTIONAL,2026-04-20 00:35:02.591334+00:00
6733,502061,2026-13477,Batch,2024,DepEd (DCP),47,0,0,Functional,"Headphone, wireless",2026-04-20 02:18:41.900410+00:00
6811,301286,2026-18260,e learning Cart Package,2019,DepEd (DCP),1,0,1,Functional,,2026-04-20 03:40:11.815711+00:00
6812,301286,2026-18260,e learning Cart Package,2023,DepEd (DCP),46,0,1,Functional,,2026-04-20 03:40:11.822946+00:00
6940,303967,2026-39209,DCP 2019-02,2019,DepEd (DCP),1,50,0,Functional,,2026-04-20 06:15:12.264773+00:00
6941,303967,2026-39209,DCP Batch 2020,2024,DepEd (DCP),45,0,1,Functional,,2026-04-20 06:15:12.275203+00:00
6948,308020,2026-19065,22,2024,DepEd (DCP),46,0,0,Functional,,2026-04-20 06:17:37.529862+00:00
6958,501690,2026-03784,e-Learning Carts,2024,DepEd (DCP),46,0,1,Functional,"Router, Charging Carts and External Hard Drive",2026-04-20 06:24:32.661734+00:00
6959,314105,2026-20761,eLearning Cart Package,2023,DepEd (DCP),101,0,0,Functional,"No headphones,  2 modem routers",2026-04-20 06:24:53.063493+00:00
7078,304859,2026-03781,Batch 20,2017,DepEd (DCP),1,50,1,Functional,,2026-04-20 09:51:27.675203+00:00
4114,300156,2026-09375,Batch 2023-01/E-Learning Cart Package,2024,DepEd (DCP),46,0,1,Functional,,2026-04-14 02:17:59.190565+00:00
5214,306066,2026-32546,Batch 44,2023,DepEd (DCP),46,0,1,Functional,,2026-04-15 02:22:48.992042+00:00
4116,500042,2026-32342,eLearning Cart Package,2019,DepEd (DCP),0,70,0,Functional,,2026-04-14 02:19:00.947737+00:00
4117,501989,2026-44932,Batch 2024,2024,DepEd (DCP),47,0,1,Functional,,2026-04-14 02:19:20.529131+00:00
4118,305240,2026-02127,DCP BATCH 33,2018,DepEd (DCP),2,0,0,Non-Functional,"7 units PRODESK 490 G2 MT, HPV193 LED Backlit Monitor, HP Keyboard and Mouse @ 29, 020.00/unit

42 units Ncomputing M300 (good for 3 connections) 2,755.00/unit

42 Terminal access HP V1938 LED backlit, Monitor and HP keyboard and mouse and Logitech Headset @ 5620.00/unit

7 units UPS - Emerson 1000VA @ 5,187.00/unit

7 units AVR SVC 1000 @ 2,754.00/unit

4 units TP Link TL-SG1016D Switch @ 2,681.00/unit

7 units Netwroking peripherals @ 8,485.00/unit

1 unit Edifier M1370 Speaker @ 1349.00/unit

2 units HP 240 G4 Laptop, optical mouse and USB Laptop Cooler w/ laptop bag with sling @ 22,586.00/ unit

2 units EPSON EB-X04 Projector; 70 x 70 
Projector screen @ 26,855.00/unit

Liteon Ebau108 External HD",2026-04-14 02:20:49.462274+00:00
4119,305240,2026-02127,DCP Batch 2018-01,2019,DepEd (DCP),1,50,0,Non-Functional,"2 units CHARGING/Storage Car: PIXPRO @ 24139.88/unit

Wireless Router: LINKSYS EA7500 @ 2251.55/unit",2026-04-14 02:20:49.470605+00:00
4120,305240,2026-02127,DCP Batch 2020,2021,DepEd (DCP),4,0,0,Functional,,2026-04-14 02:20:49.475712+00:00
4121,305240,2026-02127,DCP Batch 2022-01,2022,DepEd (DCP),46,0,1,Functional,"Router: TP-LINK Archr AX12

Storage Cart: CDG-B1

External HD: Silicon Power Armor A62",2026-04-14 02:20:49.482181+00:00
7189,302316,2026-27009,2022-01,2024,DepEd (DCP),46,0,1,Functional,,2026-04-21 01:57:44.118294+00:00
4123,320504,2026-07530,2024-01,2024,DepEd (DCP),46,0,1,Functional,,2026-04-14 02:22:25.935603+00:00
4125,302654,2026-29941,BATCH 2022-01,2022,DepEd (DCP),46,0,1,Functional,2 ROUTERS AND 2 CHARGING CART,2026-04-14 02:23:09.676014+00:00
4126,129441,2026-42640,DOST,2024,Other,0,0,0,Functional,none,2026-04-14 02:23:24.741226+00:00
4127,304243,2026-41954,BATCH 2022-01: ELEARNING CART PACKAGE,2025,DepEd (DCP),46,0,1,Functional,,2026-04-14 02:23:38.447423+00:00
4128,318803,2026-00826,IT equipment,2019,DepEd (DCP),0,0,0,Functional,,2026-04-14 02:26:06.258355+00:00
4140,303013,2026-32227,Batch 2022-01,2024,DepEd (DCP),46,0,1,Functional,"Routers, Headset, USB Flash Drive and Lacie STJJ5000400 Rugged Mini 5TB, Acer Optical Wireless Mouse w/ Bluetooth with Mouse pad",2026-04-14 02:32:09.087264+00:00
4130,107921,2026-16806,Profuturo,2019,Private Donor / NGO,0,50,0,Functional,,2026-04-14 02:28:02.712501+00:00
4131,302207,2026-26085,BATCH 2024-01,2024,DepEd (DCP),45,0,1,Functional,,2026-04-14 02:28:40.788306+00:00
4132,314901,2026-39285,Batch 41,2018,DepEd (DCP),0,50,0,Functional,,2026-04-14 02:29:31.463949+00:00
4133,314901,2026-39285,Batch 44,2018,DepEd (DCP),0,50,0,Functional,,2026-04-14 02:29:31.469848+00:00
4153,300221,2026-09230,Batch 2023-01,2023,DepEd (DCP),50,0,2,Functional,"2 routers, 50 mouse/ mouse pad, 2 TV leg stand, 2 remote control with battery, 50 laptop bag",2026-04-14 02:37:13.275654+00:00
4136,302473,2026-28691,Batch 2019,2020,DepEd (DCP),51,0,1,Functional,"Router, Headphones, DVD/CD Writer, Printer, Mouse",2026-04-14 02:30:44.949061+00:00
4137,302473,2026-28691,Batch 2023,2024,DepEd (DCP),46,0,1,Functional,"Routers, Headphones, External HDD, Flash Drive recovery, Mouse",2026-04-14 02:30:44.958332+00:00
4138,312916,2026-34666,Batch 2025,2024,DepEd (DCP),46,0,1,Functional,"2 TP Link Routers, 1 External Storage Device, 46 Bags, 46 Wireless Mouse, 46 Headset and 2 Charging Carts",2026-04-14 02:31:10.519510+00:00
5544,303401,2026-34983,Batch 23 ,2024,DepEd (DCP),46,0,1,Functional,"External Hard Drive, USB Flash Drive, Modern/Router, Mouse and Headset with Microphone",2026-04-15 07:03:43.520683+00:00
4142,136403,2026-02193,2022,2023,DepEd (DCP),45,0,1,Functional,,2026-04-14 02:34:39.198554+00:00
4143,500453,2026-39807,DCP,2023,DepEd (DCP),46,0,0,Functional,,2026-04-14 02:34:40.084781+00:00
4145,305862,2026-35006,DCP 2023-BATCH 01,2025,DepEd (DCP),46,0,1,Functional,"Laptop Bag, Headphones, Wireless Mouse and Mouse Pad",2026-04-14 02:35:48.824665+00:00
4146,301660,2026-05927,DCP BATCH 36,2018,DepEd (DCP),0,0,0,Non-Functional,NOT FUNCTIONAL NEED REPAIR,2026-04-14 02:35:49.035450+00:00
4147,301660,2026-05927,DCP BATCH 38,2021,DepEd (DCP),0,0,0,Non-Functional,14 FUNCTIONAL                                                                 37 NOT FUNCTIONAL,2026-04-14 02:35:49.043218+00:00
4148,301660,2026-05927,LOT # 4 E-TEXBOOK,2019,DepEd (DCP),0,40,0,Non-Functional,MOST OF THE UNITS ARE NOT FUNCTIONAL                           THE LCD ARE BROKEN,2026-04-14 02:35:49.049411+00:00
4149,301660,2026-05927,DCP MEDICAL TRANSCRIPTION,2019,DepEd (DCP),25,0,0,Non-Functional,24 FUNCTIONAL                                                                              1 NOT FUNCTIONAL,2026-04-14 02:35:49.054670+00:00
4150,305517,2026-42644,Batch 2022,2024,DepEd (DCP),46,0,1,Functional,,2026-04-14 02:35:55.387698+00:00
4151,325504,2026-38869,Batch 2018-01,2018,DepEd (DCP),0,50,0,Non-Functional,For disposal,2026-04-14 02:36:42.627509+00:00
4152,325504,2026-38869,Batch 2022-01,2022,DepEd (DCP),46,0,0,Functional,,2026-04-14 02:36:42.637129+00:00
5545,303401,2026-34983,Batch 2024,2024,DepEd (DCP),46,0,1,Functional,"External Hard Drive, USB Flash Drive, Modern/Router, Mouse and Headset with Microphone. ",2026-04-15 07:03:43.527159+00:00
4155,303799,2026-21438,FY 2022 eLC,2022,DepEd (DCP),46,0,1,Functional,"Storage/charging carts
2 wireless router
Smart tv
Printer ",2026-04-14 02:39:50.807998+00:00
5546,303401,2026-34983,Batch 41,2018,DepEd (DCP),1,50,0,Functional,"Printer, Host Mini PC, UPS, Mouse, Mouse Pad, Cooler, Wireless Router, Monitor, Keyboard and Mouse. ",2026-04-15 07:03:43.532259+00:00
4157,305626,2026-04855,E-Learning Cart Package,2024,DepEd (DCP),46,0,1,Functional,"Wireless Router, External Hardrive, Headset, mouse",2026-04-14 02:42:28.094206+00:00
4158,305626,2026-04855,Laptop for Teaching,2024,DepEd (DCP),5,0,0,Functional,"Headphone, mouse",2026-04-14 02:42:28.100627+00:00
4159,303483,2026-36410,Batch 2022-01,2024,DepEd (DCP),46,0,1,Functional,"Router, Storage Cart, Hard Drive, Flash Drive",2026-04-14 02:43:01.831688+00:00
1134,300506,2026-11371,DCP 2022,2022,DepEd (DCP),46,0,1,Functional,"Routers, Storage",2026-04-09 00:51:36.036103+00:00
4162,107062,2026-16186,G4-G6 ICT Package,2019,DepEd (DCP),1,50,1,Functional,,2026-04-14 02:46:28.459269+00:00
4163,304335,2026-42461,Batch 44,2023,DepEd (DCP),46,0,1,Functional,2 router external hardrive 1,2026-04-14 02:47:17.689921+00:00
4184,502350,2026-41331,Batch 2022-01 Learning Cart Package,2024,DepEd (DCP),46,0,5,Functional,"Headphone, Mouse",2026-04-14 02:58:03.204070+00:00
2403,301765,2026-06462,Batch 2023-01,2024,DepEd (DCP),46,0,1,Functional,,2026-04-10 09:56:20.350820+00:00
4124,303083,2026-32011,2022-01,2024,DepEd (DCP),56,7,1,Functional,,2026-04-14 02:22:46.949809+00:00
4160,501499,2026-29386,E- LEARNING PACKAGE,2024,DepEd (DCP),46,0,1,Functional,"2 CHARGING CARTS
2 ROUTER
1 EXT. DRIVE",2026-04-14 02:43:56.559992+00:00
4164,304237,2026-42000,FY 2023 ELEARNING CART,2025,DepEd (DCP),46,0,1,Functional,,2026-04-14 02:47:19.784845+00:00
7190,317905,2026-03845,E-Textbooks 2018-01,2020,DepEd (DCP),1,50,0,Functional,Wireless Router,2026-04-21 01:59:45.200035+00:00
5397,300484,2026-11201,Batch 2023-01,2024,DepEd (DCP),46,0,1,Functional,"Package include 2 router, 1 external drive, 2 charging cart, 1 flas drive",2026-04-15 04:41:02.659671+00:00
4167,303480,2026-36364,DCP 22,2022,DepEd (DCP),46,0,1,Functional,"Routers, Headset, External Hard Drive, Flash Drive",2026-04-14 02:48:44.128416+00:00
4168,300973,2026-15392,Batch 36,2024,DepEd (DCP),46,0,1,Functional,"Backpack, Wireless Mouse, Headphone, USB Recovery Flash Drive, TV Mount, HDMI Cable, Media Player, TP-Link Archer router, External Drive",2026-04-14 02:48:52.381629+00:00
4169,305975,2026-07354,TNE LT CART 24AC CHARGING CART,2024,DepEd (DCP),46,0,0,Functional,with complete charger,2026-04-14 02:51:45.298205+00:00
4170,302062,2026-24089,Batch 2022,2024,DepEd (DCP),46,0,1,Functional,"Router, mouse, headphones",2026-04-14 02:52:09.530881+00:00
4171,302062,2026-24089,Batch 2024,2024,DepEd (DCP),46,0,1,Functional,"Routers, Headphones, mouse",2026-04-14 02:52:09.537564+00:00
4172,302559,2026-29217,IT Package,2019,DepEd (DCP),1,50,0,Functional,,2026-04-14 02:52:25.706865+00:00
4173,302559,2026-29217,Batch 22,2024,DepEd (DCP),46,0,1,Functional,"TP Link Archer AX12, Silicon Power Armor A60",2026-04-14 02:52:25.713716+00:00
4174,311018,2026-28767,2022-01,2024,DepEd (DCP),46,0,1,Functional,"Charging carts, Wireless Router, External HDD",2026-04-14 02:53:12.379132+00:00
4175,130348,2026-44137,42,2018,DepEd (DCP),1,45,0,Functional,,2026-04-14 02:53:47.234421+00:00
4176,500490,2026-38538,Batch 2022-01,2024,DepEd (DCP),46,0,1,Functional,"Routers, mouse, headsets",2026-04-14 02:53:51.413701+00:00
4177,115389,2026-27663,Batch 2023,2023,DepEd (DCP),4,0,0,Functional,Headphones ,2026-04-14 02:54:15.598330+00:00
4178,115389,2026-27663,Laptop for teaching ,2024,DepEd (DCP),5,0,0,Functional,,2026-04-14 02:54:15.604924+00:00
4179,115389,2026-27663,SMART TV,2025,DepEd (DCP),0,0,5,Functional,,2026-04-14 02:54:15.611109+00:00
5547,303401,2026-34983,DCP 2018,2019,DepEd (DCP),1,50,0,Functional,Wireless Router,2026-04-15 07:03:43.538305+00:00
4186,307809,2026-17882,1,2024,DepEd (DCP),46,0,1,Functional,"Routers, HDD, Smart TV",2026-04-14 03:01:10.905462+00:00
4192,301638,2026-05239,Batch 33,2020,DepEd (DCP),2,0,0,Non-Functional,,2026-04-14 03:05:20.726105+00:00
4193,301638,2026-05239,Batch 36,2019,DepEd (DCP),2,0,0,Non-Functional,,2026-04-14 03:05:20.732134+00:00
7191,317905,2026-03845,E-Learning Cart Package Batch 2023-01,2024,DepEd (DCP),46,0,1,Functional,Wireless Router and External Hard Drive,2026-04-21 01:59:45.208354+00:00
5752,303030,2026-32854,Batch 2018-1 (E-TB),2018,DepEd (DCP),0,50,0,Functional,,2026-04-15 10:21:23.687260+00:00
6622,313398,2026-34936,DCP,2022,DepEd (DCP),46,0,1,Functional,"EXTERNAL HARD DRIVE, 2PCS STORAGE CART, 2PCS ROUTER",2026-04-19 07:26:50.174129+00:00
6623,313398,2026-34936,DCP,2024,DepEd (DCP),5,0,0,Functional,"1PC FLASH DRIVE,",2026-04-19 07:26:50.180011+00:00
6625,300872,2026-15065,batch 2020,2020,DepEd (DCP),1,50,0,Functional,,2026-04-19 07:49:40.664830+00:00
5870,104844,2026-13624,2021,2021,DepEd (DCP),5,0,0,Functional,Hard Drives,2026-04-15 16:30:40.312431+00:00
5983,302178,2026-25594,BATCH 36,2018,DepEd (DCP),2,0,0,Non-Functional,,2026-04-16 03:07:32.809626+00:00
5984,302178,2026-25594,BATCH 41,2018,DepEd (DCP),1,50,1,Non-Functional,,2026-04-16 03:07:32.815546+00:00
5985,302178,2026-25594,BATCH 2019,2020,DepEd (DCP),1,50,0,Non-Functional,,2026-04-16 03:07:32.821328+00:00
5986,302178,2026-25594,BATCH 2020,2023,DepEd (DCP),1,0,1,Non-Functional,,2026-04-16 03:07:32.827541+00:00
5987,302178,2026-25594,BATCH 2022,2024,DepEd (DCP),46,0,1,Functional,,2026-04-16 03:07:32.837665+00:00
5988,302595,2026-30690,Batch,2025,DepEd (DCP),53,0,0,Functional,,2026-04-16 03:08:43.331151+00:00
5997,305121,2026-00847,2022-01,2024,DepEd (DCP),46,0,1,Functional,"Router - TP-LINK Archer AX12 , External Hard Drive - SILICON Power Armor A62 , Flash Drive (Recovery Disk)",2026-04-16 03:24:37.544658+00:00
6072,501586,2026-10986,Batch 44,2024,DepEd (DCP),46,0,1,Functional,,2026-04-16 05:37:15.073932+00:00
6365,500746,2026-38840,Batch 23 ,2023,DepEd (DCP),46,0,4,Functional,"Routers, head sets mouse ",2026-04-17 04:29:28.270279+00:00
6175,302947,2026-32176,BATCH 2018-1 (E-TB),2018,DepEd (DCP),0,50,0,Non-Functional,,2026-04-16 08:02:10.664284+00:00
6872,308045,2026-19115,BATCH 34,2024,DepEd (DCP),46,0,0,Functional,,2026-04-20 04:41:08.382788+00:00
6076,302442,2026-28715,Batch 2022-01,2024,DepEd (DCP),46,0,1,Functional,"Router, External Hard Drive, Flash Drive",2026-04-16 05:38:12.732705+00:00
6281,502097,2026-08445,Batch 2022-01,2024,DepEd (DCP),46,0,1,Functional,,2026-04-17 01:44:48.838396+00:00
6296,501400,2026-40974,Batch 2022-01,2024,DepEd (DCP),0,0,0,Functional,,2026-04-17 02:29:31.344550+00:00
6361,315506,2026-40973,Dcp- batch 2023-01 ( pixpro chargestation Max CSTN- 25 MX Cart,2024,DepEd (DCP),46,0,1,Functional,"2 Routers
46 head set
46 mouse
",2026-04-17 04:21:17.673434+00:00
6439,501866,2026-40216,Batch 2022-01,2024,DepEd (DCP),46,0,1,Functional,,2026-04-17 08:31:22.190403+00:00
6443,301946,2026-24571,DCP-Batch 2024-02,2024,DepEd (DCP),46,0,1,Functional,15 laptops are no longer functional,2026-04-17 08:48:50.080928+00:00
5709,300906,2026-14860,Batch 2022-02: Elearning Cart  Package,2022,DepEd (DCP),46,0,1,Functional,"Router, headset and wireless mouse",2026-04-15 09:17:53.713730+00:00
4180,304321,2026-42573,Batch 41,2018,DepEd (DCP),0,50,0,Functional,There are 30 units unserviceable,2026-04-14 02:55:29.245724+00:00
4181,304321,2026-42573,Batch Lot 7:E TEXTBOOKS,2019,DepEd (DCP),0,50,0,Functional,"39 Functional
1 missing
10 unserviceable",2026-04-14 02:55:29.251720+00:00
4182,304321,2026-42573,LAPTOP HAIER BYM45-21311,2024,DepEd (DCP),46,0,0,Functional,,2026-04-14 02:55:29.258171+00:00
6675,302389,2026-28150,DEPED DCP,2025,DepEd (DCP),46,50,1,Functional,"20 LAPTOPS NEED MINOR REPAIR, 50 TABLETS TOTALLY DAMAGED, 50 DESKTOPS TOTALLY DAMAGED",2026-04-20 01:00:11.136231+00:00
6734,302333,2026-26856,Batch 41,2018,DepEd (DCP),1,50,0,Functional,,2026-04-20 02:19:06.896720+00:00
6735,302333,2026-26856,Batch 2018-1,2018,DepEd (DCP),0,50,0,Functional,,2026-04-20 02:19:06.902872+00:00
6736,302333,2026-26856,Batch 2023-1,2023,DepEd (DCP),46,0,1,Functional,,2026-04-20 02:19:06.908527+00:00
6800,317903,2026-03922,2019-Batch36-006,2019,DepEd (DCP),46,0,1,Functional,,2026-04-20 03:35:58.063286+00:00
6801,317903,2026-03922,BATCH 2022-01-01,2022,DepEd (DCP),46,0,1,Functional,,2026-04-20 03:35:58.073106+00:00
6947,304136,2026-40946,38,2021,DepEd (DCP),50,0,1,Functional,"Router, Headphones, AVR",2026-04-20 06:16:43.109866+00:00
7020,304741,2026-02709,Batch 2023-01: eLearning Cart Package,2024,DepEd (DCP),46,0,1,Functional,"2 unit Routers
1 unit HDD
2 unit Charge Station",2026-04-20 07:44:25.776313+00:00
7085,300491,2026-11105,Batch 2022-01,2024,DepEd (DCP),46,0,1,Functional,Router,2026-04-20 10:08:47.890871+00:00
4185,119345,2026-33430,BATCH 1,2019,DepEd (DCP),1,38,1,Functional,"carrying bag, external DVD writer, TP link router, V cart, printer, wireless mouse",2026-04-14 03:00:06.788341+00:00
4187,112990,2026-24639,DEPED ACER,2024,DepEd (DCP),2,0,0,Functional,,2026-04-14 03:02:31.865767+00:00
4188,301960,2026-23817,01,2022,DepEd (DCP),55,0,2,Functional,1 unit of laptop non-functional,2026-04-14 03:03:08.002431+00:00
4206,303883,2026-22469,Lot 6 IT Package Etextbook,2020,DepEd (DCP),1,23,0,Functional,,2026-04-14 03:14:47.935143+00:00
4207,303883,2026-22469,DepEd TVL Lot 3 (Mindanao) TVL Tools and Equipment,2019,DepEd (DCP),0,0,0,Functional,"15 units Desktop in good condition and 10 units unserviceable
1 unit printer unserviceable",2026-04-14 03:14:47.941148+00:00
4208,303883,2026-22469,Batch 2019-02 JHS/SHS ICT Package Lot 6,2021,DepEd (DCP),51,0,1,Functional,,2026-04-14 03:14:47.946975+00:00
4209,303883,2026-22469,DCP 2023/03 laptop for teaching,2024,DepEd (DCP),10,0,0,Functional,,2026-04-14 03:14:47.951660+00:00
4210,303883,2026-22469,Batch 2023-01 eLearning cart package,2025,DepEd (DCP),46,0,1,Functional,,2026-04-14 03:14:47.956741+00:00
6444,304336,2026-42509,DCP2022-01-E-LEARNING CART,2022,DepEd (DCP),45,0,1,Functional,2 Routers,2026-04-17 09:03:48.603662+00:00
6445,304336,2026-42509,DCP2023-01-E-LEARNING CART,2024,DepEd (DCP),45,0,1,Functional,Routers,2026-04-17 09:03:48.610536+00:00
5548,305453,2026-06818,Batch 2022-01,2024,DepEd (DCP),46,0,1,Functional,"includes 
charging carts (2)
external hdd (1)
wireless router (1)
laptop bags (46)
accessories (46)
flash drive (1)",2026-04-15 07:04:02.960545+00:00
5549,305453,2026-06818,Batch 2023-01,2024,DepEd (DCP),46,0,1,Functional,"includes:
charging carts (2)
external hdd (1)
wireless router (1)
flash drive (1)
laptop bags (46)
accessories (46)",2026-04-15 07:04:02.966371+00:00
7193,304588,2026-45171,DCP Package,2024,DepEd (DCP),46,0,0,Functional,,2026-04-21 02:07:22.520944+00:00
6509,324405,2026-04198,Batch 44,2024,DepEd (DCP),40,0,0,Functional,,2026-04-17 22:12:15.768499+00:00
6569,306181,2026-34905,Batch 56,2024,DepEd (DCP),46,0,0,Functional,Heaphones,2026-04-18 13:20:49.591597+00:00
6624,501869,2026-40245,E-205,2024,DepEd (DCP),46,0,0,Functional,,2026-04-19 07:39:28.726472+00:00
5754,305173,2026-01474,Batch 2018,2018,DepEd (DCP),1,50,2,Functional,Routers,2026-04-15 10:36:00.158396+00:00
5755,305173,2026-01474,Batch 2022-01,2024,DepEd (DCP),46,0,1,Functional,"Router, External Drive",2026-04-15 10:36:00.167341+00:00
5756,305173,2026-01474,Batch 2023-01,2024,DepEd (DCP),46,0,1,Functional,"Router, External Hard Drive",2026-04-15 10:36:00.174191+00:00
6626,340131,2026-01718,41,2023,DepEd (DCP),41,0,3,Functional,Headphoges,2026-04-19 07:55:53.076151+00:00
7194,304588,2026-45171,2019 Tablet,2019,DepEd (DCP),0,20,0,Non-Functional,,2026-04-21 02:07:22.526963+00:00
7192,300642,2026-12279,DCP2023-ELC-CL2-SV-0120,2023,DepEd (DCP),46,0,0,Functional,"Headphones, mouse, bag, charger",2026-04-21 02:07:21.355069+00:00
7322,500641,2026-27013,2023-01: eLEARNING CART PACKAGE,2024,DepEd (DCP),46,0,1,Functional,,2026-04-21 07:00:30.121624+00:00
5217,126863,2026-41308,Batch 40,2018,DepEd (DCP),1,0,0,Non-Functional,"Projector, Soundblaster Speaker, Mouse, Sling Bag",2026-04-15 02:24:09.484145+00:00
5218,126863,2026-41308,DCP for Learners with Disabilities 2024,2024,DepEd (DCP),8,0,0,Functional,"backpack, mouse, headphones, Flashdrives",2026-04-15 02:24:09.494577+00:00
5219,126863,2026-41308,DCP 2023,2023,DepEd (DCP),0,0,5,Functional,Hard Drives,2026-04-15 02:24:09.506193+00:00
5220,126863,2026-41308,DCP BATCH 2024-03 LAPTOP FOR TEACHING,2024,DepEd (DCP),5,0,0,Functional,"Mouse, headsets, chargers, bag",2026-04-15 02:24:09.511578+00:00
5871,304642,2026-45541,batch 24,2024,DepEd (DCP),76,40,0,Functional,,2026-04-15 17:23:28.020586+00:00
5989,305810,2026-14044,Batch 2023-01,2024,DepEd (DCP),46,0,1,Functional,"2 units wireless router: tenda RX
1 unit external Hard Drive",2026-04-16 03:11:44.987860+00:00
6073,311031,2026-29163,DCP 2020: Multimedia Package,2022,DepEd (DCP),1,0,1,Non-Functional,Includes portable speaker with lapel mic,2026-04-16 05:37:56.067209+00:00
6074,311031,2026-29163,2018-01: (Etextbook) under Fy2018 DepED Computerization Program (DCP),2019,DepEd (DCP),1,50,0,Functional,includes wireless router,2026-04-16 05:37:56.072982+00:00
6075,311031,2026-29163,Batch 44,2018,DepEd (DCP),0,50,1,Functional,,2026-04-16 05:37:56.080433+00:00
6174,300357,2026-09899,eLearning Cart Package,2024,DepEd (DCP),46,0,0,Functional,"Routers, Headsets, mouse, bags",2026-04-16 08:01:52.823937+00:00
7406,308046,2026-18960,Batch 2022-01,2024,DepEd (DCP),46,0,0,Functional,,2026-04-22 02:49:24.552187+00:00
6364,502525,2026-10595,Batch ,2024,DepEd (DCP),46,0,1,Functional,"Routers, Projector Screen",2026-04-17 04:23:05.917703+00:00
1034,300457,2026-10941,eCart package,2023,DepEd (DCP),46,0,0,Functional,,2026-04-08 12:54:48.919067+00:00
7469,321208,2026-09880,DCPIP package etextbook,2019,DepEd (DCP),0,50,0,Functional,"Routers, Adapters, Laptop",2026-04-23 02:43:21.824588+00:00
7082,300626,2026-12294,Batch,2025,DepEd (DCP),46,0,1,Functional,,2026-04-20 10:04:00.689376+00:00
7470,321208,2026-09880,DCP batch 2022-01,2024,DepEd (DCP),46,0,1,Functional,"Routers, headphones, adapters, external hard drive",2026-04-23 02:43:21.833433+00:00
6738,302385,2026-27727,DCP Batch 2022-01; e-learning Cart Package,2024,DepEd (DCP),46,0,1,Functional,"TP-Link Archer AX12 (2 units), Charging Cart (2 units)",2026-04-20 02:28:19.511694+00:00
6803,500582,2026-03907,41,2018,DepEd (DCP),1,1,1,Non-Functional,,2026-04-20 03:38:58.660061+00:00
2581,301897,2026-23504,E LEARNING PACKAGE (ELC),2024,DepEd (DCP),46,0,0,Functional,"2 routers, 2 charging station both functional",2026-04-10 14:21:55.005312+00:00
6949,305199,2026-01697,Batch 2024-01 eLearning Package,2024,DepEd (DCP),46,0,1,Functional,,2026-04-20 06:18:28.325546+00:00
6951,304877,2026-03699,2022-01,2022,DepEd (DCP),46,0,1,Functional,"Headset, mouse, external hard drive",2026-04-20 06:20:59.613918+00:00
6952,304877,2026-03699,2024-01,2024,DepEd (DCP),46,0,1,Functional,"Router, headset, mouse",2026-04-20 06:20:59.619963+00:00
6956,301318,2026-18448,Batch 2023,2023,DepEd (DCP),40,0,1,Functional,,2026-04-20 06:23:02.966125+00:00
7021,305357,2026-07066,DCP batch 2024,2024,DepEd (DCP),46,0,1,Functional,,2026-04-20 07:45:00.387639+00:00
7080,136588,2026-07098,DCP 2024 BATCH 2024-02,2024,DepEd (DCP),0,0,5,Functional,,2026-04-20 09:54:49.659240+00:00
7083,302639,2026-30798,Batch 38,2017,DepEd (DCP),0,25,0,Functional,,2026-04-20 10:05:29.128383+00:00
7084,501581,2026-38947,Batch 44,2024,DepEd (DCP),51,0,1,Functional,Headphones ,2026-04-20 10:07:13.968663+00:00
7565,500751,2026-13168,DCP Package Batch 2024,2024,DepEd (DCP),46,0,0,Functional,,2026-04-24 06:08:42.071231+00:00
5173,303684,2026-20380,Batch 2023-01 eLearning Cart Package,2023,DepEd (DCP),46,0,1,Functional,"TP Link, Silicon Power Armor A60 5TB",2026-04-15 01:36:50.106549+00:00
5174,303684,2026-20380,Batch 2024-01 eLearning Cart Package,2024,DepEd (DCP),46,0,1,Functional,"TP Link, Silicon Power Armor A60 5TB",2026-04-15 01:36:50.113315+00:00
4189,108473,2026-20050,Batch 2023-01,2024,DepEd (DCP),46,0,1,Functional,,2026-04-14 03:03:19.313531+00:00
4190,108473,2026-20050,Batch 2023-03,2024,DepEd (DCP),5,0,0,Functional,"Backpack, headset, mouse, USB flash recovery drive.",2026-04-14 03:03:19.319968+00:00
4191,304412,2026-44303,BATCH 2024-01,2024,DepEd (DCP),46,0,1,Functional,External Hard Drive,2026-04-14 03:04:44.546616+00:00
4018,303878,2026-22444,Batch 2023-01,2023,DepEd (DCP),46,0,1,Functional," 2 routers, external hard drive",2026-04-14 01:10:53.131099+00:00
4195,301447,2026-19298,Batch 2022,2024,DepEd (DCP),0,46,1,Functional,46,2026-04-14 03:06:52.893943+00:00
4196,303384,2026-35779,DCP PACKAGE,2024,DepEd (DCP),46,0,1,Functional,,2026-04-14 03:09:48.063905+00:00
4198,501971,2026-02243,Batch 2023-01,2023,DepEd (DCP),0,0,0,Functional,"Headphone, Mouse, Charger",2026-04-14 03:11:07.521362+00:00
4199,319711,2026-07213,Lot 3 2018-01,2018,DepEd (DCP),0,50,0,Non-Functional,Tablets no longer functional,2026-04-14 03:11:09.135826+00:00
4200,319711,2026-07213,Lot 5 2023-003 and 016,2023,DepEd (DCP),46,0,1,Functional,5 laptops no longer functional,2026-04-14 03:11:09.143912+00:00
4202,303376,2026-35348,Batch - 2023-01,2024,DepEd (DCP),46,0,1,Functional,"Routers, Headset, mousekeyboard",2026-04-14 03:12:05.451966+00:00
4203,313342,2026-34907,ELEARNING CART PACKAGE BATCH 2022,2025,DepEd (DCP),46,0,1,Functional,,2026-04-14 03:13:08.962434+00:00
4211,305881,2026-23897,B-103,2024,DepEd (DCP),51,0,6,Functional,,2026-04-14 03:14:59.879653+00:00
4215,316713,2026-44916,e-Learning Cart Package,2024,DepEd (DCP),46,0,0,Functional,,2026-04-14 03:18:22.480772+00:00
4216,316713,2026-44916,e-Learning Cart Package,2024,DepEd (DCP),46,0,0,Functional,,2026-04-14 03:18:22.490501+00:00
4219,109327,2026-19910,Batch 26,2016,DepEd (DCP),1,0,0,Non-Functional,,2026-04-14 03:19:37.273887+00:00
4220,109327,2026-19910,Batch 26,2016,DepEd (DCP),1,0,0,Non-Functional,,2026-04-14 03:19:37.280427+00:00
4221,109327,2026-19910,Batch 30,2016,DepEd (DCP),1,0,0,Non-Functional,,2026-04-14 03:19:37.286721+00:00
4222,109327,2026-19910,Batch 32,2016,DepEd (DCP),1,10,0,Non-Functional,,2026-04-14 03:19:37.292813+00:00
4223,109327,2026-19910,Batch,2024,DepEd (DCP),5,0,1,Functional,,2026-04-14 03:19:37.299330+00:00
4224,300188,2026-09048,Batch 2023-01,2023,DepEd (DCP),46,0,1,Functional,2 wireless routers and 1 external hard drive,2026-04-14 03:19:53.307089+00:00
4212,303080,2026-33081,Batch 2018-01 Etextbook,2019,DepEd (DCP),1,50,0,Functional,Router,2026-04-14 03:15:47.854799+00:00
4213,303080,2026-33081,Batch 2022 - E-learning,2024,DepEd (DCP),46,0,1,Functional,"External Harddrive-1, Router-2, 46 pcs mouse, 46 pcs Headset",2026-04-14 03:15:47.869860+00:00
4225,340698,2026-06949,Batch 2023-01: E-Learning Cart Package,2024,DepEd (DCP),46,0,1,Functional,"1 pc external hardrive 5TB
1 PC WIRELESS ROUTER TP LINK",2026-04-14 03:22:38.262417+00:00
4226,340698,2026-06949,LOT 1 Information Technology Devices and Accessories,2024,DepEd (DCP),42,0,1,Functional,"3 units printer
1 unit Plotter",2026-04-14 03:22:38.269713+00:00
4227,340698,2026-06949,Lot 3: IT Package (E-Textbook),2019,DepEd (DCP),1,50,0,Functional,1 unit Wireless Router,2026-04-14 03:22:38.275624+00:00
4228,131267,2026-45612,2023-01:E-Learning Cart Package,2024,DepEd (DCP),46,0,0,Functional,"Wireless Router TP Link, External Hard Drive",2026-04-14 03:22:50.048733+00:00
4232,502121,2026-32843,DCP FY2023 eLC,2024,DepEd (DCP),46,0,1,Functional,,2026-04-14 03:25:47.886991+00:00
4233,162507,2026-16336,Batch 2019~01,2020,DepEd (DCP),1,50,1,Functional,"Routers, Headphones",2026-04-14 03:25:55.909294+00:00
4234,312419,2026-32645,2018-01:E-TEXTBOOKS,2019,DepEd (DCP),2,50,0,Functional,WIRELESS ROUTER,2026-04-14 03:25:59.638728+00:00
4235,162509,2026-16338,2019-01,2020,Other,1,50,1,Functional,"51 pcs mouse, 51 pcs headset",2026-04-14 03:26:52.892543+00:00
4217,303402,2026-35394,BATCH 23 ,2023,DepEd (DCP),46,0,1,Functional,"1 router, 46 Head Phone & 46 mouse ",2026-04-14 03:18:23.273370+00:00
4218,303402,2026-35394,BATCH 24,2024,DepEd (DCP),46,0,1,Functional,"1 router, 46 Head Phone & 46 mouse",2026-04-14 03:18:23.281058+00:00
7200,302324,2026-26927,2023-01,2024,DepEd (DCP),46,0,1,Functional,"with 2pcs charging carts, 4 boxes routers and extension drive",2026-04-21 02:11:39.811778+00:00
5403,316006,2026-42091,Batch 1,2022,DepEd (DCP),46,0,1,Functional,,2026-04-15 04:43:36.814063+00:00
5404,316006,2026-42091,Batch 2,2023,DepEd (DCP),46,0,10,Functional,,2026-04-15 04:43:36.821522+00:00
4229,304590,2026-45218,Batch 45,2024,DepEd (DCP),46,0,0,Functional,,2026-04-14 03:22:57.762423+00:00
4230,304590,2026-45218,Batch 44,2024,DepEd (DCP),36,0,0,Functional,,2026-04-14 03:22:57.768634+00:00
4243,108338,2026-18044,DCP 2020,2021,DepEd (DCP),1,0,1,Non-Functional,Lapel Speaker,2026-04-14 03:31:05.617178+00:00
4244,108338,2026-18044,Batch 26,2015,DepEd (DCP),1,0,1,Functional,"desktop, printer, mouse pad, mouse, keyboard, projector, speaker",2026-04-14 03:31:05.624121+00:00
4245,108338,2026-18044,SEF 2021-008,2021,LGU / SEF,1,0,0,Functional,,2026-04-14 03:31:05.630388+00:00
4246,108338,2026-18044,SEF 2020-0004,2020,LGU / SEF,0,0,0,Functional,COPIER,2026-04-14 03:31:05.636800+00:00
4247,108338,2026-18044,BATCH 2023-03,2024,DepEd (DCP),5,0,0,Functional,,2026-04-14 03:31:05.642866+00:00
4248,108338,2026-18044,BATCH 2024-06,2024,DepEd (DCP),0,0,5,Functional,EXTERNAL HARD DRIVE,2026-04-14 03:31:05.648847+00:00
4205,340690,2026-06948,BATCH 2018,2019,DepEd (DCP),1,50,0,Functional,"CHARGING UNITS, ROUTER",2026-04-14 03:13:34.634966+00:00
5412,302165,2026-25592,batch 44,2018,DepEd (DCP),1,50,0,Non-Functional,,2026-04-15 04:55:46.306774+00:00
5413,302165,2026-25592,Batch 2023,2025,DepEd (DCP),46,0,1,Functional,,2026-04-15 04:55:46.312631+00:00
5414,302165,2026-25592,batch 2024,2025,DepEd (DCP),5,0,0,Non-Functional,no charging station or base,2026-04-15 04:55:46.317987+00:00
5420,311021,2026-29162,DCP2018-01 ,2019,DepEd (DCP),0,50,0,Functional,,2026-04-15 05:02:35.125966+00:00
5437,312416,2026-32315,Batch 2024-01,2024,DepEd (DCP),46,0,1,Functional,"46pcs Carrying Bag
46pcs Mouse
46pcs Headset
1 pc usb flash drive",2026-04-15 05:17:08.780340+00:00
7323,303525,2026-38759,eLearning Cart Packages,2024,DepEd (DCP),76,0,2,Non-Functional,,2026-04-21 07:02:23.651998+00:00
7324,313317,2026-35136,Batch 44,2025,DepEd (DCP),46,0,1,Functional,"Routers
Headphones",2026-04-21 07:05:02.074100+00:00
7325,303346,2026-35051,2024,2024,DepEd (DCP),92,0,2,Functional,,2026-04-21 07:05:22.361009+00:00
5224,360849,2026-44798,Batch 2023-01,2024,DepEd (DCP),46,30,1,Functional,,2026-04-15 02:26:46.915342+00:00
7334,316803,2026-45136,Batch 2023-01 / DCP 2023 e-Learning Cart Package and Smart TV Package,2023,DepEd (DCP),46,0,1,Functional,"Router
TP-Link
HD 330 ADATA - HD 710P Hard Drive",2026-04-21 07:39:06.293436+00:00
7407,316514,2026-44207,2023-03,2023,DepEd (DCP),5,0,0,Functional,,2026-04-22 02:55:02.681147+00:00
7408,316514,2026-44207,2022-01,2022,DepEd (DCP),46,0,1,Functional,"Router, External Hard Drive, ",2026-04-22 02:55:02.688079+00:00
7409,316514,2026-44207,2024-01,2024,DepEd (DCP),46,0,0,Functional,"Router, Hard Drive",2026-04-22 02:55:02.695579+00:00
7471,330501,2026-12076,2024,2024,DepEd (DCP),55,0,1,Functional,"Router,Headphones,mouse",2026-04-23 02:54:04.266231+00:00
4249,501795,2026-28810,Batch 42,2018,DepEd (DCP),2,0,2,Non-Functional,Desktops and UPS,2026-04-14 03:31:08.686574+00:00
4250,501795,2026-28810,Batch 2023-1,2024,DepEd (DCP),46,0,1,Functional,"Headphones, Mouse, AC Adapter",2026-04-14 03:31:08.693212+00:00
4251,501451,2026-29429,Batch 2022-01,2024,DepEd (DCP),46,0,1,Functional,"Headphones, Adapters, Router, external hard drive, flash drive",2026-04-14 03:31:28.051338+00:00
4252,303275,2026-34630,BATCH 2022-01,2023,DepEd (DCP),46,0,1,Functional,"ROUTERS, HEADPHONES, BAG, MOUSE, MOUSEPAD, ADEPTER",2026-04-14 03:31:39.928063+00:00
4264,102647,2026-11169,Smart TV Package,2024,DepEd (DCP),0,0,5,Functional,External Hard Drive,2026-04-14 03:38:33.324893+00:00
4265,102647,2026-11169,Laptop for Teaching,2025,DepEd (DCP),5,0,0,Functional,"Mouse, Headset",2026-04-14 03:38:33.331130+00:00
4266,303204,2026-33300,Batch 2022-01,2022,DepEd (DCP),40,0,0,Functional,,2026-04-14 03:38:35.747814+00:00
5225,303680,2026-20448,0,2021,DepEd (DCP),45,0,1,Functional,"Router, Headphones, Mouse",2026-04-15 02:28:14.296944+00:00
7201,303368,2026-34947,30,2024,DepEd (DCP),46,0,0,Functional,none,2026-04-21 02:12:39.438550+00:00
7320,312410,2026-32314,C-30 - DCP FY2023 ELC,2024,DepEd (DCP),46,0,0,Functional,,2026-04-21 06:47:09.915049+00:00
7335,222501,2026-07077,DCP 2022-01: ELEARNING CART PACKAGE,2024,DepEd (DCP),46,0,1,Functional,,2026-04-21 07:42:37.340742+00:00
5552,305795,2026-44003,2022,2022,DepEd (DCP),46,0,1,Functional,"2routers, 46 headphones, 46 charger, 1 hard drive",2026-04-15 07:05:35.782280+00:00
5757,300176,2026-09489,eCart Package ,2024,DepEd (DCP),46,0,1,Functional,,2026-04-15 10:37:12.571184+00:00
5872,316718,2026-44754,DCP,2023,DepEd (DCP),46,0,1,Functional,Headphones,2026-04-15 17:41:27.780107+00:00
7411,301595,2026-04823,Batch 2022:01 ELEARNING CART PACKAGE,2022,DepEd (DCP),46,0,1,Functional,"2 units TP-Link Archer AX12, 2 units TSDI Charging Cart, 1 unit Silicon Power Armor A60 (5TB)",2026-04-22 03:14:26.610191+00:00
6001,135276,2026-00965,Batch 2024,2024,DepEd (DCP),17,0,1,Functional,"Wireless router, External Hard Drive",2026-04-16 03:29:45.074376+00:00
7472,304042,2026-40099,36,2022,DepEd (DCP),46,0,1,Functional,"routers, headphones, usb, printer",2026-04-23 03:07:40.491901+00:00
6091,170023,2026-05297,Batch 2018-01,2019,DepEd (DCP),1,47,0,Non-Functional,WIRELESS TP LINK ROUTER,2026-04-16 05:56:39.496537+00:00
6283,129945,2026-43718,Batch 44,2016,DepEd (DCP),1,0,0,Non-Functional,Damage,2026-04-17 01:49:12.544046+00:00
6367,303454,2026-38616,BATCH 22,2024,DepEd (DCP),46,0,1,Functional,"Routers, headphones, adopters",2026-04-17 04:31:53.309759+00:00
6441,301383,2026-18852,Batch 2022,2024,DepEd (DCP),46,0,1,Functional,"Router, external hard drive, ",2026-04-17 08:38:17.973308+00:00
6510,126281,2026-38970,Batch 42,2019,DepEd (DCP),1,50,0,Functional,,2026-04-17 22:20:32.164557+00:00
6570,132836,2026-04109,Batch 2023-01,2023,DepEd (DCP),46,0,1,Functional,,2026-04-18 13:22:14.809816+00:00
6571,132836,2026-04109,Batch 2024-02,2024,DepEd (DCP),0,0,5,Functional,,2026-04-18 13:22:14.816020+00:00
4930,304282,2026-43585,Batch 2023,2024,DepEd (DCP),46,0,1,Functional,"Mouse, Headset, Charge, Laptop Bag",2026-04-14 10:32:52.659859+00:00
6678,304783,2026-03308,2023,2024,DepEd (DCP),46,0,1,Functional,,2026-04-20 01:03:54.968366+00:00
7476,301750,2026-06390,Batch 2023-01 eLearning cart package,2024,DepEd (DCP),45,0,0,Functional,"45 Headset,45 Mouse",2026-04-23 03:45:42.283218+00:00
7022,500951,2026-02746,Batch 2,2024,DepEd (DCP),46,0,1,Functional,headphones & adapters,2026-04-20 07:47:02.821279+00:00
6687,502213,2026-40084,2022-01,2024,DepEd (DCP),46,0,1,Functional,"40 functional laptop
6 not functional laptop
46 carrying Bag, wireless Mouse, headset, 2 viewtech chargibg cart, 1 Xitrix Smart tv, TPlink wirelss Router
",2026-04-20 01:13:23.398780+00:00
6804,317404,2026-02636,Batch 41,2018,DepEd (DCP),0,50,0,Functional,,2026-04-20 03:39:39.471145+00:00
6805,317404,2026-02636,2022,2022,DepEd (DCP),1,50,0,Functional,,2026-04-20 03:39:39.476986+00:00
6806,317404,2026-02636,2024,2024,DepEd (DCP),46,0,1,Functional,,2026-04-20 03:39:39.482068+00:00
6807,317404,2026-02636,2023,2023,DepEd (DCP),1,0,1,Non-Functional,,2026-04-20 03:39:39.487222+00:00
6822,317904,2026-03830,Batch 36 Lot 8,2020,DepEd (DCP),1,48,0,Non-Functional,,2026-04-20 03:43:19.923804+00:00
6838,323104,2026-38662,eLearning chart package,2024,DepEd (DCP),46,0,0,Functional,"headphones, mouse",2026-04-20 03:52:26.286354+00:00
6848,304900,2026-03700,Batch 41,2018,DepEd (DCP),0,79,0,Functional,,2026-04-20 04:05:05.181271+00:00
6849,304900,2026-03700,Batch 36,2018,DepEd (DCP),42,0,0,Functional,Desktop Package ,2026-04-20 04:05:05.189137+00:00
6880,214547,2026-03878,Smart Tv Package ,2025,DepEd (DCP),0,0,5,Functional,,2026-04-20 04:44:04.462523+00:00
6739,313601,2026-37041,Batch 5,2024,DepEd (DCP),46,0,2,Functional,,2026-04-20 02:28:20.687326+00:00
6955,303167,2026-33680,2023-01,2023,DepEd (DCP),92,0,2,Functional,,2026-04-20 06:22:58.165438+00:00
7081,300525,2026-12480,DCP Packages 2023 Batch 2023-01 - eLearning Cart Package,2024,DepEd (DCP),46,0,0,Functional,,2026-04-20 09:59:00.855062+00:00
6176,304793,2026-03336,BATCH 36: 2018,2018,DepEd (DCP),2,0,0,Functional,"Projector, AVR, Switch, UPS, ACESS Device, Printer, Host PC, Speaker, External Drive, Network Accessories.",2026-04-16 08:03:18.663020+00:00
6177,304793,2026-03336,BATCH 2018 E1,2018,DepEd (DCP),1,50,0,Functional,,2026-04-16 08:03:18.668994+00:00
6178,304793,2026-03336,Batch 2020,2020,DepEd (DCP),2,0,2,Functional,Lapel,2026-04-16 08:03:18.674062+00:00
6179,304793,2026-03336,BATCH 2023 L4T,2023,DepEd (DCP),5,0,0,Functional,"Mouse, Headset, Flash Drive",2026-04-16 08:03:18.679237+00:00
6180,304793,2026-03336,BATCH 2024,2024,DepEd (DCP),46,0,1,Functional,"Router, External Drive",2026-04-16 08:03:18.684629+00:00
7598,303582,2026-37078,Batch 2,2024,DepEd (DCP),46,0,2,Functional,,2026-04-26 00:50:21.561406+00:00
657,108468,2026-18193,MULTI MEDIA PACKAGE,2021,DepEd (DCP),0,0,1,Functional,,2026-04-07 13:44:39.759709+00:00
7089,317303,2026-02327,Batch 2023-01,2024,DepEd (DCP),46,0,1,Functional,"External hard drive, charging cart, router, and TV stand",2026-04-20 10:30:08.315622+00:00
5409,304868,2026-04102,Batch ,2024,DepEd (DCP),46,0,0,Functional,routers & head phones,2026-04-15 04:54:26.675585+00:00
5410,304868,2026-04102,Batch 2022,2024,DepEd (DCP),46,0,0,Functional,"routers, headphones, adapters, mouse",2026-04-15 04:54:26.684757+00:00
5411,304868,2026-04102,2022,2024,DepEd (DCP),46,0,0,Functional,"headphones, mouse, adapters",2026-04-15 04:54:26.693527+00:00
5418,300271,2026-10080,Batch 2022-01: E-Learning Cart Package,2024,DepEd (DCP),46,0,0,Functional,,2026-04-15 04:59:58.426045+00:00
5423,104752,2026-16757,Batch 29,2016,DepEd (DCP),1,0,1,Non-Functional,"Projector, speaker",2026-04-15 05:09:04.628408+00:00
5424,104752,2026-16757,Batch 30,2016,DepEd (DCP),1,0,1,Functional,"2 desktop, 12 monitors, keyboards, mouse, ncomputing, ups, avr, TV, ",2026-04-15 05:09:04.635228+00:00
5425,104752,2026-16757,Batch 2021,2021,DepEd (DCP),1,0,1,Non-Functional,Portable loud speaker wit lapel,2026-04-15 05:09:04.640896+00:00
5426,104752,2026-16757,Batch 2024,2024,DepEd (DCP),5,0,5,Functional,External hard drive,2026-04-15 05:09:04.648941+00:00
7202,302766,2026-13237,Batch 22,2024,DepEd (DCP),46,0,1,Functional,"Routers, HDMI, Media Player Portable Kit, TP Link, USB Recovery, mouse and headphones",2026-04-21 02:19:09.280657+00:00
5564,501496,2026-29144,batch25,2023,DepEd (DCP),42,0,2,Functional,"routers, headphones, adapter",2026-04-15 07:11:58.934872+00:00
5576,302747,2026-29482,Batch 2022-01,2022,DepEd (DCP),46,0,0,Functional,,2026-04-15 07:23:31.661365+00:00
5577,302747,2026-29482,Batch 2024-01,2024,DepEd (DCP),46,0,0,Functional,,2026-04-15 07:23:31.667157+00:00
4319,302683,2026-30112,Batch 2022-01 : ELEARNING CART PACKAGE,2024,DepEd (DCP),46,0,1,Functional,,2026-04-14 03:57:33.166336+00:00
6679,300697,2026-13276,Batch 22-01-ELearning Cart Package,2024,DepEd (DCP),46,0,1,Functional,,2026-04-20 01:06:23.802254+00:00
5562,306023,2026-35175,DCP PACKAGE ,2018,DepEd (DCP),0,46,0,Functional,,2026-04-15 07:11:54.102056+00:00
5563,306023,2026-35175,DCP PACKAGE ,2024,DepEd (DCP),46,0,0,Functional,,2026-04-15 07:11:54.108098+00:00
5758,301879,2026-23365,Batch 2024-01,2024,DepEd (DCP),46,0,1,Functional,"Carrying Bag, Wireless mouse, Headset, 64gb USB flash drive, Wireless router",2026-04-15 10:45:12.570536+00:00
5759,301879,2026-23365,Batch 2019-03,2020,DepEd (DCP),1,50,0,Non-Functional,"Wireless mouse, Headset, Carrying bag, External DVD, Wireless router",2026-04-15 10:45:12.577043+00:00
5760,301879,2026-23365,Batch 2019-02,2020,DepEd (DCP),51,0,1,Functional,"External DVD, Wireless mouse, Headset, Carrying bag, Wireless router, 3in1 Printer",2026-04-15 10:45:12.582587+00:00
7412,301592,2026-04890,Batch 2024,2024,DepEd (DCP),46,0,1,Functional,Router and Headphone,2026-04-22 03:19:29.046088+00:00
7413,303054,2026-32624,eLearning Cart P214-55,2025,DepEd (DCP),46,0,0,Functional,,2026-04-22 03:20:22.177177+00:00
7473,122800,2026-37163,eLearning Cart Package,2024,DepEd (DCP),45,0,1,Functional,,2026-04-23 03:22:32.614039+00:00
5991,342284,2026-17601,DCP20222,2022,DepEd (DCP),46,0,1,Functional,"2 units router, 2 units charge station, 1 External HDD",2026-04-16 03:13:35.822574+00:00
6007,500404,2026-16649,Batch 2022-01: ELearning Cart Package,2022,DepEd (DCP),46,0,1,Functional,,2026-04-16 03:47:21.895802+00:00
6012,112431,2026-23908,BATCH 44,2020,DepEd (DCP),0,50,0,Non-Functional,"Headphone, Mouse",2026-04-16 03:52:44.834606+00:00
6085,302355,2026-27659,E-Learning Package,2024,DepEd (DCP),46,0,0,Functional," Smart TV, TP-Link Archer AX12, TSDI Charging Cart, Silicon Power Armor A60",2026-04-16 05:46:08.958037+00:00
6185,306723,2026-13595,Batch 2023,2024,DepEd (DCP),46,0,1,Functional,,2026-04-16 08:07:12.437601+00:00
6284,108419,2026-20284,BATCH 7,2021,DepEd (DCP),1,50,0,Functional,"ROUTERS, MOUSE, HEADPHONE",2026-04-17 01:50:33.361100+00:00
6290,303358,2026-35135,Batch 2023,2024,DepEd (DCP),46,0,1,Functional,,2026-04-17 02:13:03.834702+00:00
6291,303358,2026-35135,Batch 2024,2024,DepEd (DCP),46,0,1,Functional,,2026-04-17 02:13:03.841607+00:00
7566,300721,2026-13509,DCP 2023-01: E-LEARNING CART PACKAGE,2024,DepEd (DCP),46,0,1,Functional,,2026-04-24 07:09:46.198429+00:00
6442,304575,2026-45032,Batch 44,2024,DepEd (DCP),92,136,21,Functional,,2026-04-17 08:39:05.058527+00:00
6449,304602,2026-45300,Batch 36 Lot 8,2017,DepEd (DCP),2,0,0,Functional,"Routers, Headphones and Adapters",2026-04-17 09:11:33.872178+00:00
6511,308013,2026-18362,Batch 2022-01,2022,DepEd (DCP),45,45,2,Functional,,2026-04-17 23:00:01.281281+00:00
6512,120206,2026-34643,Batch 44,2017,DepEd (DCP),1,0,0,Non-Functional,Laptop is now broken and cannot be repaired.,2026-04-17 23:19:15.397201+00:00
6960,303459,2026-36218,Batch 2022-01,2024,DepEd (DCP),46,0,1,Functional,"Routers, External Hard Drive, and Flash Drive (Recovery Disk)",2026-04-20 06:27:06.582789+00:00
6513,500515,2026-27286,BATCH 2022: E-LEARNNING PACKAGE,2024,DepEd (DCP),46,0,1,Functional,,2026-04-17 23:27:23.262373+00:00
6572,131491,2026-02447,E-Learning Package Batch 40,2024,DepEd (DCP),46,0,6,Functional,Functional,2026-04-18 13:43:55.196998+00:00
6627,317311,2026-02391,Batch 2023-03,2023,DepEd (DCP),5,0,0,Non-Functional,,2026-04-19 08:42:21.848450+00:00
6628,317311,2026-02391,Batch 2023-01,2024,DepEd (DCP),46,0,1,Non-Functional,"Router -2
Pixel Charging Station - 2
Silicon Power Armor A62 - 1",2026-04-19 08:42:21.854930+00:00
6629,317311,2026-02391,Batch 2024-03,2024,DepEd (DCP),5,0,0,Non-Functional,,2026-04-19 08:42:21.860152+00:00
6740,303369,2026-35291,2022-01,2022,DepEd (DCP),46,0,0,Functional,,2026-04-20 02:31:42.455663+00:00
6808,132682,2026-03673,DepEd DCP 2025,2025,DepEd (DCP),36,0,2,Functional,"Mouse, Headset",2026-04-20 03:39:40.228688+00:00
6810,104641,2026-13357,Lot 1 - Procurement of Smart TV and External Hard Drive,2025,DepEd (DCP),0,0,5,Functional,"HDMI Cable, Wall Bracket, ADATA External Hard Drive, Plastic Case for External Hard Drive",2026-04-20 03:39:58.624469+00:00
6882,300706,2026-13346,DCP 2024,2024,DepEd (DCP),30,0,1,Functional,,2026-04-20 04:46:48.527546+00:00
6883,501873,2026-40298,Batch 44,2024,DepEd (DCP),46,0,1,Functional,,2026-04-20 04:46:56.251635+00:00
859,305298,2026-06838,DCP eLearning Package Card,2025,DepEd (DCP),46,0,0,Functional,"2 router, 2 charging cart",2026-04-08 06:59:57.646900+00:00
7086,126499,2026-39194,7,2012,DepEd (DCP),0,0,0,Non-Functional,All are unserviceable,2026-04-20 10:26:38.996377+00:00
7087,126499,2026-39194,20,2021,DepEd (DCP),2,0,2,Non-Functional,Unserviceable,2026-04-20 10:26:39.003258+00:00
7088,126499,2026-39194,29,2016,DepEd (DCP),1,0,0,Non-Functional,Serviceable,2026-04-20 10:26:39.008384+00:00
7567,300721,2026-13509,DCP 2024-01: E-LEARNING CART PACKAGE,2024,DepEd (DCP),46,0,1,Functional,,2026-04-24 07:09:46.205072+00:00
7568,300721,2026-13509,DCP 2020 Batch 2019-02 Lot 2: JHS/SHS ICT PACKAGE-LOT2,2020,DepEd (DCP),51,0,1,Functional,,2026-04-24 07:09:46.211181+00:00
7569,300721,2026-13509,DCP 2020 Batch 2019-03 Lot 2 : E-textbooks,2020,DepEd (DCP),1,50,0,Functional,,2026-04-24 07:09:46.216664+00:00
5227,361021,2026-30261,Batch 2024-01,2024,DepEd (DCP),46,0,1,Functional,Wireless Router and External Hard Drive,2026-04-15 02:29:14.891014+00:00
5228,361021,2026-30261,LOT 5: IT PACKAGE (E-TEXTBOOK),2019,DepEd (DCP),1,50,0,Non-Functional,Wireless Router,2026-04-15 02:29:14.897922+00:00
5229,361021,2026-30261,DCP Batch 41,2018,DepEd (DCP),1,50,1,Non-Functional,"Host Mini PC, UPS, Printer, Wireless Router",2026-04-15 02:29:14.903368+00:00
5231,301824,2026-22962,BATCH 2024,2024,DepEd (DCP),46,0,0,Functional,,2026-04-15 02:32:33.472086+00:00
5415,313337,2026-35685,Batch 44,2018,DepEd (DCP),0,49,0,Functional,,2026-04-15 04:55:57.392484+00:00
5416,313337,2026-35685,Lot 6:IT Package (E-Textbook),2019,DepEd (DCP),0,50,0,Functional,,2026-04-15 04:55:57.400362+00:00
5417,313337,2026-35685,Batch 2024,2024,DepEd (DCP),46,0,1,Functional,,2026-04-15 04:55:57.406099+00:00
5451,121140,2026-38850,DCP,2015,DepEd (DCP),0,0,0,Functional,"Host PC, LED Monitor, keyboard and mouse, Projector, UPS, Networking periphals, projector screen, AVR, Speaker.",2026-04-15 05:28:27.592263+00:00
5345,304081,2026-40404,Batch 41,2022,DepEd (DCP),50,50,1,Functional,"Router,Headphone,",2026-04-15 03:43:51.905814+00:00
5565,305264,2026-02046,dcp  batch 2023,2025,DepEd (DCP),46,0,0,Functional,,2026-04-15 07:13:22.748487+00:00
5761,102894,2026-11029,e-Tablet,2019,DepEd (DCP),1,50,0,Functional,27 tablets serviceable and 23 unserviceable,2026-04-15 10:45:41.315631+00:00
5992,300805,2026-14175,Batch ,2023,DepEd (DCP),50,0,2,Functional,,2026-04-16 03:15:26.501572+00:00
5993,300805,2026-14175,Batch 2,2024,DepEd (DCP),55,0,2,Functional,1 External HDD,2026-04-16 03:15:26.507290+00:00
7104,304883,2026-04049,batch 2023-01,2023,DepEd (DCP),46,0,0,Functional,"CHARGING STORAGE CART- 2 units
",2026-04-20 11:13:03.925825+00:00
6186,305215,2026-01740,2023-01,2024,DepEd (DCP),46,0,1,Functional,CHARGING CART,2026-04-16 08:14:52.748739+00:00
6195,305707,2026-07442,DCP Package 2023,2023,DepEd (DCP),46,0,1,Functional,,2026-04-16 08:35:52.191840+00:00
6285,304845,2026-03598,DCP 2023,2023,DepEd (DCP),46,90,2,Functional,"HEADPHONES, ROUTERS, MOUSE",2026-04-17 02:00:42.728316+00:00
6286,304845,2026-03598,DCP 2024,2024,DepEd (DCP),46,0,1,Functional,"HEADPHONES, MOUSE, HARDRIVE",2026-04-17 02:00:42.733850+00:00
6370,320002,2026-07280,Batch 2022-01,2025,DepEd (DCP),46,0,1,Functional,,2026-04-17 04:36:06.621418+00:00
6287,330503,2026-38585,Batch 2023-01,2024,DepEd (DCP),46,0,1,Functional,"2 Router, 2 Charging Cart, 1 External Hard Drive, 1 Flash Drive",2026-04-17 02:02:44.322722+00:00
6288,330503,2026-38585,Batch 2022-01,2024,DepEd (DCP),46,0,1,Functional,"2 Router, 2 Storage Cart, 1 External Hard Drive, 1 Flash Drive",2026-04-17 02:02:44.331379+00:00
6446,305295,2026-06846,lot 5,2024,DepEd (DCP),46,0,1,Functional,"wireless mouse, headphone, USB recovery flash drive, TP link Archer Router, Seagate external drive, 5 meter HDMI cable, basic full motion mount,  ",2026-04-17 09:06:22.810784+00:00
6514,116075,2026-28619,Batch,2024,DepEd (DCP),46,0,1,Functional,,2026-04-17 23:30:07.880730+00:00
6573,131447,2026-02330,Batch 44,2023,DepEd (DCP),58,0,7,Functional,,2026-04-18 13:47:58.797707+00:00
6630,308010,2026-18433,Batch 33,2019,DepEd (DCP),50,0,0,Non-Functional,Not installed,2026-04-19 08:46:37.159534+00:00
6631,308010,2026-18433,Batch 2019,2019,DepEd (DCP),0,50,0,Non-Functional,Only 10 is working,2026-04-19 08:46:37.165749+00:00
6632,308010,2026-18433,BATCH 2024,2024,DepEd (DCP),46,0,0,Functional,Some are broke not usable and some have major issue hinges key and ports,2026-04-19 08:46:37.170819+00:00
6741,306085,2026-13428,Batch 2024-01,2024,DepEd (DCP),42,0,1,Functional,"42 Headset, 42 wireless mouse, 1 router",2026-04-20 02:31:50.956963+00:00
6742,306085,2026-13428,Batch 2024 ,2024,DepEd (DCP),42,0,1,Functional,"42 headset, 42 wireless mouse, 1 router",2026-04-20 02:31:50.963162+00:00
6886,317910,2026-03740,22,2022,DepEd (DCP),0,30,0,Non-Functional,,2026-04-20 04:49:24.761758+00:00
6961,300702,2026-16589,DCP Package 1,2024,DepEd (DCP),46,0,1,Functional,,2026-04-20 06:28:02.277235+00:00
7023,502194,2026-12483,Batch 40,2024,DepEd (DCP),46,0,0,Functional,,2026-04-20 07:53:10.536830+00:00
7090,502195,2026-12560,DCP 2024,2024,DepEd (DCP),46,0,4,Functional,,2026-04-20 10:31:12.273822+00:00
7094,306955,2026-14849,DEPED DCP,2024,DepEd (DCP),45,0,0,Functional,,2026-04-20 10:41:28.614309+00:00
7329,132733,2026-03932,DCP 2015,2015,DepEd (DCP),0,0,0,Non-Functional,"AVR, THIN CLIENT SERVER, UPS, ",2026-04-21 07:32:14.571155+00:00
7414,305101,2026-00584,Batch 2022-01,2024,DepEd (DCP),46,0,1,Functional,"Router, storage cart, external hard drive",2026-04-22 03:38:09.067049+00:00
7415,305101,2026-00584,Batch 2023-01,2024,DepEd (DCP),46,0,1,Functional,"Wireless Router, charging cart, external hard drive",2026-04-22 03:38:09.073356+00:00
7570,300721,2026-13509,DCP2021,2025,DepEd (DCP),9,0,0,Functional,,2026-04-24 07:09:46.221891+00:00
7599,306509,2026-13141,Batch 2022-01,2024,DepEd (DCP),92,0,2,Functional,,2026-04-26 03:01:19.546676+00:00
7600,306509,2026-13141,Batch 2024-03,2024,DepEd (DCP),10,0,0,Functional,,2026-04-26 03:01:19.554160+00:00
4256,500433,2026-45369,Batch 45,2024,DepEd (DCP),46,0,0,Functional,Router/headphones/mouse / bags,2026-04-14 03:33:02.304298+00:00
4257,305806,2026-29659,Batch 2024-01,2024,DepEd (DCP),46,0,1,Functional,,2026-04-14 03:35:34.272824+00:00
4268,314204,2026-21836,BATCH 2024,2024,DepEd (DCP),46,0,1,Functional,"Charging cart (2)
External hard drive 1
wireless router 2",2026-04-14 03:40:52.123119+00:00
4262,102647,2026-11169,G4-G6 ICT Package,2015,DepEd (DCP),1,0,0,Non-Functional,Desktops/Monitor/Keyboard/Mouse/Projector,2026-04-14 03:38:33.307322+00:00
4263,102647,2026-11169,Multimedia Package,2020,DepEd (DCP),1,0,1,Functional,Lapel,2026-04-14 03:38:33.318890+00:00
5421,306457,2026-45853,2023,2024,DepEd (DCP),49,0,1,Functional,,2026-04-15 05:02:46.296776+00:00
5438,324804,2026-34574,batch 2024,2024,DepEd (DCP),46,0,0,Functional,,2026-04-15 05:17:16.669287+00:00
4269,117747,2026-30465,Batch 2023,2023,DepEd (DCP),46,0,1,Functional,,2026-04-14 03:41:20.199408+00:00
5456,304607,2026-45330,DCP Package,2024,DepEd (DCP),46,0,1,Functional,,2026-04-15 05:39:14.997204+00:00
4275,302195,2026-26228,2022-02,2024,DepEd (DCP),46,0,2,Functional,"Router, Hard Drive, HDMI Cable",2026-04-14 03:44:05.561039+00:00
4276,302195,2026-26228,Batch 2018 Lot #4,2019,DepEd (DCP),51,0,0,Functional,"Mouse, Bag, Router",2026-04-14 03:44:05.568493+00:00
4277,126229,2026-22834,BATCH 2022-01: E-LEARNING CART PACKAGE,2024,DepEd (DCP),46,0,0,Functional,,2026-04-14 03:44:08.278877+00:00
4332,502210,2026-06170,Batch 44,2018,DepEd (DCP),0,50,0,Functional,25 units serviceable & 25 unserviceable,2026-04-14 04:03:57.187844+00:00
4280,126220,2026-22823,Batch 2023,2024,DepEd (DCP),51,0,0,Functional,4 boxes routers,2026-04-14 03:44:43.295272+00:00
4281,308104,2026-19218,Batch 537,2024,DepEd (DCP),46,0,1,Functional,"Router, external hard drive, headset, mouse",2026-04-14 03:45:05.254596+00:00
4282,308104,2026-19218,Batch 2019-02,2019,DepEd (DCP),51,0,1,Functional,printer,2026-04-14 03:45:05.260722+00:00
4283,308104,2026-19218,Batch 2019-03,2019,DepEd (DCP),1,50,0,Non-Functional,,2026-04-14 03:45:05.268181+00:00
4284,308104,2026-19218,DCP Batch 38 (SHS),2018,DepEd (DCP),0,0,0,Functional,Desktop Computer,2026-04-14 03:45:05.275252+00:00
4285,308104,2026-19218,DCP 2020 Lot 2,2020,DepEd (DCP),1,0,1,Functional,,2026-04-14 03:45:05.294757+00:00
4286,308104,2026-19218,Batch 2023-03,2023,DepEd (DCP),5,0,0,Functional,,2026-04-14 03:45:05.301335+00:00
4287,116026,2026-28563,eLearning Cart Package,2024,DepEd (DCP),46,0,1,Functional,"Laptop-HP 245 G9, Smart TV-Xitrix 58 inches, Routers-TP-Link Archer Ax12, Storage Cart-TSDI-Charging Cart, External Hard Drive-Silicon Power Armor 160, Flashdrive",2026-04-14 03:45:13.645916+00:00
4289,116616,2026-29287,E-LEARNING CART,2024,DepEd (DCP),46,0,1,Functional,,2026-04-14 03:47:23.716745+00:00
4290,300802,2026-14407,2014c-ICTS3-BVI-CB008-CO67((LOT3),2024,DepEd (DCP),46,0,1,Functional,"Wireless Routers (2 units), external hard drive (1 unit)",2026-04-14 03:48:08.543387+00:00
5618,502044,2026-16250,DCP,2024,DepEd (DCP),46,50,5,Functional,Router,2026-04-15 07:43:12.499066+00:00
5763,500677,2026-39360,Batch 41,2018,DepEd (DCP),1,50,2,Non-Functional,,2026-04-15 10:52:58.578774+00:00
5764,500677,2026-39360,Batch 2022 ELC,2024,DepEd (DCP),46,0,1,Functional,,2026-04-15 10:52:58.586596+00:00
4321,302523,2026-28477,E - Learning Cart Tablet computer,2018,DepEd (DCP),0,50,0,Functional,keyboards not working ,2026-04-14 03:58:08.350050+00:00
5876,303299,2026-34247,e-LEARNING CART PACKAGE,2023,DepEd (DCP),46,0,0,Functional,"ROUTERS, HEADPHONES",2026-04-15 22:36:09.716992+00:00
5230,303120,2026-33648,Batch 2023-01 Elearning Cart Package SO#24-PC0008 SWPS#215203,2024,DepEd (DCP),46,0,0,Functional,"mouse,headset,flash drive,router,",2026-04-15 02:31:42.945748+00:00
4298,301855,2026-23230,DCP 2024-01,2024,DepEd (DCP),46,0,0,Functional,"46 DELUX MOUSE, 1 RECOVERY FLASH DRIVE, 46 HEADSET, 1 SMART TV, 2 TPLINK ROUTER, 2 CHARGING/STORAGE CART, 1 EXTERNAL HDD SEAGATE",2026-04-14 03:51:15.027143+00:00
4299,305267,2026-02089,Batch 2018-01,2018,DepEd (DCP),1,50,0,Functional,Wifi Router,2026-04-14 03:51:21.061643+00:00
4300,305267,2026-02089,Batch 2023-01,2023,DepEd (DCP),46,0,1,Functional,Wireless Router,2026-04-14 03:51:21.068128+00:00
4301,300839,2026-14013,Lot#Christmas2025 Batch 2019-03,2020,DepEd (DCP),1,50,0,Functional,,2026-04-14 03:52:18.476149+00:00
4302,300839,2026-14013,Batch 22-01 ,2022,DepEd (DCP),46,0,1,Functional,,2026-04-14 03:52:18.484137+00:00
5566,103842,2026-12926,Batch 2019-01 lot 1,2021,DepEd (DCP),1,50,1,Functional,,2026-04-15 07:16:20.195825+00:00
4271,302728,2026-30360,Batch 2024-01,2024,DepEd (DCP),46,0,1,Functional,"TPLink, TSDI Charging Cart, Silicon Power Armor",2026-04-14 03:42:30.202415+00:00
5994,325901,2026-16795,2022,2022,DepEd (DCP),46,0,1,Functional,interactive smart TV,2026-04-16 03:16:30.416607+00:00
4318,302683,2026-30112,Batch 2023-01 ELEARNING CART PACKAGE,2023,DepEd (DCP),46,0,1,Functional,,2026-04-14 03:57:33.160081+00:00
4307,501380,2026-39883,Batch ,2024,DepEd (DCP),46,0,1,Functional,"Router, Headset",2026-04-14 03:53:24.832725+00:00
4308,107306,2026-16920,Batch 14,2013,DepEd (DCP),0,0,0,Non-Functional,Package is currently unserviceable,2026-04-14 03:53:56.385133+00:00
4309,107306,2026-16920,Batch 29,2016,DepEd (DCP),1,0,0,Non-Functional,Package is currently unserviceable,2026-04-14 03:53:56.391684+00:00
4310,107306,2026-16920,Batch 40,2018,DepEd (DCP),1,0,0,Non-Functional,Unserviceable,2026-04-14 03:53:56.396793+00:00
4311,107306,2026-16920,Batch 42,2018,DepEd (DCP),2,0,0,Functional,Some accessories are not functional,2026-04-14 03:53:56.402629+00:00
4291,199531,2026-39023,Batch 34,2018,DepEd (DCP),1,7,0,Non-Functional,"Router (1)
1 set solar panel package",2026-04-14 03:48:17.885919+00:00
6087,500687,2026-39998,ELEARNING CART PACKAGE,2024,DepEd (DCP),46,0,1,Functional,,2026-04-16 05:54:09.772602+00:00
4327,306380,2026-14477,Batch 2023-01: ELEARNING CART PACKAGE,2024,DepEd (DCP),46,0,1,Functional,"External hard drive, router, charging cart",2026-04-14 03:59:00.465533+00:00
4279,120251,2026-34548,N/A,2019,DepEd (DCP),1,50,0,Non-Functional,Headphones,2026-04-14 03:44:38.208390+00:00
4274,305763,2026-34565,Batch 2022-01: ELEARNING CART PACKAGE,2024,DepEd (DCP),46,0,1,Functional,"Routers, Headset",2026-04-14 03:43:37.780876+00:00
4258,304306,2026-42550,eLEARNING CART DCP 2022,2022,DepEd (DCP),46,0,1,Functional,"WIRELESS ROUTER - TP-Link Archer AX-12
      - 24WROUTER01
      - 24WROUTER02
STORAGE CHARGING CART Entrans EP26-A
        - 24SCHARGINGCART01
         - 24SCHARGINGCART02
EXTERNAL HARD DRIVE-ADATA HD330
          - 24EHDADATA01
",2026-04-14 03:36:14.192995+00:00
4312,305345,2026-07033,DepEd ECart Package 1,2025,LGU / SEF,46,0,1,Functional,With 2 Routers and 46 Headsets,2026-04-14 03:54:23.853061+00:00
6187,302099,2026-25041,2019-03,2019,DepEd (DCP),0,50,0,Non-Functional,,2026-04-16 08:15:22.794391+00:00
6188,302099,2026-25041,DCP FY 2022,2022,DepEd (DCP),46,0,0,Functional,2 not functional,2026-04-16 08:15:22.802890+00:00
4313,305646,2026-35349,Batch 2022,2024,DepEd (DCP),46,0,1,Functional,"router, headphone, mouse",2026-04-14 03:54:40.109827+00:00
4314,300996,2026-15341,Batch 2019-02: JHS/SHS ICT Package- Lot 2,2020,DepEd (DCP),50,0,1,Functional,In good condition.,2026-04-14 03:55:39.404598+00:00
4315,300996,2026-15341,Batch 2019-03: E-textbooks,2020,DepEd (DCP),1,50,0,Functional,in good condition.,2026-04-14 03:55:39.413600+00:00
4316,301636,2026-05202,DCP BATCH 2002,2024,DepEd (DCP),46,0,1,Functional,charging cart,2026-04-14 03:55:41.849773+00:00
5232,301824,2026-22962,BAtch 2019,2020,DepEd (DCP),0,50,0,Non-Functional,,2026-04-15 02:32:33.478066+00:00
5233,301824,2026-22962,BATCH 36,2018,DepEd (DCP),45,0,0,Non-Functional,Desktop package,2026-04-15 02:32:33.484465+00:00
5234,301824,2026-22962,BATCH 33,2016,DepEd (DCP),49,0,0,Non-Functional,Desktop package,2026-04-15 02:32:33.490228+00:00
5422,302370,2026-27567,2022-1,2022,DepEd (DCP),46,0,1,Functional,,2026-04-15 05:08:41.497846+00:00
5568,303435,2026-35830,Batch 36,2018,DepEd (DCP),2,0,0,Functional,,2026-04-15 07:16:49.441628+00:00
5569,303435,2026-35830,PTR-DCP-19-07-4358,2019,DepEd (DCP),1,50,0,Functional,,2026-04-15 07:16:49.447640+00:00
5573,119766,2026-32983,2024,2024,DepEd (DCP),46,0,1,Functional,"Router, External HDD",2026-04-15 07:20:47.092019+00:00
7096,302286,2026-26784,Batch 2024-02,2024,DepEd (DCP),46,0,1,Functional,"1. Charging station - 2
2. Wireless Router - 2
3. External HDD - 1",2026-04-20 10:41:42.533891+00:00
7024,502653,2026-06798,Batch 23-002,2024,DepEd (DCP),46,0,1,Functional,"TPLINK ARCHER, AX12 AX1500 WIFI ROUTER",2026-04-20 07:54:57.511984+00:00
7330,305740,2026-14789,Lot 4,2024,DepEd (DCP),92,0,0,Functional,,2026-04-21 07:35:51.692353+00:00
7416,300282,2026-09620,Batch 36,2024,DepEd (DCP),46,0,1,Functional,,2026-04-22 03:54:22.259921+00:00
5605,117876,2026-30593,G4-G6 ICT PACKAGE,2019,DepEd (DCP),1,50,1,Non-Functional,,2026-04-15 07:32:34.205883+00:00
5765,302476,2026-29311,2022-01,2024,DepEd (DCP),46,0,1,Functional,"2ROUTER, 1HARD DRIVE, 1FLASH DRIVE",2026-04-15 10:53:02.347715+00:00
5877,500831,2026-44589,Batch 2,2024,DepEd (DCP),46,140,0,Functional,,2026-04-15 22:58:41.489716+00:00
5879,300454,2026-10925,eLearning Package,2024,DepEd (DCP),46,0,1,Functional,2 routers,2026-04-15 23:44:17.661107+00:00
7475,301570,2026-04678,ecart,2024,DepEd (DCP),46,5,8,Functional,2 routers,2026-04-23 03:36:52.096674+00:00
5972,300464,2026-10984,EL4T-BATCH 2023-03,2024,DepEd (DCP),10,1,0,Functional,,2026-04-16 02:44:09.842043+00:00
6575,310701,2026-27334,Batch 2018-10,2019,DepEd (DCP),1,50,0,Functional,Router,2026-04-18 14:30:44.292956+00:00
6088,300671,2026-12778,BATCH 2019-3,2021,DepEd (DCP),1,50,0,Functional,WIRELESS ROUTER,2026-04-16 05:55:36.287948+00:00
6089,300671,2026-12778,BATCH 2018-LOT 1,2019,DepEd (DCP),1,50,0,Functional,WIRELESS ROUTER,2026-04-16 05:55:36.293920+00:00
6576,310701,2026-27334,Batch 26,2018,DepEd (DCP),2,0,0,Functional,"Printer,router,Projector,projector screen",2026-04-18 14:30:44.300398+00:00
5450,305197,2026-01844,Batch 44,2024,DepEd (DCP),35,0,0,Functional,,2026-04-15 05:27:51.845095+00:00
6194,131417,2026-02302,DCP BATCH 2023-01 E-learning,2024,DepEd (DCP),46,0,1,Functional,,2026-04-16 08:35:06.768617+00:00
6189,115744,2026-28062,Batch 28,2015,DepEd (DCP),1,0,0,Non-Functional,unserviceable,2026-04-16 08:18:41.910027+00:00
6190,115744,2026-28062,Batch 40,2018,DepEd (DCP),1,0,0,Non-Functional,unserviceable,2026-04-16 08:18:41.917959+00:00
6191,115744,2026-28062,Bayanihan,2022,DepEd (DCP),1,0,0,Non-Functional,unserviceable,2026-04-16 08:18:41.925738+00:00
6192,115744,2026-28062,LOT7,2024,DepEd (DCP),3,0,0,Functional,,2026-04-16 08:18:41.931255+00:00
6577,310701,2026-27334,Batch 202-01,2024,DepEd (DCP),46,0,1,Functional,"Router,TV",2026-04-18 14:30:44.306314+00:00
6289,300925,2026-14973,Batch 2021,2024,DepEd (DCP),46,0,1,Functional,,2026-04-17 02:03:38.000263+00:00
6372,500759,2026-45161,BATCH 2023-01,2025,DepEd (DCP),46,0,1,Functional,"Wireless Router, External Hard Drive",2026-04-17 04:47:21.838859+00:00
6447,102597,2026-10744,2018-01,2019,DepEd (DCP),0,50,0,Functional,,2026-04-17 09:07:39.238880+00:00
6448,310804,2026-27706,Batch 1,2022,DepEd (DCP),42,0,0,Functional,,2026-04-17 09:10:16.748834+00:00
6453,500473,2026-16206,DCP 2022-01: E-Learning Cart Package,2024,DepEd (DCP),46,0,1,Functional,,2026-04-17 09:26:46.416499+00:00
6454,305342,2026-07008,Batch 33,2016,DepEd (DCP),6,0,0,Functional,,2026-04-17 09:27:39.713151+00:00
6455,305342,2026-07008,Batch 13,2013,DepEd (DCP),0,0,0,Functional,,2026-04-17 09:27:39.719642+00:00
6456,305342,2026-07008,Batch 2022-01 E-Learning Cart Package ,2024,DepEd (DCP),46,0,1,Functional,,2026-04-17 09:27:39.725636+00:00
6515,304842,2026-04215,Batch 44,2023,DepEd (DCP),41,0,0,Functional,,2026-04-18 00:30:05.953816+00:00
6516,304842,2026-04215,Batch 45,2024,DepEd (DCP),47,0,0,Functional,,2026-04-18 00:30:05.960268+00:00
6574,310702,2026-27621,Batch 44,2022,DepEd (DCP),46,30,1,Functional,"2 wireless router, 2 charging carts",2026-04-18 13:55:32.097312+00:00
6578,301415,2026-18560,Batch 2023,2024,DepEd (DCP),46,0,0,Functional,mouse,2026-04-18 14:30:55.320686+00:00
6633,300771,2026-13890,Batch 2024,2024,DepEd (DCP),46,0,0,Functional,"External Hard Drive, Modem/Router, Charging Cart",2026-04-19 09:15:14.665892+00:00
7477,308026,2026-18918,BATCH eLearning Cart Package,2024,DepEd (DCP),46,0,1,Functional,"Wireless mouse, Mouse Pad, Router, Laptop Bag and Headset ",2026-04-23 03:51:39.341384+00:00
7571,305091,2026-00628,2022-01,2024,DepEd (DCP),46,0,1,Functional,"router, external hard drive, flashdrive, ",2026-04-24 07:16:22.472970+00:00
6743,301600,2026-04915,Batch 2022,2024,DepEd (DCP),92,0,0,Functional,,2026-04-20 02:40:05.493470+00:00
6814,318701,2026-00529,Batch 2023-01,2023,DepEd (DCP),2,92,2,Functional,"routers, headphones,adapter",2026-04-20 03:42:13.352330+00:00
6815,318701,2026-00529,Batch 45,2023,DepEd (DCP),1,46,1,Functional,,2026-04-20 03:42:13.358642+00:00
6816,317913,2026-03881,Batch 2024,2024,DepEd (DCP),46,0,1,Functional,,2026-04-20 03:42:16.403077+00:00
6964,300388,2026-10208,Batch 2019-02,2021,DepEd (DCP),51,0,1,Functional,,2026-04-20 06:31:38.001947+00:00
6965,300388,2026-10208,Batch 2023-01,2024,DepEd (DCP),46,0,1,Functional,,2026-04-20 06:31:38.008675+00:00
6966,300388,2026-10208,Batch 2024-01,2024,DepEd (DCP),46,0,1,Functional,,2026-04-20 06:31:38.017164+00:00
7601,501364,2026-38479,Batch 2020,2024,DepEd (DCP),2,0,2,Functional,Portable Loud speaker with lapel mic,2026-04-26 09:09:45.983375+00:00
7602,501364,2026-38479,Batch2021,2024,DepEd (DCP),4,0,0,Functional,External Harddrive-Pixpro K361HD,2026-04-26 09:09:45.990633+00:00
7091,301285,2026-18849,Lot 3 : IT PACKAGE (E-TEXTBOOK),2019,DepEd (DCP),1,50,0,Non-Functional,,2026-04-20 10:35:29.763336+00:00
7092,301285,2026-18849,BATCH 2019-03: E-TEXTBOOKS LOT 3,2021,DepEd (DCP),1,50,0,Non-Functional,,2026-04-20 10:35:29.769970+00:00
7093,301285,2026-18849,BATCH 2023-01: ELEARNING CART PACKAGE,2024,DepEd (DCP),46,0,0,Functional,,2026-04-20 10:35:29.775248+00:00
4317,501959,2026-42575,ECP Batch 19,2012,DepEd (DCP),0,0,0,Functional,,2026-04-14 03:56:58.712164+00:00
5235,305180,2026-01536,DCP BATCH 2023,2024,DepEd (DCP),46,0,1,Functional,"2 wireless Router TP-Link Archer AX12, 1External Hard Drive HD 330 ADATA-HD710P",2026-04-15 02:32:48.664128+00:00
5427,500200,2026-30539,2024-01,2024,DepEd (DCP),96,0,2,Functional,"Bags, mouse, headphones ",2026-04-15 05:09:24.902323+00:00
4324,210011,2026-45540,Batch 2023-01/E-LEARNING CART PACKAGE,2024,DepEd (DCP),46,0,1,Functional,"Chargers, mouse,  headset, bags",2026-04-14 03:58:47.167306+00:00
5575,302049,2026-24025,Batch 2022,2024,DepEd (DCP),46,0,1,Non-Functional,3 laptops is not functional,2026-04-15 07:23:04.446458+00:00
5585,302353,2026-27658,BATCH 2022-01:	E-LEARNING CQRT PACKAGE,2024,DepEd (DCP),46,0,2,Functional,"To-Link Archer AX12, Silicon Power Armor A60",2026-04-15 07:31:11.870898+00:00
7332,340822,2026-08538,Batch 1 IT Package,2019,DepEd (DCP),0,50,0,Non-Functional,,2026-04-21 07:37:42.473105+00:00
7333,340822,2026-08538,eLearning Cart Package,2024,DepEd (DCP),46,0,0,Functional,,2026-04-21 07:37:42.480757+00:00
5591,501494,2026-28956,DCP BATCH 2022,2022,DepEd (DCP),52,0,1,Functional,,2026-04-15 07:31:46.596954+00:00
7417,301577,2026-04707,Batch ,2022,DepEd (DCP),46,0,1,Functional,,2026-04-22 03:59:16.831192+00:00
5631,303456,2026-36217,"DCP PACKAGE Batch 2023-03, DCP PACKAGES BATCH 2024-01",2024,DepEd (DCP),92,0,2,Functional,,2026-04-15 07:53:44.177724+00:00
5639,300432,2026-11164,BATCH 2022-01,2024,DepEd (DCP),46,0,1,Functional,"Headphones, mice, modem/router, external hard drive, USB flash drive",2026-04-15 08:03:59.757004+00:00
5640,300432,2026-11164,DCP 20-R2-002083,2022,DepEd (DCP),1,0,1,Functional,"Lapel, headphone, mouse",2026-04-15 08:03:59.766703+00:00
5641,300432,2026-11164,BATCH 2019-03,2021,DepEd (DCP),1,50,0,Functional,MODEM/ROUTER,2026-04-15 08:03:59.773173+00:00
5642,300432,2026-11164,BATCH 2017-38,2017,DepEd (DCP),0,0,0,Non-Functional,"51 BUNDLE DESKTOP, PROJECTOR SET, SPEAKER, UPS, NETWORK SWITCH",2026-04-15 08:03:59.778432+00:00
7478,132799,2026-03795,Batch 2024-02 SMART TV PACKAGES,2024,DepEd (DCP),0,0,5,Functional,With 5 external hard drives,2026-04-23 03:58:03.965129+00:00
5651,501459,2026-28448,Batch 2022,2024,DepEd (DCP),46,0,1,Functional,,2026-04-15 08:11:33.213716+00:00
7479,132799,2026-03795,Batch 16,2014,DepEd (DCP),0,0,1,Non-Functional,"Access terminal, UPS, HP Laptop, HP Host NComputing, HP Monitor, HP Printer, INFOCUS PROJECTOR, Keyboard and mouse, MICRO Lab Speaker, Networking Peripherals, STAVOL AVR",2026-04-23 03:58:03.971890+00:00
7480,132799,2026-03795,ELC 2022,2022,DepEd (DCP),3,0,0,Functional,,2026-04-23 03:58:03.979546+00:00
5775,305450,2026-07496,2023,2024,DepEd (DCP),40,0,1,Functional,,2026-04-15 11:02:50.079176+00:00
5878,500432,2026-44917,DCP 2024-01 e-Learning Cart Package,2024,DepEd (DCP),46,0,5,Functional,,2026-04-15 23:14:33.804350+00:00
5996,304702,2026-02312,Batch 41,2018,DepEd (DCP),100,0,0,Non-Functional,Some units are not functional,2026-04-16 03:19:58.714616+00:00
7481,132799,2026-03795,L4NT 2025,2025,DepEd (DCP),1,0,0,Functional,,2026-04-23 03:58:03.987180+00:00
6090,110206,2026-04814,Batch 42,2016,DepEd (DCP),2,0,0,Non-Functional,laptops,2026-04-16 05:55:40.471885+00:00
6193,304610,2026-45455,2023-01,2023,DepEd (DCP),46,0,1,Functional,Router,2026-04-16 08:29:28.765713+00:00
6292,131436,2026-02482,Batch 2022,2024,DepEd (DCP),46,0,1,Functional,,2026-04-17 02:14:18.944820+00:00
6373,305084,2026-00703,BATCH 2024-01,2024,DepEd (DCP),46,0,1,Functional,"46 HEAD SEAT, 46 MOUSE, 46 LAPTOP BAGS, 2 TP-LINK ARCHER, 2 TSDI CHARGING CART, 1 SILICON POWER ARMOR A60 HARD DRIVE (5TB).",2026-04-17 04:49:52.968539+00:00
7572,124181,2026-38513,Batch 40,2018,DepEd (DCP),1,0,0,Functional,"Interactive Projector Pixpro ishow, Pixpro Multi Media Speaker ",2026-04-24 07:51:28.363657+00:00
6450,304602,2026-45300,DCP 2018-01 Lot 8,2020,DepEd (DCP),1,50,0,Non-Functional,Routers and Headphones,2026-04-17 09:11:33.880434+00:00
6451,304602,2026-45300,Batch 44,2018,DepEd (DCP),0,50,0,Non-Functional,Routers and Headphones,2026-04-17 09:11:33.890622+00:00
6452,304602,2026-45300,DCP E-Learning Cart Lot 13,2024,DepEd (DCP),46,0,1,Functional,Routers and Headphones,2026-04-17 09:11:33.895932+00:00
6517,300490,2026-11078,BATCH 2022,2023,DepEd (DCP),46,0,1,Functional,,2026-04-18 00:33:28.794124+00:00
6579,301320,2026-18522,23,2023,DepEd (DCP),46,0,0,Functional,,2026-04-18 15:06:14.769886+00:00
6634,342587,2026-20156,Batch 2019-03,2019,DepEd (DCP),0,52,0,Functional,,2026-04-19 09:45:55.806040+00:00
7573,124181,2026-38513,DCP 2020,2024,DepEd (DCP),1,0,1,Non-Functional,"Coby STV5578, 55 inches LED Smart TV (Unserviceable), PixPro S511 Portable Loud Speaker with Lapel Mic",2026-04-24 07:51:28.372278+00:00
6293,300762,2026-13696,DCP 8,2024,DepEd (DCP),46,0,1,Functional,,2026-04-17 02:17:26.564824+00:00
6744,301600,2026-04915,Batch 2020,2019,DepEd (DCP),0,50,0,Non-Functional,,2026-04-20 02:40:05.577919+00:00
7574,124181,2026-38513,DCP Package 2023: Laptop for Non-Teaching,2024,DepEd (DCP),1,0,0,Functional,"Headset with Mic, HP Bluetooth Mouse",2026-04-24 07:51:28.377555+00:00
6967,317941,2026-03965,Batch 2022-01,2024,DepEd (DCP),46,0,1,Functional,,2026-04-20 06:32:25.619260+00:00
7025,303311,2026-33335,BATCH 22,2024,DepEd (DCP),96,0,0,Non-Functional,,2026-04-20 07:57:48.858536+00:00
7026,304889,2026-04029,Batch 2023-01,2024,DepEd (DCP),46,0,1,Functional,"Wireless router, charging cart, external drive",2026-04-20 07:58:23.482892+00:00
7029,303280,2026-34412,Batch 2024-01,2024,DepEd (DCP),45,0,0,Functional,,2026-04-20 08:02:31.612507+00:00
7030,302300,2026-26854,2024 E- Learning Package,2024,DepEd (DCP),46,0,1,Functional,"Routers, headphones and adapter",2026-04-20 08:02:54.238658+00:00
7031,302300,2026-26854,2018-01 E-Textbooks,2019,DepEd (DCP),1,50,0,Functional,Router,2026-04-20 08:02:54.245350+00:00
7575,124181,2026-38513,Laptop for Teaching Package Lot 2 SO#25-HP004,2025,DepEd (DCP),5,0,0,Functional,"Acer Backpack, A4Tech FG15C Wireless Mouse, Goodness GS-355 Headset",2026-04-24 07:51:28.383383+00:00
7039,306204,2026-12405,   ,2023,DepEd (DCP),97,0,7,Functional,,2026-04-20 08:07:12.842617+00:00
7040,501901,2026-12482,Batch 2022-01,2024,DepEd (DCP),46,0,1,Functional,,2026-04-20 08:09:36.086384+00:00
7095,301569,2026-04677,Batch 44,2025,DepEd (DCP),53,15,8,Functional,"Routers, Headphones, Adopters",2026-04-20 10:41:41.516416+00:00
4328,306380,2026-14477,PROJECT: DCP BATCH 36,2018,DepEd (DCP),2,0,0,Functional,"42 Desktop only, 2 projector, 2 laptop and 1 printer",2026-04-14 03:59:00.470795+00:00
5141,306046,2026-40876,Package 1 - e-Learning Cart,2022,DepEd (DCP),46,0,1,Functional,"2 Charging/Storage Carts
2 Wireless Routers
1 External Hard Drive",2026-04-15 01:11:26.241625+00:00
4330,303718,2026-20778,2024-01,2024,DepEd (DCP),46,0,1,Functional,,2026-04-14 04:00:01.327629+00:00
4331,301640,2026-05454,Batch 2023-1 eLEARNING,2023,DepEd (DCP),46,0,1,Functional,,2026-04-14 04:03:25.901347+00:00
5617,302940,2026-32533,BATCH 2022-01: E-LEARNING CART PACKAGE,2025,DepEd (DCP),46,0,1,Functional,"HEADPHONES, MOUSE, MOUSEPAD,2 PCS ROUTER, HARD DRIVE, ",2026-04-15 07:42:02.204960+00:00
5656,318805,2026-00956,DCP 2022,2022,DepEd (DCP),46,0,0,Functional,2 laptops were borrowed by the 2 Administrative Officers of Santa Marcela District,2026-04-15 08:14:43.161723+00:00
5657,318805,2026-00956,DCP 2023,2023,DepEd (DCP),46,0,0,Functional,5 laptops were borrowed by Santa Marcela West Central  School,2026-04-15 08:14:43.169624+00:00
5768,501444,2026-28995,DCP 2020,2022,DepEd (DCP),2,0,2,Functional,,2026-04-15 10:56:33.265299+00:00
5769,501444,2026-28995,Batch 22-01,2024,DepEd (DCP),46,0,1,Functional,,2026-04-15 10:56:33.272986+00:00
7338,500075,2026-11855,2024,2024,DepEd (DCP),42,32,1,Functional,,2026-04-21 08:01:08.659898+00:00
7343,501856,2026-40134,Batch 2023-01,2024,DepEd (DCP),46,0,1,Functional,"wireless mouse, hard drive, headset, mouse pad, routers, USB",2026-04-21 08:14:11.437798+00:00
7344,300646,2026-12432,Batch 2019-02,2021,DepEd (DCP),51,0,1,Functional,"Laptop Bag, Wireless Mouse, Headset, CD Writer",2026-04-21 08:22:21.624092+00:00
5998,324802,2026-34608,Batch 44,2024,DepEd (DCP),46,0,1,Functional,Router/External Hard Drive,2026-04-16 03:25:32.865306+00:00
7345,300646,2026-12432,Batch 2019-03,2021,DepEd (DCP),1,50,0,Functional,"Pouch, Docking Tablet Keyboard, Wireless Mouse, Power Adoptor, Headset, Laptop bag, Headset, CD Writer",2026-04-21 08:22:21.633208+00:00
6196,340697,2026-07068,LOT 3: IT PACKAGE (E-TEXTBOOK),2019,DepEd (DCP),1,50,2,Functional,"2-CHARGING CART, 1-WIRELESS ROUTER, 1-EXTERNAL HDD",2026-04-16 08:36:05.427713+00:00
7346,300646,2026-12432,Batch 2023-01,2024,DepEd (DCP),46,0,1,Functional,"Mouse, Headset, Laptop Bag, Wireless Router, External Hard drive, Flashdrive (Recovery Disk)",2026-04-21 08:22:21.643766+00:00
5999,301816,2026-22921,Batch 44,2023,DepEd (DCP),46,0,1,Functional,,2026-04-16 03:26:05.158052+00:00
6294,501781,2026-26214,Batch 29,2021,DepEd (DCP),40,0,2,Functional,,2026-04-17 02:18:19.623945+00:00
6374,303730,2026-20900,DCP 2024,2024,DepEd (DCP),51,0,1,Functional,,2026-04-17 04:55:41.027259+00:00
6457,304815,2026-04166,"SDO-DO,SEHV-3067¡",2024,DepEd (DCP),46,0,1,Functional,"Router,external hard drive",2026-04-17 09:51:49.270953+00:00
6459,300018,2026-07855,2022-01,2024,DepEd (DCP),46,0,1,Non-Functional,"Router, TP-Link Archer AX12, 223A124005294						
Router, TP-Link Archer AX12, 223A124006796			External Harddrive, Silicon Power 5TB Armor A62									",2026-04-17 10:00:49.520622+00:00
6518,309725,2026-23820,Batch 41,2018,DepEd (DCP),1,100,2,Non-Functional,,2026-04-18 00:35:45.661506+00:00
6580,300427,2026-11019,e-LRC,2023,DepEd (DCP),46,0,0,Functional,,2026-04-18 15:38:33.430316+00:00
6635,300891,2026-14916,DCP L4T,2024,DepEd (DCP),46,0,0,Functional,,2026-04-19 09:48:12.413832+00:00
7347,300646,2026-12432,Batch 2024-01,2024,DepEd (DCP),46,0,1,Functional,"Headset, Wireless Mouse, Laptop bag, Wireless Router, External Hard Drive, Flash Drive (Recovery Disk)",2026-04-21 08:22:21.650223+00:00
7419,301364,2026-18669,Batch 2023,2024,DepEd (DCP),46,0,1,Functional,,2026-04-22 04:25:10.091141+00:00
5579,500625,2026-11108,Batch 2019-03,2021,DepEd (DCP),2,50,0,Functional,"50 headphones, modem router",2026-04-15 07:26:53.260775+00:00
6745,301600,2026-04915,Batch 33,2016,DepEd (DCP),7,0,0,Non-Functional,,2026-04-20 02:40:05.623925+00:00
6889,301413,2026-18917,Batch 44,2024,DepEd (DCP),46,0,1,Functional,Headphones,2026-04-20 04:52:25.246311+00:00
6968,132924,2026-03895,DCP-2024,2025,DepEd (DCP),5,0,5,Functional,,2026-04-20 06:33:47.171136+00:00
7027,304148,2026-41094,Batch 44,2018,DepEd (DCP),50,0,0,Non-Functional,,2026-04-20 08:01:53.246650+00:00
6820,501104,2026-00732,2024,2024,DepEd (DCP),42,0,2,Functional,,2026-04-20 03:42:30.978586+00:00
7482,301601,2026-04850,Batch 36,2018,DepEd (DCP),0,50,0,Functional,,2026-04-23 05:17:14.550915+00:00
7483,301601,2026-04850,Batch 37,2019,DepEd (DCP),10,0,0,Functional,,2026-04-23 05:17:14.560131+00:00
7484,304732,2026-04336,44,2022,DepEd (DCP),46,0,1,Functional,"TplinkArcher, Hard Drive",2026-04-23 05:17:34.670955+00:00
7485,501917,2026-11869,batch 44,2024,DepEd (DCP),51,0,0,Functional,External Hard Drive-Silicon Power 5TB ,2026-04-23 05:43:06.268989+00:00
7486,501665,2026-11428,Batch 2,2025,DepEd (DCP),46,0,0,Functional,Headphones,2026-04-23 05:46:01.556760+00:00
7576,306508,2026-13261,BATCH 2022-01,2024,DepEd (DCP),46,0,0,Functional,"TP-LINK ARCHER AX12 AX1500 WIFI 6 ROUTER, SEAGATE LACIE MINI 5TB STJJ5000400 EXTERNAL DRIVE",2026-04-24 08:22:24.997354+00:00
7603,501364,2026-38479,Batch2024,2024,DepEd (DCP),46,0,1,Functional,"2pcs Storage Carts(Hard rack-CDG-B1 charge Cabinet
1 pc Silicpn power
1pcAP128GAH25BB-1APACER 128GB (Recovery Disk) ",2026-04-26 09:09:45.997019+00:00
7604,501364,2026-38479,Batch 2024,2024,DepEd (DCP),5,0,0,Functional,"Coby Headset
Laptop bag
Mouse Pad
USB",2026-04-26 09:09:46.004852+00:00
4338,500474,2026-16228,Batch 2022-01,2024,DepEd (DCP),46,0,0,Functional,,2026-04-14 04:05:42.409374+00:00
4333,502210,2026-06170,Batch 2022-01 E Learning Cart Package,2024,DepEd (DCP),46,0,1,Functional,,2026-04-14 04:03:57.199426+00:00
4336,319218,2026-01949,Batch 44,2024,DepEd (DCP),0,0,1,Functional,,2026-04-14 04:04:35.777516+00:00
4377,302538,2026-28876,Batch 2022-01,2024,DepEd (DCP),46,0,0,Functional,"Routers, Headphones, Adapters, Chargers",2026-04-14 04:24:43.908077+00:00
3157,303786,2026-21150,Bacth 41,2020,DepEd (DCP),0,50,1,Non-Functional,Unserviceable/notworking,2026-04-13 02:19:53.847556+00:00
4339,302452,2026-28541,44,2022,DepEd (DCP),46,0,1,Functional,"headphones, mouse, ",2026-04-14 04:06:25.811920+00:00
4340,302917,2026-31969,Batch 2022-01,2024,DepEd (DCP),46,0,1,Functional,,2026-04-14 04:07:07.028690+00:00
4341,300163,2026-09488,Batch 1,2024,DepEd (DCP),46,0,1,Functional,,2026-04-14 04:07:55.998439+00:00
4342,316805,2026-45513,2024,2024,DepEd (DCP),46,0,1,Functional,"external drive, routers, charging carts",2026-04-14 04:07:58.959647+00:00
5594,302129,2026-25282,Batch 2022,2024,DepEd (DCP),46,0,1,Functional,,2026-04-15 07:31:50.640126+00:00
7221,309016,2026-05351,e-learning Cart Package,2024,DepEd (DCP),46,0,1,Functional,2 wireless router and 1 external hard drive,2026-04-21 02:26:29.087947+00:00
4346,342343,2026-18043,Batch 2019-03,2021,DepEd (DCP),1,50,3,Functional,TP-Link Archer C9 Router,2026-04-14 04:10:33.381881+00:00
5236,303405,2026-35683,Batch 2022,2025,DepEd (DCP),46,0,1,Functional,,2026-04-15 02:33:46.407527+00:00
5779,319208,2026-01921,batch 24,2024,DepEd (DCP),45,9,4,Functional,"headphones, mouse",2026-04-15 11:20:07.008053+00:00
4349,102521,2026-11312,Batch 40,2020,DepEd (DCP),1,50,1,Functional,"Printer, headphones",2026-04-14 04:11:55.351506+00:00
4350,302875,2026-33464,Batch 41,2016,DepEd (DCP),0,50,1,Non-Functional,,2026-04-14 04:12:05.924850+00:00
4351,302875,2026-33464,Batch 42,2019,DepEd (DCP),0,50,2,Non-Functional,,2026-04-14 04:12:05.933704+00:00
4352,302875,2026-33464,Batch 2022,2022,DepEd (DCP),46,0,0,Functional,,2026-04-14 04:12:05.940596+00:00
4397,115992,2026-28523,Batch 2024,2024,DepEd (DCP),46,0,1,Functional,"2 Routers, 1 external hardrive",2026-04-14 04:35:24.664770+00:00
7222,309016,2026-05351,SMART TV PACKAGE,2023,DepEd (DCP),0,0,7,Functional,,2026-04-21 02:26:29.093485+00:00
4355,501695,2026-44447,DCP 2022,2024,DepEd (DCP),46,0,1,Functional,"Routers, Headphones, mouse",2026-04-14 04:15:31.201979+00:00
7223,309016,2026-05351,MULTIMEDIA PACKAGE,2020,DepEd (DCP),2,0,3,Functional,3 Lapel,2026-04-21 02:26:29.098680+00:00
7224,309016,2026-05351,Batch 44,2019,DepEd (DCP),1,50,0,Non-Functional,,2026-04-21 02:26:29.104407+00:00
7225,309016,2026-05351,Batch 33,2016,DepEd (DCP),2,0,0,Non-Functional,,2026-04-21 02:26:29.110187+00:00
7339,304861,2026-03614,DCP BATCH 36-2018,2021,DepEd (DCP),0,50,1,Non-Functional,NON-FUNCTIONAL,2026-04-21 08:06:12.264435+00:00
7340,304861,2026-03614,DCP BATCH 2024,2024,DepEd (DCP),46,0,0,Functional,,2026-04-21 08:06:12.274624+00:00
4361,501171,2026-10688,Batch 1,2024,DepEd (DCP),46,0,1,Functional,,2026-04-14 04:17:30.355951+00:00
4362,305137,2026-01115,BATCH 22,2022,DepEd (DCP),45,0,1,Functional,"Mouse, Router, External Hard Drive",2026-04-14 04:17:43.761385+00:00
3637,301832,2026-23018,elearning Cart package 22,2024,DepEd (DCP),46,0,1,Functional,,2026-04-13 08:31:26.939713+00:00
4365,302349,2026-27308,BATCH 2023-01:eLearning Cart Package,2024,DepEd (DCP),46,0,1,Functional,,2026-04-14 04:18:26.762103+00:00
4366,302348,2026-27283,BATCH 2023,2024,DepEd (DCP),46,0,1,Functional,"Includes Tip-Link Archer AX12,silicon power Armor 160",2026-04-14 04:18:27.277847+00:00
4367,302348,2026-27283,BATCH 36,2017,DepEd (DCP),0,50,1,Non-Functional,All Pc tablets are now none functioning.,2026-04-14 04:18:27.285234+00:00
4368,305514,2026-42664,e-Learning Package 2022,2024,DepEd (DCP),46,0,1,Functional,"Routers, Headphones, lapel, external hard drive, recovery disc, ",2026-04-14 04:18:40.516762+00:00
4370,301514,2026-19867,Batch 2019-02,2020,DepEd (DCP),51,0,1,Functional,,2026-04-14 04:19:50.332790+00:00
4371,301514,2026-19867,Batch 2019-03 E Text Book Lot 3,2020,DepEd (DCP),50,0,0,Functional,,2026-04-14 04:19:50.344641+00:00
4372,301514,2026-19867,DCP 2020 Multimedia Package,2021,DepEd (DCP),1,0,1,Functional,,2026-04-14 04:19:50.354180+00:00
4373,301514,2026-19867,Batch 2023-1 e-Learning Cart Package,2024,DepEd (DCP),46,0,1,Functional,"46 Mouse, 46 Headphones",2026-04-14 04:19:50.359406+00:00
4374,301514,2026-19867,DCP 2023-2024,2024,DepEd (DCP),1,0,0,Functional,,2026-04-14 04:19:50.368476+00:00
4376,305729,2026-07196,2023c-ICTS3,2024,DepEd (DCP),46,0,1,Functional,"Headphones, flash drive, wifi router, external drive",2026-04-14 04:22:44.482352+00:00
4378,303770,2026-21218,FY 2022 eLC,2022,DepEd (DCP),46,0,0,Functional,,2026-04-14 04:25:53.405957+00:00
4379,302617,2026-30140,Batch 1,2022,DepEd (DCP),46,0,0,Functional,,2026-04-14 04:26:40.817082+00:00
4382,100120,2026-07735,TechGuru Inc . Batch 2024-01,2024,Other,46,0,1,Functional,"routers, headset,  mousepads, hard drives, laptop bags",2026-04-14 04:28:00.201937+00:00
4384,304049,2026-41228,Batch 2022-01,2022,DepEd (DCP),46,0,0,Functional,,2026-04-14 04:29:06.216535+00:00
4385,304049,2026-41228,BATCH 2023-01,2023,DepEd (DCP),46,0,0,Functional,,2026-04-14 04:29:06.234718+00:00
4386,320601,2026-07549,2024 PIXPRO PX-M1025,2024,LGU / SEF,0,50,0,Functional,,2026-04-14 04:29:43.451463+00:00
5880,104835,2026-13615,DCP 2024,2024,DepEd (DCP),5,0,5,Functional,,2026-04-15 23:58:25.212376+00:00
5881,104835,2026-13615,DCP 2021,2024,DepEd (DCP),5,0,0,Functional,The 2 laptops had defective batteries upon delivery. ,2026-04-15 23:58:25.219341+00:00
4389,305546,2026-29184,2024-01,2024,DepEd (DCP),46,0,1,Functional,"Routers, Headphones, Mouse",2026-04-14 04:30:21.798653+00:00
4390,316401,2026-43193,Batch 2022,2022,DepEd (DCP),46,0,1,Functional,"Routers, Headphones, Mouse, Bags, Hardrives",2026-04-14 04:31:23.438641+00:00
4391,316401,2026-43193, Batch 2024,2024,DepEd (DCP),46,0,1,Functional,"Routers, Headphones, Mouse, Bags, Hardrives",2026-04-14 04:31:23.444093+00:00
5882,104835,2026-13615,BATCH 29,2016,DepEd (DCP),1,0,0,Non-Functional,7 Desktops,2026-04-15 23:58:25.225162+00:00
5883,104835,2026-13615,BATCH 26,2016,DepEd (DCP),1,0,0,Non-Functional,,2026-04-15 23:58:25.230514+00:00
4395,500552,2026-29476,Batch 2023-01,2024,DepEd (DCP),46,0,1,Functional,"2 units - TP-Link Archer AX12, 2 units - TSDI Charging Cart, 1 unit - Silicon Power Armor A60, 46 units - Mouse HP Optical Wireless Bluetooth Connection, 46 units - Headset HP, 46 pcs - Complimentary Bag",2026-04-14 04:32:13.421667+00:00
4396,500552,2026-29476,Batch 2025-03,2025,DepEd (DCP),5,0,0,Functional,"5 units - Mouse Coby Wireless, Optical and Rechargeable, 5 units s- Headset Coby, 5 pcs - Laptop Bag",2026-04-14 04:32:13.428368+00:00
4398,300825,2026-14251,Batch 2019-03-E-Textbook,2019,DepEd (DCP),0,50,0,Non-Functional,"4 missing tablets, 46 pcs not functional",2026-04-14 04:36:58.093268+00:00
4392,302685,2026-30064,Batch 2022-01,2024,DepEd (DCP),46,0,1,Functional,"router, external hard drive",2026-04-14 04:31:34.772638+00:00
4399,305565,2026-07437,22,2025,DepEd (DCP),46,0,6,Functional,,2026-04-14 04:37:25.640919+00:00
5237,304648,2026-45529,Batch 2023-01,2024,DepEd (DCP),46,0,1,Functional,wireless router-TP Link Archer Ax12/ External Hard Drive,2026-04-15 02:34:08.435759+00:00
5238,304648,2026-45529,Not Stated,2024,DepEd (DCP),46,0,1,Functional,TP link router/ external hard drive,2026-04-15 02:34:08.442237+00:00
5436,314301,2026-22249,Batch 2023,2023,DepEd (DCP),54,40,1,Functional,"Headphones, Bags, charger, mouse pad",2026-04-15 05:16:47.402334+00:00
5600,303742,2026-21075,DCP 2018,2018,DepEd (DCP),1,50,0,Non-Functional,"1 WIRELESS ROUTER (NOT FUNCTIONAL), 50 HEADPHONES (NOT FUNCTIONAL), 50 MOUSE (NOT FUNCTIONAL)",2026-04-15 07:32:19.333376+00:00
5601,303742,2026-21075,DCP 2019,2019,DepEd (DCP),50,0,1,Non-Functional,"1 MODEM ROUTER (NOT FUNCTIONAL), 50 MOUSE (NOT FUNCTIONAL), 50 HEADPHONES (NOT FUNCTIONAL), 1 MULTIFUNCTION PRINTER (NOT FUNCTIONAL) ",2026-04-15 07:32:19.338634+00:00
5602,303742,2026-21075,DCP2022,2022,DepEd (DCP),46,0,1,Functional,"46 HEADSET (FUNCTIONAL), 46 MOUSE (FUNCTIONAL), 2 MODEM ROUTER (FUNCTIONAL), 1 EXTERNAL HARD DRIVE",2026-04-15 07:32:19.344082+00:00
5603,303742,2026-21075,DCP 2024,2024,DepEd (DCP),5,0,0,Functional,,2026-04-15 07:32:19.351628+00:00
5604,303742,2026-21075,DCP 2023,2023,DepEd (DCP),5,0,0,Functional,,2026-04-15 07:32:19.357143+00:00
5773,304379,2026-42852,2022-01,2024,DepEd (DCP),46,0,0,Functional,"Router, external hard drive, mouse, flash drive",2026-04-15 10:59:05.844849+00:00
5776,305450,2026-07496,2024,2024,DepEd (DCP),40,0,1,Functional,,2026-04-15 11:02:50.090802+00:00
5887,501443,2026-28974,ELEARNING CART PACKAGE,2024,DepEd (DCP),48,0,1,Functional,"ADAPTERS, HEADPHONES, ROUTERS",2026-04-16 00:05:50.806628+00:00
5897,501373,2026-39691,DCP-PACKAGE 2025,2025,DepEd (DCP),46,0,1,Functional,,2026-04-16 00:35:12.064364+00:00
5903,500434,2026-45499,Batch 1,2024,DepEd (DCP),46,0,0,Functional,,2026-04-16 00:37:36.206551+00:00
6000,313324,2026-35007,DCP 2022,2024,DepEd (DCP),46,0,1,Functional,"46 headphones, 46 wireless mouse",2026-04-16 03:29:11.009823+00:00
6005,303344,2026-34856,DCP 2023 e-learning Package,2024,DepEd (DCP),0,0,0,Functional,,2026-04-16 03:44:19.223378+00:00
6096,131546,2026-02401, Batch 2024,2024,DepEd (DCP),46,0,0,Functional,"Router, USB flash drive, ",2026-04-16 06:09:34.371206+00:00
6100,302626,2026-30672,BATCH,2024,DepEd (DCP),46,0,1,Functional,ROUTER AND HEADPHONE,2026-04-16 06:12:49.277318+00:00
6132,302660,2026-30693,Batch 2022-01 ELEARNING CART PACKAGE,2024,DepEd (DCP),46,0,1,Functional,"2 units TP-LINK ARCHER AX12
1 unit SILICON POWER ARMOR 160
",2026-04-16 06:52:52.491192+00:00
6295,105156,2026-13936,2019-01,2020,DepEd (DCP),1,50,0,Functional,,2026-04-17 02:26:22.220382+00:00
6297,305122,2026-00799,Batch 2024-01,2024,DepEd (DCP),45,0,1,Functional,Wifi Router,2026-04-17 02:31:00.260498+00:00
7348,302337,2026-27094,2018-01 (E-Textbooks) DCP,2019,DepEd (DCP),1,50,0,Functional,,2026-04-21 08:38:13.191421+00:00
7098,302073,2026-24900,E-Learning Cart Package 2022,2022,DepEd (DCP),46,0,1,Functional,"External Hard Drives, Modern Router",2026-04-20 10:57:47.106268+00:00
7099,302073,2026-24900,DCP 2023,2023,DepEd (DCP),46,0,1,Functional,"Modern Routers, External Hard Drive",2026-04-20 10:57:47.111870+00:00
6458,303040,2026-33510,2022-01,2024,DepEd (DCP),96,0,1,Functional,13 not serviceable,2026-04-17 09:52:09.197307+00:00
6464,301181,2026-16787,Batch 2024-01,2024,DepEd (DCP),46,0,1,Functional,,2026-04-17 10:31:46.731736+00:00
7101,319504,2026-07009,Batch 2019-2,2019,DepEd (DCP),51,0,1,Functional,TP Link Archer C9 AC1900 Wireless Router,2026-04-20 11:05:43.573470+00:00
6463,317446,2026-02603,DCP Package,2023,DepEd (DCP),46,0,1,Functional,,2026-04-17 10:30:09.047229+00:00
6519,501482,2026-28638,batch,2024,DepEd (DCP),46,0,0,Functional,none,2026-04-18 01:11:38.308600+00:00
6525,317414,2026-02538,Batch 2018-01,2018,DepEd (DCP),1,50,0,Functional,Headphones and Tablets are not functional,2026-04-18 01:37:14.283299+00:00
6526,317414,2026-02538,Batch 2022-01,2022,DepEd (DCP),46,0,1,Functional,Headphones and Wireless Mouse are still functioning,2026-04-18 01:37:14.293403+00:00
6581,317426,2026-02689,44,2020,DepEd (DCP),46,50,2,Functional,,2026-04-18 17:23:39.085905+00:00
1257,300653,2026-12612,batch 2019-02,2021,DepEd (DCP),50,0,1,Functional,"TP LINK AC1900, epson 3150,",2026-04-09 04:32:53.809824+00:00
6746,301600,2026-04915,Batch 13,2013,DepEd (DCP),50,0,0,Non-Functional,,2026-04-20 02:40:06.314944+00:00
6890,305480,2026-02649,"Supply, Delivery, and Maintenance of DCP Packages 2023 Batch 2023-01: eLearning Cart Package, Contract No. 2024c-ICTS3(009)-BVI-CB008-C079",2024,DepEd (DCP),46,0,1,Functional,"Coby Headset- 46pcs
Coby Wireless Mouse- 46pcs
External Hard Drive Silicon Power Armor- 1pc
Laptop Bag- 46pcs
Mouse pad- 46pcs
Charging Cart Chargestation- 2pcs
Wireless Router Archer- 2pcs
",2026-04-20 04:55:37.477070+00:00
6972,301346,2026-18650,Batch 2019-02,2021,DepEd (DCP),51,0,1,Non-Functional,"Wireless Router, Printer",2026-04-20 06:38:09.765880+00:00
6973,301346,2026-18650,Batch 2019-03,2021,DepEd (DCP),1,50,0,Non-Functional,Wireless Router ,2026-04-20 06:38:09.773029+00:00
7028,500496,2026-20093,Batch 2024,2024,DepEd (DCP),46,0,0,Functional,,2026-04-20 08:02:19.507791+00:00
7036,302107,2026-25085,Batch 2023-03,2023,DepEd (DCP),5,0,0,Functional,"64 GB USB Flash Drive, Goodmess GS-355 Head Set, Delux ML39 Optical Wireless Mic, Carrying Bag, 512 GB NVME M2 SSD, Windows 11 Pro Education, Intel-Core 15-1240P Processor, 8 GB DDR4 Memory",2026-04-20 08:05:50.053258+00:00
7037,302107,2026-25085,Batch 2023-01,2023,DepEd (DCP),46,0,1,Functional,"Carrying Bag, Delux ML39 Optical Wireless Mic, Goodmess GS-355 Head Set, 64 GB USB Flashdrive, Smart TV, Wireless Router, Charging Cart, LacieSTU5000400plugged Mini 5TBExt, HDD",2026-04-20 08:05:50.059713+00:00
7102,319504,2026-07009,Batch 2023-01,2025,DepEd (DCP),46,0,1,Functional,"USB Recovery Flash Drive 
Basic Full Motion TV Mount 
5 METER HDMI CABLE 
MEDIA PLAYER/ PORTABLE STORAGE  MOUNTING KIT (SMALL)
TP-Link Archer AX12 AX1500 WI-FI 6 ROUTER
SILICON Power Armor A62 5TB EXT HDD",2026-04-20 11:05:43.579662+00:00
6375,500064,2026-11304,Batch 2024-02,2024,DepEd (DCP),0,0,5,Non-Functional,,2026-04-17 04:57:58.607715+00:00
6376,500064,2026-11304,Batch 2023-01,2024,DepEd (DCP),46,0,1,Functional,,2026-04-17 04:57:58.614586+00:00
1742,500686,2026-39621,Lot 7: IT Package,2019,DepEd (DCP),50,0,0,Non-Functional,,2026-04-10 03:21:33.023157+00:00
7491,101848,2026-09731,DCP 2025,2025,DepEd (DCP),0,0,5,Functional,"External Hard Drive, 5TB (ADATA model:HD330) 5 pcs",2026-04-23 06:12:24.668825+00:00
7492,101848,2026-09731,DCP 2025 -May 30,2025,DepEd (DCP),1,0,0,Functional,"Lenovo wired headset, Lenovo wireless mouse",2026-04-23 06:12:24.674585+00:00
7493,303515,2026-36904,Batch 36,2023,DepEd (DCP),50,50,2,Functional,Charging unit,2026-04-23 06:26:37.886729+00:00
7494,304904,2026-03860,Batch 2022,2024,DepEd (DCP),0,46,1,Functional,,2026-04-23 06:29:09.518600+00:00
5239,501250,2026-40477,Batch 2022,2022,DepEd (DCP),46,0,0,Functional,,2026-04-15 02:34:34.335511+00:00
5439,303393,2026-35740,batch 2022,2024,DepEd (DCP),46,0,1,Functional,"2 routers, 46 headphones",2026-04-15 05:18:15.140448+00:00
5448,320407,2026-07465,Batch 2022,2024,DepEd (DCP),46,0,0,Functional,"46 Backpacks, 46 mouse, 46 headphones, 1 recovery flashdrive, 1pc 5m HDMI cable, 1 pc media player/portable storage mounting kit, 2 tplink wifi router, 2 charging cart, 1 seagate external drive (5TB)",2026-04-15 05:26:22.457172+00:00
5607,303028,2026-32887,BATCH 2022-01,2024,DepEd (DCP),46,0,1,Functional,"TP-LINK WIRELESS ROUTER, EXTERNAL HDD, FLASH DRIVE RECOVERY",2026-04-15 07:33:00.297003+00:00
5624,300446,2026-10956,BATCH 2023-01,2024,DepEd (DCP),46,0,1,Functional,2 TPLINK ARCHER,2026-04-15 07:44:18.840332+00:00
5777,316103,2026-42612,DCP 2022,2024,DepEd (DCP),46,0,1,Functional,4 Laptops need to repair and 42 functional,2026-04-15 11:07:45.358781+00:00
6842,132715,2026-03711,Haier laptop,2024,DepEd (DCP),5,0,0,Functional,1 unit of laptop not functional,2026-04-20 03:59:09.538114+00:00
5888,300934,2026-15011,2024-01,2024,DepEd (DCP),46,0,1,Functional,,2026-04-16 00:17:07.608977+00:00
6002,302619,2026-30120,2022-01,2024,DepEd (DCP),46,0,1,Functional,"TP-Link Archer, Charging Carts, External Hard drive, mouse and bags ",2026-04-16 03:30:56.955843+00:00
6016,300753,2026-16751,DCP Batch 2022-01,2022,DepEd (DCP),46,0,1,Functional,,2026-04-16 04:01:38.341752+00:00
6024,302628,2026-30674,BATCH 2022-01,2024,DepEd (DCP),45,0,14,Functional,,2026-04-16 04:09:45.216006+00:00
6097,306709,2026-13791,LOT 3 BATCH 2024-01,2024,DepEd (DCP),46,0,1,Functional,"46 Headphones, 2 router, 46 mouse, 1 Flash Drive, 5 TB external Hard Drive, 2 Charging Cart",2026-04-16 06:10:15.725464+00:00
6098,306709,2026-13791,2019-03: E Textbooks,2019,DepEd (DCP),1,50,0,Functional,"1 Router, 2 Charging Cart, ",2026-04-16 06:10:15.731951+00:00
4862,136221,2026-01891,Batch 29,2016,DepEd (DCP),1,0,0,Non-Functional,"Unserviceable, includes speaker and projector also Unserviceable ",2026-04-14 08:26:58.841179+00:00
4863,136221,2026-01891,BATCH 40,2018,DepEd (DCP),1,0,0,Non-Functional,"Unserviceable, includes speaker also unserviceable ",2026-04-14 08:26:58.849339+00:00
4864,136221,2026-01891,Batch 2018-01,2019,DepEd (DCP),0,25,0,Functional,"10 units functional, 15 units needs repair",2026-04-14 08:26:58.855638+00:00
6199,304050,2026-41277,33,2022,DepEd (DCP),50,25,1,Functional,,2026-04-16 08:37:49.617287+00:00
6298,306426,2026-10753,eLearning Cart Package,2023,DepEd (DCP),46,0,12,Functional,"Routers, USB Flash Drive,",2026-04-17 02:31:09.187474+00:00
6378,502156,2026-40997,Batch 24,2024,DepEd (DCP),46,0,1,Functional,Wireless router ,2026-04-17 05:05:27.454057+00:00
6382,304118,2026-40819,COBY LAPTOP DCP Package,2024,DepEd (DCP),44,0,1,Functional,"Headphones, Adapter, mouse(wireless)",2026-04-17 05:14:56.160228+00:00
6460,501949,2026-13411,E-cart,2024,DepEd (DCP),46,0,0,Functional,,2026-04-17 10:06:35.729542+00:00
6520,306949,2026-14977,2023-01,2024,DepEd (DCP),46,0,1,Functional,,2026-04-18 01:18:37.220608+00:00
6521,306949,2026-14977,2023-03,2024,DepEd (DCP),5,0,0,Functional,,2026-04-18 01:18:37.227905+00:00
7230,302692,2026-29943,DCP Package 2019,2019,DepEd (DCP),3,50,0,Functional,"3 Headset, 1 Router, 2 Projector",2026-04-21 02:29:28.888890+00:00
7231,302692,2026-29943,DCP Package 2024,2024,DepEd (DCP),46,0,1,Functional,"2 Silicon Power Armor Hard drive,  2 TP Link Archer Ax12",2026-04-21 02:29:28.894636+00:00
6898,305395,2026-07220,DCP,2019,DepEd (DCP),1,50,0,Functional,2 charging and storage Cart,2026-04-20 05:05:13.910881+00:00
6637,304723,2026-04335,DCP Batch 2023-01,2024,DepEd (DCP),46,0,0,Functional,"Mouse, Mouse Pad, Headphones",2026-04-19 12:27:55.790577+00:00
7232,302692,2026-29943,DCP Package 2024-2,2024,DepEd (DCP),42,0,0,Functional,"Headphones, Adapter",2026-04-21 02:29:28.904467+00:00
6689,500545,2026-26939,DCP 2023-01,2024,DepEd (DCP),46,0,1,Functional,chargers,2026-04-20 01:19:32.782855+00:00
7351,305103,2026-00705,2,2024,DepEd (DCP),46,10,0,Non-Functional,,2026-04-21 08:59:10.787032+00:00
7421,313403,2026-36114,Batch 2024,2024,DepEd (DCP),46,0,1,Functional,,2026-04-22 05:13:59.741699+00:00
6823,304916,2026-03861,DCP 2024,2025,DepEd (DCP),40,0,0,Functional,,2026-04-20 03:44:13.156545+00:00
6831,132728,2026-03927,24,2015,DepEd (DCP),1,0,0,Non-Functional,,2026-04-20 03:48:13.786640+00:00
7487,103698,2026-11931,Batch 44,2024,DepEd (DCP),46,0,5,Functional,Headphones,2026-04-23 06:07:15.346950+00:00
6638,308044,2026-18995,PIXPRO CHARGING CART,2019,DepEd (DCP),0,0,0,Functional,,2026-04-19 12:28:15.379662+00:00
6639,308044,2026-18995,TP-LINK ARCHER C9,2024,DepEd (DCP),46,0,1,Functional,,2026-04-19 12:28:15.385660+00:00
6841,300213,2026-09345,BATCH ,2024,DepEd (DCP),46,0,1,Functional,HEADPHONE,2026-04-20 03:56:33.480083+00:00
6899,500399,2026-38618,2022-01,2022,DepEd (DCP),46,0,0,Functional,Lapel,2026-04-20 05:05:17.288035+00:00
6974,301384,2026-18928,DCP-2019-03,2021,DepEd (DCP),1,50,0,Non-Functional,Non-Functional,2026-04-20 06:44:19.710273+00:00
6975,301384,2026-18928,DCP 2020 Multimedia Package,2022,DepEd (DCP),1,0,1,Non-Functional,without Charging cart and with 1 lapel but not working ,2026-04-20 06:44:19.717108+00:00
6976,301384,2026-18928,DCP Batch 2023-01,2024,DepEd (DCP),92,0,2,Functional,4 Charging Carts,2026-04-20 06:44:19.723102+00:00
6977,301384,2026-18928,DCP Batch 2023-03,2024,DepEd (DCP),10,0,0,Non-Functional,Without Other Equipment such as Charging Cart,2026-04-20 06:44:19.728567+00:00
6978,301384,2026-18928,Procurement of Region IV-A,2022,Other,0,6,0,Non-Functional,Without other equipment and all tablets are non-working,2026-04-20 06:44:19.734202+00:00
6979,301384,2026-18928,Procurement of SDO Quezon,2022,Other,0,21,0,Non-Functional,Without other equipment all tablets are non-working ,2026-04-20 06:44:19.740144+00:00
6980,301384,2026-18928,Procurement of Provincial Government (SEF),2022,Other,0,48,0,Non-Functional,Without other equipment and all tablets are non-working,2026-04-20 06:44:19.745417+00:00
7032,302637,2026-30796,Batch 35,2018,DepEd (DCP),2,0,0,Functional,"1 Printer, 44 Keyboard and Mouse, 42 Headphones, 2 Host PC, 44 Monitors, 14 Extension 6 Gang, 2 UPS, 7 Networking Peripherals, 2 Tripod Projector Screen and Mounting Bracket, 1 Multimedia Speaker, 7 AVR, 42 Virtualization Devices, 4 Networking Switch",2026-04-20 08:03:49.361290+00:00
7488,103698,2026-11931,Batch 44,2024,DepEd (DCP),46,0,5,Functional,Headphones,2026-04-23 06:07:15.352965+00:00
7577,318704,2026-00475,Batch 2024,2024,DepEd (DCP),46,0,1,Functional,"Wireless Router, External HDD",2026-04-24 10:37:34.227794+00:00
3848,301631,2026-05238,Batch 2023-03,2024,DepEd (DCP),5,0,0,Functional,,2026-04-13 13:10:41.156498+00:00
5778,301991,2026-24439,2022-01 ,2024,DepEd (DCP),46,0,1,Functional,,2026-04-15 11:17:13.217928+00:00
5788,302496,2026-29160,Batch 42,2019,DepEd (DCP),0,50,0,Functional,tablets are all unfunctional,2026-04-15 11:35:54.679426+00:00
4410,303881,2026-22432,Batch 2024,2024,DepEd (DCP),46,24,3,Functional,"2 routers, 50 headphones",2026-04-14 04:44:51.475318+00:00
4411,303881,2026-22432,batch 2023-03,2024,DepEd (DCP),10,0,0,Functional,adapter,2026-04-14 04:44:51.482546+00:00
4412,300813,2026-16414,DCP 2020 Multimedia Package,2022,DepEd (DCP),1,0,1,Functional,,2026-04-14 04:45:52.719043+00:00
4413,300813,2026-16414,DCP 2020 BATCH 2019-03,2020,DepEd (DCP),0,50,0,Functional,"E Textbook 1 Server, 1 wireless router, 2 viewtech charging cart",2026-04-14 04:45:52.726289+00:00
4414,300813,2026-16414,DCP Packages 2023 Batch 2023-01 ELearning Cart Package and Batch 2023-02 ,2024,DepEd (DCP),1,0,1,Functional,"Mouse, Headset, Bag",2026-04-14 04:45:52.732601+00:00
4415,305576,2026-07464,21,2024,DepEd (DCP),46,0,1,Functional,,2026-04-14 04:47:11.545004+00:00
4416,301209,2026-17708,DCP Batch 2022,2024,DepEd (DCP),46,0,1,Functional,"2 routers, 1 external hard drive, 1 flash drive",2026-04-14 04:48:35.930447+00:00
5440,303428,2026-35564,Batch 43,2024,DepEd (DCP),46,0,1,Functional,,2026-04-15 05:20:46.197406+00:00
4418,300428,2026-10630,Batch 2023-01: e-Learning Cart Package,2024,DepEd (DCP),46,0,1,Functional,"Router -2
External Hard Drive - 1",2026-04-14 04:50:43.505399+00:00
4419,314118,2026-20705,BATCH 2024-01,2024,DepEd (DCP),46,0,1,Functional,,2026-04-14 04:50:47.647693+00:00
4420,303968,2026-39235,Batch 2022-eLC,2024,DepEd (DCP),46,0,1,Functional,"Wireless Routers, charging cart",2026-04-14 04:51:35.267197+00:00
4422,315404,2026-40859,LOT7:IT PACKAGE (E-TEXTBOOK),2019,DepEd (DCP),1,50,0,Functional,,2026-04-14 04:55:33.903983+00:00
4423,315404,2026-40859,BATCH 2019 -02 : JHS/SHS ICT PACKAGE -LOT 6,2020,DepEd (DCP),51,0,1,Functional,ROUTER,2026-04-14 04:55:33.912216+00:00
4424,315404,2026-40859,BATCH 2022-01 E-LEARNING CART PACKAGE ,2024,DepEd (DCP),46,0,1,Functional,"ROUTER,EXTERNAL HARD DRIVE , FLASH DRIVE",2026-04-14 04:55:33.917623+00:00
4425,302670,2026-30036,IT PACKAGE E-TEXTBOOK,2019,DepEd (DCP),1,50,0,Functional,"Headset, External ODD, Wireless Mouse, Wireless Router",2026-04-14 04:55:35.426060+00:00
4426,302670,2026-30036,Batch 2019-02 JHS/SHS,2021,DepEd (DCP),51,0,1,Functional,"External VDV Writer, Wireless Mouse, Headset, Wireless Router, Printer",2026-04-14 04:55:35.432898+00:00
4427,302670,2026-30036,DCP E-Learning 2023-Batch 2023-01,2024,DepEd (DCP),46,0,1,Functional,"Wireless router, External Hard Drive",2026-04-14 04:55:35.438557+00:00
5441,303428,2026-35564,Batch 44,2024,DepEd (DCP),46,0,1,Functional,,2026-04-15 05:20:46.203922+00:00
5608,311003,2026-29094,eLearning Cart Package,2024,DepEd (DCP),46,0,1,Functional,,2026-04-15 07:33:38.913992+00:00
4430,301472,2026-19558,BATCH 2023-01: ELEARNING CART PACKAGE,2024,DepEd (DCP),46,0,0,Functional,Router,2026-04-14 04:58:19.930374+00:00
4436,500631,2026-16703,Batch 2020,2020,DepEd (DCP),0,50,0,Functional,,2026-04-14 05:00:12.801703+00:00
4437,304004,2026-39853,batch 2023-01,2024,DepEd (DCP),46,0,1,Functional,,2026-04-14 05:00:40.853482+00:00
4438,304004,2026-39853,batch 2022-01,2024,DepEd (DCP),46,0,1,Functional,,2026-04-14 05:00:40.859535+00:00
4439,304004,2026-39853,batch 2019-02,2021,DepEd (DCP),51,0,1,Functional,,2026-04-14 05:00:40.865695+00:00
4421,501399,2026-39683,Batch 2,2024,DepEd (DCP),46,0,1,Functional,"It also includes 2 charging carts, 2 wireless router, and 1 External HDD",2026-04-14 04:53:35.617775+00:00
4440,301199,2026-17573,46,2022,DepEd (DCP),0,50,0,Non-Functional,,2026-04-14 05:03:18.884002+00:00
4441,301199,2026-17573,36,2021,DepEd (DCP),1,50,0,Functional,,2026-04-14 05:03:18.892683+00:00
4445,304618,2026-45482,2024,2024,DepEd (DCP),46,0,2,Functional,,2026-04-14 05:08:43.812953+00:00
4446,502367,2026-39507,e-learning Cart ,2023,DepEd (DCP),46,0,1,Functional,"2 charging storage
2 wireless routers
1 external hard drive",2026-04-14 05:09:48.059920+00:00
4447,502367,2026-39507,Batch 2023-01,2023,DepEd (DCP),46,0,1,Functional,"2 charging storage cart
2 wireless routers
1 external hard drive",2026-04-14 05:09:48.067088+00:00
5889,315102,2026-39997,Batch 2023-01E LEARNING PACKAGES ( 1 Package),2025,DepEd (DCP),46,0,1,Functional,Routers - Functional; Headphones - Functional; Mouse - Not Functional; Laptop touch pad - Not functional; Laptop batteries are almost drained. ,2026-04-16 00:17:36.351510+00:00
4449,302470,2026-29183,2024-01,2024,DepEd (DCP),46,0,1,Non-Functional,"Wireless Router, External HDD",2026-04-14 05:12:53.225846+00:00
4450,120243,2026-34540,Batch 44,2023,DepEd (DCP),0,0,5,Functional,,2026-04-14 05:12:58.588887+00:00
4452,500030,2026-23525,Batch 13,2013,DepEd (DCP),0,0,0,Non-Functional,unserviceable,2026-04-14 05:14:40.753876+00:00
4453,500030,2026-23525,Batch 33,2019,DepEd (DCP),50,0,0,Non-Functional,,2026-04-14 05:14:40.761545+00:00
4454,500030,2026-23525,Batch 2022,2022,DepEd (DCP),46,0,1,Non-Functional,,2026-04-14 05:14:40.769301+00:00
4455,500030,2026-23525,Batch 42,2022,DepEd (DCP),0,0,0,Non-Functional,,2026-04-14 05:14:40.781856+00:00
4456,342568,2026-19454,eLearning Cart Package,2024,DepEd (DCP),46,0,1,Functional,,2026-04-14 05:15:11.553204+00:00
5953,502125,2026-22652,DCP E-LEARNING 2023,2024,DepEd (DCP),46,0,1,Functional,"adapters, headset, mouse, HDD, Laptop bag, HDMI cable, HDD Kit",2026-04-16 02:13:09.645967+00:00
4458,500613,2026-08896,BATCH 2024-01,2024,DepEd (DCP),46,0,1,Functional,"COBY Headset CD 128
COBY Wireless Mouse
External Drive
PIXPRO CHARGING CART CHARGES STATION MAX",2026-04-14 05:16:13.769696+00:00
4459,302250,2026-26400,Batch 23,2024,DepEd (DCP),46,0,1,Functional,,2026-04-14 05:17:40.086950+00:00
4460,302250,2026-26400,Batch 2022,2024,DepEd (DCP),46,0,1,Functional,,2026-04-14 05:17:40.093594+00:00
6099,131276,2026-45527,Batch 44,2014,DepEd (DCP),2,0,2,Functional,,2026-04-16 06:11:30.598285+00:00
6200,300450,2026-10776,Batch 2019-03,2021,DepEd (DCP),51,0,1,Functional,"Bags, Headset, mouse, printer",2026-04-16 08:41:38.124391+00:00
6201,300450,2026-10776,Batch 2019-03,2021,DepEd (DCP),1,48,0,Functional,"bag, routers",2026-04-16 08:41:38.132751+00:00
4435,116424,2026-29041,BATCH 2024,2024,DepEd (DCP),51,0,1,Functional,,2026-04-14 04:59:53.418982+00:00
4489,304546,2026-44915,DCP LAPTOPS,2024,DepEd (DCP),46,0,1,Functional,"STORAGE CARTS, WIRELESS ROUTERS, EXTERNAL DRIVE ",2026-04-14 05:26:55.002012+00:00
4490,304546,2026-44915,batch 41,2017,DepEd (DCP),50,0,0,Functional,,2026-04-14 05:26:55.007322+00:00
4491,304546,2026-44915,batch 36,2016,DepEd (DCP),0,0,0,Functional, 46 desktops,2026-04-14 05:26:55.013534+00:00
4442,306423,2026-11259,BATCH 2019,2021,DepEd (DCP),0,50,0,Functional,The tablets are not working anymore and it is unserviceable.,2026-04-14 05:08:08.866005+00:00
4443,306423,2026-11259,BATCH 2019,2021,DepEd (DCP),0,50,0,Functional,The tablets are non working anymore and it is unserviceable.,2026-04-14 05:08:08.873864+00:00
4444,306423,2026-11259,BATCH 2023,2024,DepEd (DCP),46,0,0,Functional,The laptops are in good condition.,2026-04-14 05:08:08.880309+00:00
4451,116778,2026-28291,BATCH-2019,2020,DepEd (DCP),1,50,2,Non-Functional,,2026-04-14 05:13:30.337318+00:00
5241,319906,2026-07254,1,2022,DepEd (DCP),1,1,1,Functional,,2026-04-15 02:41:08.576587+00:00
5442,100078,2026-10456,Batch 2024-01,2024,DepEd (DCP),46,0,0,Functional,,2026-04-15 05:21:22.626148+00:00
7233,502437,2026-36825,44,2024,DepEd (DCP),46,0,6,Functional,Routers,2026-04-21 02:35:40.738437+00:00
5793,501442,2026-28973,Batch 2022-01,2024,DepEd (DCP),46,0,1,Functional,"Headset, mouse, external drive, bag, router",2026-04-15 11:39:53.382260+00:00
5794,501442,2026-28973,Batch 2023,2024,DepEd (DCP),5,0,0,Functional,"headphones, mouse, bag",2026-04-15 11:39:53.387859+00:00
5803,303220,2026-34373,46,2024,DepEd (DCP),46,0,0,Functional,,2026-04-15 11:54:51.197892+00:00
5780,501803,2026-28850,Batch 9,2024,DepEd (DCP),46,0,1,Functional,"Charger, routers, mouse, headphone",2026-04-15 11:23:28.591565+00:00
1552,305574,2026-15961,Batch 2022,2022,DepEd (DCP),46,0,1,Functional,External Hard Drive,2026-04-10 00:46:45.472249+00:00
6003,300998,2026-15647,Batch 2024-ICTE-0104,2024,DepEd (DCP),45,0,2,Functional,,2026-04-16 03:40:44.264144+00:00
6101,310805,2026-27911,Batch 2023-01,2024,DepEd (DCP),46,0,1,Functional,,2026-04-16 06:13:13.810557+00:00
6203,304270,2026-42222,BATCH 2022-01&Batch 2023-01,2024,DepEd (DCP),92,0,2,Functional,"ROUTER TP, storage cart, external hard drive, ",2026-04-16 08:47:29.070729+00:00
6301,300125,2026-08852,DCP,2022,Other,46,0,1,Functional,"headphones, mouse",2026-04-17 02:37:50.787015+00:00
6202,319102,2026-01862,Batch 2023-01,2025,DepEd (DCP),46,0,1,Functional,"Routers, Headphones, mouse",2026-04-16 08:46:52.708720+00:00
6494,319115,2026-01822,Batch 2024-01,2024,DepEd (DCP),46,0,1,Functional,,2026-04-17 13:49:23.450749+00:00
6102,300200,2026-08995,E-LEARNING CART PACKAGE,2022,DepEd (DCP),46,0,1,Functional,"Router-TP Link Archer AX12
STORAGE CART-TNE-LT CART 24AC
EXTERNAL HDD 5TB
",2026-04-16 06:14:00.812216+00:00
6461,131474,2026-02435,Batch 44,2024,DepEd (DCP),46,0,1,Functional,,2026-04-17 10:10:58.488956+00:00
6465,303144,2026-33142,Batch 2022-01: ELEARNING CART PACKAGE,2024,DepEd (DCP),46,0,1,Functional,"1pc 64GB USB flash drive(recovery drive)
2 units TP Link ArcherAX12 Wireless Router
1 unit Rugged Mini 5TB Ext. HDD",2026-04-17 10:36:44.681925+00:00
6522,301590,2026-04771,41,2024,DepEd (DCP),40,10,1,Functional,,2026-04-18 01:22:12.077270+00:00
6583,106187,2026-15075,4.0,2024,LGU / SEF,33,33,1,Functional,,2026-04-18 22:28:38.089848+00:00
6640,502059,2026-18266,e-Learning Cart Batch 2022 ,2024,DepEd (DCP),46,0,1,Functional,10 laptops are unserviceable,2026-04-19 12:28:35.422927+00:00
6641,502059,2026-18266,Batch 22 Package 4,2024,DepEd (DCP),5,0,5,Functional,,2026-04-19 12:28:35.429518+00:00
6690,300498,2026-11678,DCP 2021,2021,DepEd (DCP),46,0,2,Non-Functional,Headphones,2026-04-20 01:19:40.259435+00:00
7352,312905,2026-34469,Batch 43,2019,DepEd (DCP),1,0,0,Functional,,2026-04-21 09:08:33.774081+00:00
6840,233501,2026-33507,DCP Batch ,2018,DepEd (DCP),1,50,1,Functional,50 Headsets,2026-04-20 03:54:26.179931+00:00
6893,308003,2026-18992,Batch 2023,2023,DepEd (DCP),46,0,1,Functional,,2026-04-20 04:59:05.120870+00:00
6894,308017,2026-18363,Batch 2023-01,2023,DepEd (DCP),46,0,1,Functional,,2026-04-20 04:59:25.654147+00:00
6828,302292,2026-26852,BATCH 2023-01-E-LEARNING CART PACKAGE,2024,DepEd (DCP),46,0,1,Functional,,2026-04-20 03:47:34.230963+00:00
7354,305220,2026-01821,Batch 23,2024,DepEd (DCP),46,0,1,Functional,,2026-04-21 09:21:32.389870+00:00
7033,302637,2026-30796,Batch 36,2018,DepEd (DCP),2,0,0,Functional,"1 Printer, 44 Keyboard and Mouse, 42 Headphones, 2 Host PC, 44 Monitors, 14 Extension 6 Gang, 2 UPS, 7 Networking Peripherals, 2 Tripod Projector Screen and Mounting Bracket, 1 Multimedia Speaker, 7 AVR, 42 Virtualization Devices, 4 Networking Switch",2026-04-20 08:03:49.383258+00:00
7034,302637,2026-30796,Batch 2023-03: Laptop for Teaching,2024,DepEd (DCP),5,0,0,Functional,,2026-04-20 08:03:49.389832+00:00
7035,302637,2026-30796,Laptop for Teaching (1 Package),2025,DepEd (DCP),5,0,0,Functional,,2026-04-20 08:03:49.395934+00:00
7100,303474,2026-38659,2023-1,2023,DepEd (DCP),46,0,1,Functional,"Router, external hard drive and flask drive",2026-04-20 11:00:23.208653+00:00
7355,305220,2026-01821,Batch 24,2024,DepEd (DCP),46,0,1,Functional,,2026-04-21 09:21:32.396935+00:00
7578,109594,2026-19535,Batch 44,2020,DepEd (DCP),1,50,1,Functional,,2026-04-24 12:06:27.914488+00:00
7605,124214,2026-38494,Batch 2019-01,2020,DepEd (DCP),1,50,1,Functional,,2026-04-27 02:36:53.959606+00:00
7422,305747,2026-03680,Batch 20,2024,DepEd (DCP),51,30,1,Functional,,2026-04-22 06:11:01.623844+00:00
4465,302458,2026-28634,batch 2022,2022,DepEd (DCP),46,0,1,Functional,,2026-04-14 05:18:55.072540+00:00
4466,301949,2026-24131,36,2018,DepEd (DCP),1,42,0,Non-Functional,,2026-04-14 05:19:15.168047+00:00
5244,305461,2026-07546,BATCH-2024-03,2024,DepEd (DCP),5,0,0,Functional,"ADAPTER, HEADSET, MOUSE",2026-04-15 02:42:17.660999+00:00
4468,311008,2026-28878,BATCH 2018-01,2019,DepEd (DCP),1,50,0,Functional,"50 UNITS of 2-in-1 Tablets are unserviceable due to a swollen battery, preventing the unit from powering on. Prior to becoming fully non-functional, the unit exhibited persistent system lagging and degraded performance. Recommended for condemnation/disposal following safety guidelines for devices with swollen batteries. Subject for disposal",2026-04-14 05:19:27.986739+00:00
4469,311008,2026-28878,BATCH 41,2018,DepEd (DCP),1,50,2,Functional,"50 units of 2-in-1 Tablet PC are unserviceable due to a swollen battery, preventing the unit from powering on. Prior to becoming fully non-functional, the unit exhibited persistent system lagging and degraded performance. Recommended for condemnation/disposal following safety guidelines for devices with swollen batteries. Subject for disposal.",2026-04-14 05:19:27.993920+00:00
4471,300592,2026-11989,Batch,2022,DepEd (DCP),2,0,3,Functional,,2026-04-14 05:20:10.893490+00:00
4472,300592,2026-11989,44,2019,DepEd (DCP),2,38,3,Functional,,2026-04-14 05:20:10.901115+00:00
5443,303356,2026-35701,eLearning Cart Package,2022,DepEd (DCP),46,41,0,Functional,USB & Wireless Router,2026-04-15 05:22:59.326711+00:00
5444,303356,2026-35701,eLearning Cart Package,2023,DepEd (DCP),51,0,0,Functional,Smart Tv & Wireless Router,2026-04-15 05:22:59.332089+00:00
5445,303356,2026-35701,E-Textbooks,2018,DepEd (DCP),1,0,0,Functional,Charger & Desktop Led Monitor,2026-04-15 05:22:59.345687+00:00
4470,303921,2026-22724,Batch 1,2025,DepEd (DCP),0,18,0,Functional,,2026-04-14 05:20:08.695406+00:00
5446,303356,2026-35701,JHS/SHS ICT Package,2018,DepEd (DCP),1,0,0,Functional,"Desktop Led Monitor, Printer, Projector, Speaker",2026-04-15 05:22:59.351173+00:00
7234,308016,2026-18383,batch 2022-01 ,2024,DepEd (DCP),56,0,0,Functional,,2026-04-21 02:42:36.010437+00:00
7353,132735,2026-03724,BATCH 7,2012,DepEd (DCP),0,0,0,Non-Functional,Others are broken due to the use of life expectancy,2026-04-21 09:14:00.062633+00:00
7423,305479,2026-02866,Last Mile Receipient ,2024,DepEd (DCP),46,0,4,Functional,,2026-04-22 06:11:42.250721+00:00
7495,308021,2026-18364,E-textbooks,2021,DepEd (DCP),1,50,0,Non-Functional,Only 7 units of tablets are functional,2026-04-23 06:56:49.315896+00:00
7579,500561,2026-16231,DCP Batch 41,2017,DepEd (DCP),0,50,0,Functional,Non Functional 3 missing,2026-04-24 13:13:58.085085+00:00
7580,500561,2026-16231,DCP Batch 2024,2024,DepEd (DCP),46,0,0,Functional,All are Functional with charging station,2026-04-24 13:13:58.092454+00:00
5804,309767,2026-24775,Batch 2023,2024,DepEd (DCP),46,0,0,Functional,,2026-04-15 11:57:23.425619+00:00
5890,301877,2026-23107,2024-01,2024,DepEd (DCP),46,0,1,Functional,"Routers, headphones, flashdrive, external hard drive, charging cart",2026-04-16 00:24:40.759842+00:00
6004,304094,2026-40607,E cart,2023,DepEd (DCP),46,0,1,Functional,,2026-04-16 03:43:22.867450+00:00
6008,302544,2026-29259,E Learning Packages,2023,DepEd (DCP),44,0,0,Functional,"LED TV, Router",2026-04-16 03:47:33.837380+00:00
2033,305985,2026-25391,DCP 2022 E- Classroom Package,2022,DepEd (DCP),46,0,1,Functional,,2026-04-10 05:57:53.351147+00:00
7581,500561,2026-16231,2019 tablets,2019,LGU / SEF,0,20,0,Non-Functional,10 were reported robbed and another 10 were non functional,2026-04-24 13:13:58.098081+00:00
6109,300877,2026-14761,BATCH 2022-01,2024,DepEd (DCP),46,0,1,Functional,"Mouse, earphones, hard drive, bag, bags",2026-04-16 06:30:50.348243+00:00
7606,313904,2026-38524,BATCH 2023-01 ,2023,DepEd (DCP),46,0,1,Functional,2 ROUTER AND 2 CHARGING CART,2026-04-27 03:38:49.396028+00:00
6111,302946,2026-32148,Batch 2022-01,2024,DepEd (DCP),46,0,1,Functional,"Router, flash drive",2026-04-16 06:31:00.430061+00:00
6204,502393,2026-13310,Batch 2024-01,2024,DepEd (DCP),46,0,1,Functional,"Wireless Router, Charging Cart, External Hard Drive, ",2026-04-16 08:52:34.836728+00:00
6302,304574,2026-45098,BATCH 2019-02:JHS/SHS ICT PACKAGE,2020,DepEd (DCP),50,0,1,Functional,15 laptop functional/35 unserviceable,2026-04-17 02:46:26.777649+00:00
6303,304574,2026-45098,BATCH 2023-OI:E-LEARNING CART PACKCAGE,2024,DepEd (DCP),46,0,1,Functional,WITH WIRELESS ROUTER/EXTERNAL HARDRIVE-ADATA,2026-04-17 02:46:26.783382+00:00
6694,501452,2026-18309,Batch (E-LEARNING CART PACKAGE),2024,DepEd (DCP),46,0,1,Functional,"Adata External Hard Drive, Wireless Mouse, Coby Headset, Router",2026-04-20 01:31:24.021972+00:00
6104,308109,2026-19251,BATCH 2024 E-LEARNING CART PACKAGE,2024,DepEd (DCP),46,0,1,Functional,"46 HEADSET
46 USB MOUSE
1 EXTERNAL HARD DRIVE",2026-04-16 06:21:22.624974+00:00
6385,305454,2026-06819,Bacth 36 ,2024,DepEd (DCP),46,0,0,Functional,,2026-04-17 05:27:25.674242+00:00
6462,102887,2026-11027,20,2018,DepEd (DCP),0,50,0,Functional,Some are not functioning,2026-04-17 10:18:08.383199+00:00
6527,302312,2026-27070,Batch 2023-01,2024,DepEd (DCP),46,0,1,Functional,,2026-04-18 02:14:59.081960+00:00
6584,127582,2026-40346,Batch 2019,2019,DepEd (DCP),1,50,1,Non-Functional,all item - Not Functional ,2026-04-19 00:04:19.998465+00:00
6644,302390,2026-28151,BATCH 2019,2019,DepEd (DCP),1,50,0,Functional,"From 50 tablets 15 are functional, 2 charging",2026-04-19 12:36:57.401076+00:00
6645,302390,2026-28151,Batch 2024,2024,DepEd (DCP),46,0,1,Functional,"Smart TV is broken, 3 laptops aren't functional, 2 charging carts",2026-04-19 12:36:57.408152+00:00
6709,501791,2026-26837,Batch 42,2024,DepEd (DCP),46,0,1,Functional,n/a,2026-04-20 01:58:41.032247+00:00
6710,501791,2026-26837,Batch 44,2025,DepEd (DCP),0,30,0,Functional,,2026-04-20 01:58:41.038433+00:00
6751,305609,2026-06806,Batch 2022-01,2024,DepEd (DCP),46,0,1,Functional,,2026-04-20 02:44:02.745546+00:00
6106,310810,2026-28066,2022-01,2022,DepEd (DCP),46,0,1,Functional,,2026-04-16 06:26:10.588721+00:00
6829,132797,2026-03793,BATCH 40,2021,DepEd (DCP),5,0,0,Functional,,2026-04-20 03:47:59.854547+00:00
6830,999049,999049,DCP-2024,2025,DepEd (DCP),0,0,5,Functional,,2026-04-20 03:48:08.531582+00:00
6895,312911,2026-34470,36,2019,DepEd (DCP),4,0,0,Functional,Projector and Router but not functional already,2026-04-20 05:00:19.703567+00:00
6897,302318,2026-26878,Batch 2022-01,2024,DepEd (DCP),46,0,1,Functional,16 laptops are malfunctioning/broken.,2026-04-20 05:03:58.090881+00:00
6982,303018,2026-32544,DCP FY2022 eLC,2024,DepEd (DCP),46,0,0,Functional,"2 routers, 1 hard drive, 1 usb",2026-04-20 06:49:47.717093+00:00
7038,501017,2026-41049,batch2023- 01 coby and Acer batch 2022-01,2023,DepEd (DCP),92,0,2,Functional,"with headphones, adapter, and mouse",2026-04-20 08:05:55.457395+00:00
7046,500329,2026-07124,eCart Package,2024,DepEd (DCP),46,0,1,Functional,,2026-04-20 08:26:32.353558+00:00
7103,300707,2026-13347,Batch 22-01,2024,DepEd (DCP),46,0,1,Functional,"46 pcs mouse, 46 pcs laptop bag, 46 pcs headphones, 2 pcs wifi router, 2 units charging cart and 1 pc external drive",2026-04-20 11:11:40.067797+00:00
7105,300503,2026-11455,batch 22 elc,2022,DepEd (DCP),46,0,1,Functional,routers,2026-04-20 11:13:42.276714+00:00
5245,305461,2026-07546,BATCH -2024-01,2024,DepEd (DCP),46,0,1,Functional,"ROUTERS, ADAPTERS, HEADSET, MOUSE, HARD DRIVE, FLASHDRIVE, CHARGING CART",2026-04-15 02:42:17.666553+00:00
4475,500438,2026-07607,Batch 2019-01: G4-6 ICT Package - Lot 4,2020,DepEd (DCP),51,0,1,Functional,"1 TP-Link Router, 1 Brother DCP-T510W Printer",2026-04-14 05:21:56.859112+00:00
4476,500438,2026-07607,Batch 2023-01: eLearning Cart Package & Batch 2023-02: Smart TV Package,2024,DepEd (DCP),46,0,1,Functional,"2 TP-Link Routers, 1 5TB External HDD",2026-04-14 05:21:56.865803+00:00
4477,500438,2026-07607,Batch 2024-01: eLearning Cart Package,2024,DepEd (DCP),46,0,1,Functional,"2 TP-Link Routers, 1 5TB External HDD",2026-04-14 05:21:56.871855+00:00
4478,116473,2026-29104,batch 24,2015,DepEd (DCP),1,0,0,Non-Functional,,2026-04-14 05:24:38.398757+00:00
5246,305461,2026-07546,DIGITECH ,2025,LGU / SEF,40,50,18,Functional,"HEADSETS, ADAPTERS, CHARGING CARTS, MOUSE, ROUTERS",2026-04-15 02:42:17.671870+00:00
4481,304018,2026-39911,Batch 2023-01,2024,DepEd (DCP),46,0,1,Functional,"Routers, mouse and headphones ",2026-04-14 05:25:08.898102+00:00
4482,304018,2026-39911,Batch 2022-01,2024,DepEd (DCP),46,0,1,Functional,"Routers, Hard drive",2026-04-14 05:25:08.904921+00:00
4483,202002,2026-40912,Haier Laptop,2024,DepEd (DCP),5,0,0,Functional,,2026-04-14 05:25:45.852564+00:00
4484,202002,2026-40912,XITRIX ,2025,DepEd (DCP),0,0,5,Functional,,2026-04-14 05:25:45.858654+00:00
4485,202002,2026-40912,Coby Laptop,2025,DepEd (DCP),2,0,0,Functional,,2026-04-14 05:25:45.870208+00:00
4486,202002,2026-40912,"50"" Samsung TV and Laptop",2021,Other,1,0,1,Functional,,2026-04-14 05:25:45.880036+00:00
4487,202002,2026-40912,HKC Google TV 65,2025,Other,0,0,2,Functional,,2026-04-14 05:25:45.886462+00:00
4501,304520,2026-44601,Batch 2024-01:eLearning Cart Package,2024,DepEd (DCP),46,0,0,Functional,"Routers, Hard Drive",2026-04-14 05:29:01.367713+00:00
4474,300412,2026-05236,DCP 2022,2024,DepEd (DCP),46,0,1,Functional,"routers, flash drive, hard drive",2026-04-14 05:21:21.887703+00:00
7356,500051,2026-07231,LOT 3 IT PACKAGE,2019,Other,1,50,1,Functional,,2026-04-21 09:34:00.643388+00:00
5471,303669,2026-38564,Batch 2022-01,2024,DepEd (DCP),46,0,1,Functional,"Routers, Headphones, Mouse, Charging Carts",2026-04-15 05:52:30.650497+00:00
5472,303669,2026-38564,Batch 1,2024,DepEd (DCP),46,0,1,Functional,"Routers, Headphones, Mouse, Charging Carts",2026-04-15 05:52:30.657407+00:00
7235,310605,2026-27010,eLC 2024,2024,DepEd (DCP),46,0,1,Functional,,2026-04-21 02:52:49.968539+00:00
7236,310605,2026-27010,DCP 2020,2021,DepEd (DCP),1,0,1,Non-Functional,With Lapel but all items re not functional,2026-04-21 02:52:49.975803+00:00
7496,132741,2026-03936,2021,2021,DepEd (DCP),0,7,0,Non-Functional,,2026-04-23 07:15:24.703965+00:00
5615,302359,2026-27440,Batch 2022-01,2024,DepEd (DCP),46,0,1,Functional,"TP-LINK Archer AX12, Silicon Power Armor",2026-04-15 07:40:34.247953+00:00
7497,132741,2026-03936,2022,2022,DepEd (DCP),0,3,0,Functional,,2026-04-23 07:15:24.710508+00:00
5787,501469,2026-28543,Batch 22-01,2024,DepEd (DCP),46,0,1,Functional,"Routers, External hard drive, charging cart, flash drive, TP Link Archer, Silicon power Armor A60",2026-04-15 11:32:04.263924+00:00
7498,132741,2026-03936,2018,2018,DepEd (DCP),1,0,0,Non-Functional,,2026-04-23 07:15:24.720383+00:00
7499,132741,2026-03936,2025,2025,DepEd (DCP),0,0,5,Functional,,2026-04-23 07:15:24.726453+00:00
7500,301757,2026-06447,2024,2024,DepEd (DCP),92,5,5,Non-Functional,,2026-04-23 08:03:36.223136+00:00
5452,158538,2026-13525,Batch 2019-01,2019,DepEd (DCP),1,50,1,Non-Functional,"brother t-510W ,  TP Link, wireless router, Viewtech V-Cart",2026-04-15 05:28:34.207589+00:00
5805,501483,2026-28654,eLearning Cart Package,2022,DepEd (DCP),46,0,1,Functional,,2026-04-15 11:58:33.153784+00:00
5906,300312,2026-24245,DCP Package 2024,2024,DepEd (DCP),45,0,1,Non-Functional,,2026-04-16 00:45:02.359622+00:00
7607,313904,2026-38524,BATCH 2023 -03 LAPTOP TEACHING PACKAGE,2023,DepEd (DCP),5,0,0,Functional,,2026-04-27 03:38:49.403558+00:00
6019,303974,2026-39282,Batch 2022-eLC,2024,DepEd (DCP),42,0,1,Functional,"USB drive , mouse, headset external drive HDD",2026-04-16 04:05:16.089567+00:00
6033,306095,2026-02379,DCP BATCH 2022-01,2024,DepEd (DCP),46,0,5,Functional,,2026-04-16 04:26:13.369374+00:00
6107,501115,2026-00670,Batch 2022-01,2024,DepEd (DCP),46,0,0,Functional,,2026-04-16 06:29:29.777209+00:00
6153,303672,2026-20586,Batch 2023-03,2024,DepEd (DCP),5,0,0,Functional,,2026-04-16 07:21:15.415466+00:00
6205,300460,2026-10752,Batch 1,2024,DepEd (DCP),46,0,1,Functional,"Router TP-Link Archer AX12
Storage Cart
External Hard Drive
Flash Drive",2026-04-16 08:55:12.815750+00:00
6208,136727,2026-07317,2022-01,2025,DepEd (DCP),5,0,5,Functional,5 External Hard Drive,2026-04-16 09:02:28.725651+00:00
6304,300433,2026-11321,2019,2021,DepEd (DCP),1,50,0,Functional,,2026-04-17 02:51:33.373916+00:00
6305,300433,2026-11321,2023,2024,DepEd (DCP),46,0,1,Functional,,2026-04-17 02:51:33.381472+00:00
6381,315504,2026-40935,Batch 2023,2023,DepEd (DCP),80,0,2,Functional,"Routers, headphones",2026-04-17 05:13:49.842509+00:00
6466,300735,2026-13789, (1 LOT ) DCP 2020- BATCH 2019-03 E-TEXTBOOKS,2020,DepEd (DCP),1,50,0,Functional,"TP LINK ARCHER C9 AC1900 WIRELESS ROUTER
VIEWTECH V-CART-PDU26 CHARGING CART
""DVD RECORDABLE DISC ( FOR RECOVERY 6 PCS/SET) WITH CD POCKET
SOFT COPY OF TRAINING IN DVD""
",2026-04-17 10:49:55.879979+00:00
6467,300735,2026-13789,(1 LOT )  DCP BATCH 2022-01 - ELEARNING CART PACKAGE,2024,DepEd (DCP),46,0,1,Functional,"USB RECOVERY FLASH DRIVE
XITRIX XPN-DSA5850 58 INCH SMART TV 3.0 USB W/ ACCESSORIES
BASIC FULL MOTION TV MOUNT
5 MEER HDMI CABLE
MEDIA PLAYER/PORTABLE STORAGE MOUNTING KIT (SMALL)
TP-LINK ARCHER AX12 AX1500 WIFI 6 ROUTER
TNE LT-CART-24AC-1 CHARGING CART
SEAGATE LACIE MINI 5TB STJJ5000400 EXTERNAL DRIVE
",2026-04-17 10:49:55.886704+00:00
4488,302787,2026-30651,Batch  2022,2024,DepEd (DCP),46,0,1,Functional,,2026-04-14 05:26:39.497597+00:00
5247,501806,2026-29222,Batch 2023-01,2024,DepEd (DCP),46,0,5,Functional,,2026-04-15 02:44:50.461512+00:00
5453,305219,2026-01820,Batch 2022,2024,DepEd (DCP),46,0,1,Functional,,2026-04-15 05:29:22.279503+00:00
5616,136452,2026-06883,DCP Package FY 2024,2024,DepEd (DCP),46,0,1,Functional,"TP LINK ARCHER  AX12 AX1500
CHARGING CART - TNE LT-CART-24AC1
SILICON POWER 5TB HDD",2026-04-15 07:41:47.284452+00:00
5653,111153,2026-05990,Batch 40,2025,Other,10,7,7,Functional,,2026-04-15 08:13:29.925665+00:00
5654,111153,2026-05990,batch ,2023,Private Donor / NGO,7,7,7,Functional,,2026-04-15 08:13:29.931637+00:00
5786,303492,2026-36243,DCP Batch eLC2022 (eLearning Cart Package),2024,DepEd (DCP),46,0,1,Functional,"Router, External Hard Drive, Storage cart",2026-04-15 11:32:02.989868+00:00
5892,500891,2026-38539,DCP2023,2024,DepEd (DCP),46,0,1,Functional,"2 WIRELESS ROUTER, 1 EXTERNAL HARD DRIVE",2026-04-16 00:33:39.143548+00:00
6014,302526,2026-28766,e-cart,2022,DepEd (DCP),46,0,1,Functional,"2 Modem, 2 Charging Cart, 1 External Hard",2026-04-16 03:54:29.466732+00:00
6108,300896,2026-15066,Batch 2024,2024,DepEd (DCP),46,0,1,Functional,,2026-04-16 06:30:03.047204+00:00
7608,124193,2026-38519,Batch 2019,2020,DepEd (DCP),1,50,1,Non-Functional,,2026-04-27 06:52:35.205152+00:00
7609,305465,2026-07577,eCART PACKAGE,2022,Other,51,100,0,Functional,none,2026-04-27 07:37:18.853691+00:00
6306,500516,2026-28090,Batch 44,2025,DepEd (DCP),16,25,16,Functional,,2026-04-17 02:55:32.503715+00:00
6311,502222,2026-12384,batch 1,2024,DepEd (DCP),46,0,1,Functional,,2026-04-17 03:08:06.307421+00:00
6383,108423,2026-20288,201901,2021,DepEd (DCP),2,50,2,Functional,"some unit needs repair ,   and need new mouse ",2026-04-17 05:15:00.376416+00:00
6468,223501,2026-07167,2023 Smart Television (STV),2023,DepEd (DCP),0,0,5,Functional,N/A FOR CHARGING STATION/BASE,2026-04-17 10:50:22.224990+00:00
6469,223501,2026-07167,DCP-BATCH 2023-03 LAPTOP FOR TEACHING PACKAGE,2023,DepEd (DCP),5,0,0,Functional,,2026-04-17 10:50:22.231953+00:00
6470,223501,2026-07167,LAPTOPS UNDER BAYANIHAN 11 FUNDS,2021,DepEd (DCP),4,0,0,Functional,,2026-04-17 10:50:22.237144+00:00
6471,223501,2026-07167,DCP 2020,2020,DepEd (DCP),1,0,1,Functional,,2026-04-17 10:50:22.242353+00:00
6472,223501,2026-07167,DCP BATCH 32,2016,DepEd (DCP),0,0,0,Functional,N/A FOR DCP BATCH 32,2026-04-17 10:50:22.247591+00:00
6528,300481,2026-10968,Batch 41,2018,DepEd (DCP),50,0,2,Functional,,2026-04-18 02:19:39.467725+00:00
6646,315503,2026-40956,DCP-BATCH 2023-01:eLEARNING PACKAGE,2024,DepEd (DCP),46,0,1,Functional,"routers, headphones",2026-04-19 12:44:21.861579+00:00
6752,308037,2026-18929,Batch 2022-01 ELEARNING CART PACKAGE,2025,DepEd (DCP),46,0,1,Functional,"2 units Router-TP LINK ARCHER AX12
2 units STORAGE CART-PIXPRO CHARGES
1 STATION MAX CSTN-25MX
1 EXTERNAL HARD DRIVE- ADATA HD710 (PRO)
1 FLASH DRIVE (Recovery Disk)",2026-04-20 02:47:08.957438+00:00
6758,117043,2026-30661,Batch 2023-01,2024,DepEd (DCP),46,0,1,Functional,"2 unit TP Link Archer
2 unit TSDI Charging Cart
1 unit Silicon Power Armor ",2026-04-20 02:55:58.968895+00:00
6833,500518,2026-00648,BATCH 2022,2022,DepEd (DCP),0,0,0,Functional,,2026-04-20 03:50:00.821763+00:00
6834,500518,2026-00648,BATCH 2023,2023,DepEd (DCP),0,0,0,Functional,,2026-04-20 03:50:00.831137+00:00
6896,317437,2026-02812,DCP ELC,2024,DepEd (DCP),46,0,0,Functional,"Headphone, Adaptor, Mouse",2026-04-20 05:02:52.246985+00:00
6983,500588,2026-30720,Batch 2024-01,2024,DepEd (DCP),46,0,5,Functional,5 external hard drive,2026-04-20 06:50:39.853474+00:00
6984,500588,2026-30720,Batch 23-01,2023,DepEd (DCP),46,0,1,Functional,TP Link Archer AX12 (2 units)TDSI charging port (2 units) Silicon power armor 5TB (1 unit),2026-04-20 06:50:39.859581+00:00
6985,500588,2026-30720,Batch 2023-03,2023,DepEd (DCP),5,0,0,Functional,,2026-04-20 06:50:39.865403+00:00
6988,305634,2026-02773,Batch ,2023,DepEd (DCP),46,60,1,Functional,"Headphone,mouse",2026-04-20 06:55:44.637343+00:00
6994,306078,2026-15189,BATCH 2022-01:ELEARNING CART PACKAGE,2024,DepEd (DCP),46,0,1,Functional,"2-Wifi router, 1 external hard drive",2026-04-20 07:04:42.121874+00:00
7247,301342,2026-18525,Batch 2022-01,2024,DepEd (DCP),46,0,1,Functional,,2026-04-21 03:14:37.973866+00:00
7248,301342,2026-18525,Batch 2019-02-lot 3,2011,DepEd (DCP),51,0,1,Functional,,2026-04-21 03:14:37.981108+00:00
7106,317703,2026-03323,Batch 2024-01,2024,DepEd (DCP),46,0,1,Functional,,2026-04-20 11:19:26.245844+00:00
7107,317703,2026-03323,Batch 2020,2022,DepEd (DCP),2,0,1,Non-Functional,,2026-04-20 11:19:26.252134+00:00
7108,317703,2026-03323,Batch 2025-L4NT,2025,DepEd (DCP),1,0,0,Functional,,2026-04-20 11:19:26.257694+00:00
7109,306206,2026-12328,Batch 23,2024,DepEd (DCP),46,0,1,Functional,,2026-04-20 11:28:01.955905+00:00
7249,301342,2026-18525,Batch 2019-03,2021,DepEd (DCP),1,50,0,Functional,,2026-04-21 03:14:37.988091+00:00
7357,305361,2026-07080,2024 E Learning Cart Package,2024,DepEd (DCP),46,0,0,Functional,"2 Charging Carts UPS and Router
",2026-04-21 09:34:15.795712+00:00
7425,300407,2026-10281,Batch 2023-01: eLearning Cart Package,2024,DepEd (DCP),46,0,1,Functional,"Coby wireless mouse
Coby headset
External hard drive
Laptop bag
Mouse pad
To link wireless router",2026-04-22 06:22:22.183813+00:00
7501,302635,2026-30773,Batch 2,2024,DepEd (DCP),36,0,2,Functional,"Earphone ,mose other are disable",2026-04-23 08:19:30.404704+00:00
4492,300812,2026-16432,Batch 33,2024,DepEd (DCP),46,0,0,Functional,,2026-04-14 05:27:28.921268+00:00
4493,300812,2026-16432,Batch 2019-02,2020,DepEd (DCP),51,0,0,Functional,,2026-04-14 05:27:28.928521+00:00
4494,300812,2026-16432,E-cart Learning Package,2024,DepEd (DCP),46,0,0,Functional,,2026-04-14 05:27:28.934584+00:00
4495,300812,2026-16432,Batch 2019,2020,DepEd (DCP),0,28,0,Functional,,2026-04-14 05:27:28.940721+00:00
4496,300812,2026-16432,Batch 2019,2020,DepEd (DCP),0,22,0,Non-Functional,,2026-04-14 05:27:28.946669+00:00
4497,300812,2026-16432,Batch 38,2017,DepEd (DCP),51,0,0,Functional,,2026-04-14 05:27:28.952328+00:00
4498,300812,2026-16432,Batch Lot 2,2019,DepEd (DCP),41,0,0,Functional,,2026-04-14 05:27:28.958124+00:00
4499,300812,2026-16432,Batch 13,2013,DepEd (DCP),46,0,0,Functional,,2026-04-14 05:27:28.965504+00:00
5248,501645,2026-39472,DCP 2024,2024,DepEd (DCP),46,40,2,Functional,"With mouse, charging carts, router",2026-04-15 02:45:42.690816+00:00
5454,301648,2026-05329,2022,2023,DepEd (DCP),40,0,5,Functional,,2026-04-15 05:39:00.498707+00:00
5459,300063,2026-08223,Batch 2022-1,2024,DepEd (DCP),46,0,1,Functional,"2 - Routers, 1 - Hard drive, 46 - headphones, 46 - mouse",2026-04-15 05:42:51.095475+00:00
5460,300063,2026-08223,Batch 2019-02,2019,DepEd (DCP),49,0,0,Non-Functional,,2026-04-15 05:42:51.112615+00:00
5461,300063,2026-08223,2018-01,2019,DepEd (DCP),0,47,0,Non-Functional,,2026-04-15 05:42:51.128422+00:00
7238,300340,2026-09782,batch 22 and 23,2023,DepEd (DCP),92,0,2,Functional,"routers , headphones",2026-04-21 02:59:13.507015+00:00
7358,304881,2026-04047,Batch 2023,2023,DepEd (DCP),10,11,4,Functional,,2026-04-21 09:35:52.814031+00:00
7426,305105,2026-00687,2022-01,2022,DepEd (DCP),46,0,1,Functional,,2026-04-22 06:59:11.076410+00:00
5791,302926,2026-32671,BATCH 36,2019,DepEd (DCP),0,48,0,Non-Functional,"48 non functional,2 missing due to odette typhone. ",2026-04-15 11:37:13.618595+00:00
5792,302926,2026-32671,BATCH 2024,2024,DepEd (DCP),46,0,0,Functional,"Smart TV non functional,2 router tp link functional, 1 external 5gb functional",2026-04-15 11:37:13.624665+00:00
7427,305105,2026-00687,2023-01,2023,DepEd (DCP),46,0,1,Functional,,2026-04-22 06:59:11.082724+00:00
5898,302767,2026-30415,LOT 5 BATCH 2019-02-JHS/SHS ICT PACKAGE,2021,DepEd (DCP),51,0,1,Functional,,2026-04-16 00:36:26.160519+00:00
5899,302767,2026-30415,DCP 2020: MULTI-MEDIA PACKAGE,2022,DepEd (DCP),4,0,4,Functional,No charging ecart,2026-04-16 00:36:26.166527+00:00
5900,302767,2026-30415,BATCH 2022-01: ELEARNING CART PACKAGE,2024,DepEd (DCP),46,0,1,Functional,,2026-04-16 00:36:26.172065+00:00
5901,302767,2026-30415,BATCH 2024-01: ELEARNING CART PACKAGE,2024,DepEd (DCP),46,0,1,Functional,,2026-04-16 00:36:26.176762+00:00
5902,305562,2026-15756,DCP Package,2024,DepEd (DCP),46,0,0,Functional,,2026-04-16 00:37:02.255498+00:00
5789,502078,2026-10969,batch 46,2024,DepEd (DCP),46,0,1,Functional,,2026-04-15 11:36:05.093377+00:00
5790,502078,2026-10969,tablet for grade 8,2023,DepEd (DCP),0,33,0,Non-Functional,,2026-04-15 11:36:05.099578+00:00
6015,300458,2026-10800,batch 36,2021,DepEd (DCP),0,50,0,Functional,,2026-04-16 03:58:59.307224+00:00
6112,302498,2026-28928,DCP ,2025,DepEd (DCP),45,50,1,Functional,,2026-04-16 06:31:17.912924+00:00
6116,305196,2026-02251,Batch 33,2024,DepEd (DCP),46,50,7,Functional,,2026-04-16 06:34:03.609266+00:00
6128,306702,2026-13494,DCP 2022,2024,DepEd (DCP),46,0,1,Functional,"Router, headphone, mouse",2026-04-16 06:41:40.902257+00:00
6140,303391,2026-36021,DCP2022,2022,DepEd (DCP),46,0,0,Functional,,2026-04-16 07:01:28.273966+00:00
6141,303391,2026-36021,DCP2018,2018,DepEd (DCP),0,50,0,Functional,Non-Functional 2-in-1 Tablets,2026-04-16 07:01:28.280431+00:00
6209,305548,2026-13775,DCP 2020: Multimedia Package ,2022,DepEd (DCP),2,0,2,Functional,PixPro S511 Portable Loud Speaker with Lapel Mic (2 units) ,2026-04-16 09:15:28.759947+00:00
6210,305548,2026-13775,BATCH 2022-01: E-LEARNING CART,2024,DepEd (DCP),46,0,1,Functional,"Routers (2 units), Charging carts (2 units), External Hard Drive (1 unit), Flash Drive (1 unit) ",2026-04-16 09:15:28.766125+00:00
6307,500710,2026-44638,2023,2023,Other,49,0,0,Functional,GOOD CONDITION,2026-04-17 02:56:34.687233+00:00
6387,308504,2026-19727,Batch 38,2024,DepEd (DCP),46,10,1,Functional,,2026-04-17 05:29:59.563426+00:00
7610,502271,2026-13196,DCP2024-ELC-L3-MM-001,2024,DepEd (DCP),48,0,0,Functional,,2026-04-27 07:38:41.045034+00:00
6473,501953,2026-07565,2022,2022,DepEd (DCP),45,0,5,Functional,,2026-04-17 11:07:23.001900+00:00
6529,300210,2026-09380,Batch 36,2019,DepEd (DCP),2,50,0,Functional,,2026-04-18 02:34:28.527749+00:00
6647,120570,2026-34403,Batch 79,2022,DepEd (DCP),0,0,3,Non-Functional,,2026-04-19 12:51:57.288794+00:00
6695,302399,2026-28088,BATCH 2024-01,2024,DepEd (DCP),46,0,1,Functional,4 BOXES ROUTERS   & EXT DRIVE,2026-04-20 01:32:26.146112+00:00
6696,302399,2026-28088,BATCH 2022-01,2024,DepEd (DCP),46,0,1,Functional,4 BOXES ROUTERS & EXT. DRIVE,2026-04-20 01:32:26.152570+00:00
6707,319604,2026-07110,2023-02,2024,DepEd (DCP),92,0,2,Functional,"e.g Routers, Charging cart, Head Set",2026-04-20 01:54:51.855277+00:00
6719,131616,2026-04286,DCP Batch 2019-01,2019,DepEd (DCP),0,50,0,Functional,4 PC Tablets are in need of repair,2026-04-20 02:04:38.464913+00:00
6720,500177,2026-26858,2025 SHS,2025,DepEd (DCP),0,25,0,Functional,"Leather casing, Bluetooth Keyboard",2026-04-20 02:08:18.991041+00:00
6908,114992,2026-27203,Batch 44,2014,DepEd (DCP),1,0,1,Non-Functional,,2026-04-20 05:13:25.980496+00:00
6986,317421,2026-02837,Batch 2022-01,2024,DepEd (DCP),46,0,1,Functional,,2026-04-20 06:50:58.607492+00:00
7043,304925,2026-03641,DCP-2023,2024,DepEd (DCP),46,0,1,Functional,,2026-04-20 08:19:14.575441+00:00
4500,317205,2026-45711,batch 2022-01/2023-01,2025,DepEd (DCP),90,0,0,Functional,,2026-04-14 05:27:47.525180+00:00
7239,302305,2026-27029,2022,2022,DepEd (DCP),46,50,2,Functional,,2026-04-21 03:00:29.293100+00:00
4506,320203,2026-07369,Batch 2019-02,2020,DepEd (DCP),25,0,1,Functional,,2026-04-14 05:29:52.784320+00:00
4507,320203,2026-07369,Batch 2019-02,2020,DepEd (DCP),25,0,0,Non-Functional,All units are non working.,2026-04-14 05:29:52.794609+00:00
4508,320203,2026-07369,Lot 3 IT Package (E-Textbook),2019,DepEd (DCP),0,50,0,Non-Functional,All units non-working.,2026-04-14 05:29:52.806144+00:00
4509,320203,2026-07369,DCP Batch 2020 Continuing Funds,2024,DepEd (DCP),7,0,0,Functional,1 unit unserviceable.,2026-04-14 05:29:52.813100+00:00
5250,302951,2026-32534,Batch 2022-01,2022,DepEd (DCP),46,0,1,Functional,"mouse, router, headphones",2026-04-15 02:48:03.643948+00:00
4512,501246,2026-28738,40,2025,DepEd (DCP),46,0,1,Functional,"Routers, Headphones, Mouse",2026-04-14 05:32:12.294216+00:00
5251,302951,2026-32534,Batch 2024-01,2024,DepEd (DCP),46,0,0,Functional,"mouse, router, headphones",2026-04-15 02:48:03.650531+00:00
4536,302167,2026-25663,2020 BATCH 2019-03 LOT 4,2021,DepEd (DCP),1,50,0,Functional,TP link are not working.,2026-04-14 05:38:20.764465+00:00
4537,302167,2026-25663,LOT 4 BATCH 36,2018,DepEd (DCP),2,0,0,Functional,Some components are not working/not functional/damaged.,2026-04-14 05:38:20.772889+00:00
4517,315408,2026-40821,2022-01,2024,DepEd (DCP),40,0,1,Functional,,2026-04-14 05:32:58.981440+00:00
4518,305429,2026-07353,E-Learning Package,2024,DepEd (DCP),45,0,1,Functional,,2026-04-14 05:33:26.996362+00:00
7428,501120,2026-41328,DCP,2025,DepEd (DCP),56,0,7,Functional,,2026-04-22 07:05:25.953768+00:00
4538,302167,2026-25663,LOT 4 BATCH 35/36 SET 35B,2018,DepEd (DCP),0,0,0,Non-Functional,"No laptops, only desktop.",2026-04-14 05:38:20.778923+00:00
4539,302167,2026-25663,2020 BATCH 2019-03 LOT 4 (COLUMBIAN TECHNOLOGIES INC.),2024,DepEd (DCP),1,0,1,Non-Functional,No charging cart included in the package from the division.,2026-04-14 05:38:20.787453+00:00
4526,116273,2026-28859,2024-1,2024,DepEd (DCP),46,0,1,Functional,"2 routers, 1 external drive, 1 USB",2026-04-14 05:35:58.389358+00:00
4527,306030,2026-21329,Batch 2022-01,2022,DepEd (DCP),46,0,1,Functional,,2026-04-14 05:36:09.056665+00:00
4529,304114,2026-40817,Batch 2022,2024,DepEd (DCP),46,0,1,Functional,"Routers, External Hard Drive",2026-04-14 05:36:37.934130+00:00
4530,304114,2026-40817,Batch 2024,2024,DepEd (DCP),46,0,1,Functional,"Routers, External Hard Drives",2026-04-14 05:36:37.941218+00:00
4531,305245,2026-01899,BATCH 2024 - 01,2024,DepEd (DCP),46,0,0,Functional,,2026-04-14 05:37:07.396867+00:00
4532,501772,2026-41596,BATCH 2022-01: ELEARNING CART PACKAGE,2024,DepEd (DCP),46,0,1,Functional,"ROUTER-TO LINK ARCHER AX-12, EXTERNAL HARD DRIVE-ADATA HD330, FLASH DRIVE (RECOVERY DISK)",2026-04-14 05:37:12.312599+00:00
4533,305346,2026-07037,DepEd packages computerization,2021,DepEd (DCP),2,0,2,Functional,,2026-04-14 05:38:01.445792+00:00
7359,304743,2026-02710,05,2018,DepEd (DCP),0,0,0,Functional,With Routers,2026-04-21 09:39:30.145324+00:00
4542,501519,2026-03150,Dcp package batch 2024,2024,DepEd (DCP),46,0,0,Functional,,2026-04-14 05:40:02.448384+00:00
4544,304627,2026-45769,Batch 44,2024,DepEd (DCP),46,68,4,Functional,"Headphones, mouse, mouse pad.  External hard disk",2026-04-14 05:41:00.619256+00:00
4545,303514,2026-36576,2023-01,2024,DepEd (DCP),46,0,1,Functional,,2026-04-14 05:42:07.422162+00:00
4513,107148,2026-16295,1,2025,Private Donor / NGO,0,0,0,Functional,DESKTOP - 42 SET,2026-04-14 05:32:17.097497+00:00
4546,341233,2026-40502,Batch 41,2018,DepEd (DCP),1,50,2,Functional,,2026-04-14 05:42:38.824969+00:00
4547,341233,2026-40502,Batch 42,2019,DepEd (DCP),1,50,0,Functional,"Router,",2026-04-14 05:42:38.831556+00:00
4540,302167,2026-25663,DCP 2021 LOT 4,2024,DepEd (DCP),4,0,0,Non-Functional,No charging cart included in the package (division office release),2026-04-14 05:38:20.794884+00:00
4541,302167,2026-25663,BATCH 2022-01: E-LEARNING CART PACKAGE,2024,DepEd (DCP),46,0,1,Functional,Two laptops request for minor repair.,2026-04-14 05:38:20.803410+00:00
5455,316605,2026-44662,eLC,2024,DepEd (DCP),46,0,1,Functional,,2026-04-15 05:39:10.801913+00:00
4552,300545,2026-12969,Batch 1,2024,DepEd (DCP),51,0,1,Functional,,2026-04-14 05:47:55.982828+00:00
4520,500563,2026-08511,DCP 2016,2016,DepEd (DCP),1,0,0,Non-Functional,,2026-04-14 05:34:17.780206+00:00
4521,500563,2026-08511,Batch 40,2018,DepEd (DCP),1,0,0,Non-Functional,,2026-04-14 05:34:17.787701+00:00
4522,500563,2026-08511,Batch 29,2016,DepEd (DCP),1,0,0,Non-Functional,,2026-04-14 05:34:17.796161+00:00
4523,500563,2026-08511,Batch 2020,2020,DepEd (DCP),1,0,6,Non-Functional,,2026-04-14 05:34:17.806970+00:00
5621,302350,2026-27247,2023-01,2024,DepEd (DCP),46,0,1,Functional,"Wireless Router, Charging Cart, External Hard Drive",2026-04-15 07:43:59.490271+00:00
5622,302350,2026-27247,2024-01,2024,DepEd (DCP),46,0,1,Functional,"Wireless Router, Charging Cart, External Hard Drive",2026-04-15 07:43:59.497218+00:00
4555,500745,2026-33394,Batch 27,2024,DepEd (DCP),46,0,1,Functional,,2026-04-14 05:49:10.741282+00:00
5623,302350,2026-27247,2024-03,2024,DepEd (DCP),5,0,0,Functional,,2026-04-15 07:43:59.503173+00:00
4567,303370,2026-35702,E-textbook,2018,DepEd (DCP),0,48,0,Functional,,2026-04-14 05:54:25.191821+00:00
4568,303370,2026-35702,E-Textbook,2018,DepEd (DCP),0,39,0,Functional,,2026-04-14 05:54:25.200729+00:00
4569,303481,2026-36300,DCP 2022-01,2022,DepEd (DCP),46,0,1,Functional,,2026-04-14 05:55:20.704882+00:00
4575,322507,2026-04121,44,2024,DepEd (DCP),46,0,1,Functional,,2026-04-14 06:00:37.818426+00:00
1337,301205,2026-17812,DCP JHS/SHS,2024,DepEd (DCP),55,0,0,Functional,headphones,2026-04-09 09:49:53.632158+00:00
5795,501283,2026-24170,Batch 2022-01,2024,DepEd (DCP),46,0,1,Functional,Router/headset/mouse,2026-04-15 11:40:51.287137+00:00
5799,315412,2026-40850,Batch 2019,2019,DepEd (DCP),0,25,0,Non-Functional,,2026-04-15 11:44:53.061197+00:00
5800,315412,2026-40850,Batch 2024,2024,DepEd (DCP),46,0,1,Functional,,2026-04-15 11:44:53.066419+00:00
4599,310707,2026-27503,Batch 55,2024,DepEd (DCP),46,0,1,Functional,"Router, headphones ",2026-04-14 06:14:24.527565+00:00
4551,116413,2026-29027,Batch 2024-01,2024,DepEd (DCP),46,0,1,Functional,"silicon power armor, tp-link acher",2026-04-14 05:46:53.438350+00:00
4528,501500,2026-28281,BATCH 2022-01 ELEARNING CART PACKAGE,2022,DepEd (DCP),46,0,0,Functional,,2026-04-14 05:36:32.859839+00:00
5904,304308,2026-42460,Batch 36,2018,DepEd (DCP),0,0,0,Functional,,2026-04-16 00:42:28.166403+00:00
5905,502093,2026-33656,Batch 2023-01,2023,DepEd (DCP),46,0,1,Functional,,2026-04-16 00:43:53.881123+00:00
3304,136844,2026-07512,2024,2025,DepEd (DCP),46,0,0,Functional,Headphones,2026-04-13 03:32:07.561736+00:00
5912,500673,2026-38839,Batch ,2023,DepEd (DCP),46,0,1,Functional,"With routers, headphones and other accessories ",2026-04-16 01:18:29.236717+00:00
4534,119270,2026-32418,Batch 1,2020,DepEd (DCP),1,49,1,Functional,,2026-04-14 05:38:09.354197+00:00
4558,311802,2026-30421,38,2017,DepEd (DCP),1,50,1,Non-Functional,"50 computer mouse, 1 head set",2026-04-14 05:51:30.248076+00:00
4585,305171,2026-01667,DCP22-L01-PKG1-APT-24-086,2024,DepEd (DCP),46,0,0,Functional,"Silicon power, XITRIX Smart TV, TP-Link Archer",2026-04-14 06:09:52.053192+00:00
4586,305171,2026-01667,35-36,2019,DepEd (DCP),0,50,0,Functional,,2026-04-14 06:09:52.061379+00:00
5252,127835,2026-40599,BATCH 2019-01 G4  ICT PACKAGE,2020,DepEd (DCP),0,50,1,Functional,,2026-04-15 02:48:42.107384+00:00
5634,303725,2026-20779,2023-01,2023,DepEd (DCP),46,1,1,Functional,"2 Units TP-Link Archer AX12
1 Unit SIlicon Power Armor A60 (5TB)",2026-04-15 07:57:21.275849+00:00
5625,136796,2026-07468,Batch 2019-01,2020,DepEd (DCP),3,0,2,Functional,"Speakers, UPS, Projector, Router, Desktops",2026-04-15 07:44:32.689739+00:00
5626,136796,2026-07468,Batch 2019-01,2020,DepEd (DCP),3,0,2,Functional,"Speakers, UPS, Projector, Router, Desktops",2026-04-15 07:44:32.695430+00:00
7240,501189,2026-38870,2022 Batch,2022,DepEd (DCP),46,0,1,Functional,"Routers, headphones",2026-04-21 03:02:52.895192+00:00
7360,301408,2026-18879,DCP 2023-01,2024,DepEd (DCP),46,0,1,Functional,"ROUTER, HEADPHONE, MOUSE, EXTERNAL HARDDRIVE",2026-04-21 09:59:23.342542+00:00
7429,301322,2026-19019,DCP BATCH 2022 ELC,2024,DepEd (DCP),45,0,1,Functional,,2026-04-22 07:10:29.684273+00:00
7504,136703,2026-07277,e-Learning Cart Package,2024,DepEd (DCP),46,0,1,Functional,"TNE LT-Cart-24AC-1 Charging Cart, TP-Lilnk Archer AX12 AX1500 Wi-Fi Router, Mouse, Headphone",2026-04-23 08:41:14.223024+00:00
5913,302016,2026-24573,JHS/SHS ICT PACKAGE,2019,DepEd (DCP),15,0,0,Functional,,2026-04-16 01:21:27.412763+00:00
6987,305608,2026-06805,Batch 2022-01,2024,DepEd (DCP),46,0,0,Functional,,2026-04-20 06:50:59.753542+00:00
6113,300478,2026-10985,Batch2019-03-G4-6 ICT Package- Lot 1,2021,DepEd (DCP),0,50,0,Functional,,2026-04-16 06:32:07.035145+00:00
6114,300478,2026-10985,Batch 2023-01: e-Learning Cart Package,2024,DepEd (DCP),46,0,1,Functional,,2026-04-16 06:32:07.042697+00:00
5457,316601,2026-44702,Batch 2024-01,2024,DepEd (DCP),46,5,8,Functional,,2026-04-15 05:41:37.111373+00:00
6211,102356,2026-11204,DCP 2019,2019,DepEd (DCP),1,50,0,Functional,"Mouse, Headset, Carrying Bag, Router",2026-04-16 09:22:35.497136+00:00
6213,319223,2026-02092,Batch 44,2021,DepEd (DCP),0,46,0,Functional,headphones,2026-04-16 09:27:05.092621+00:00
6216,300492,2026-11129,Batch 2024,2024,DepEd (DCP),46,0,1,Functional,,2026-04-16 09:38:26.489829+00:00
6217,300492,2026-11129,Batch 2022,2022,DepEd (DCP),46,0,0,Functional,,2026-04-16 09:38:26.496918+00:00
6308,308120,2026-19465,Batch 33-36,2016,DepEd (DCP),2,0,0,Functional,"routers, headphones, mouse",2026-04-17 03:00:33.083172+00:00
6310,300057,2026-08176,2024-01,2024,DepEd (DCP),46,0,1,Functional,"HDD, USB",2026-04-17 03:03:38.440746+00:00
6531,500175,2026-27074,2022-01,2024,DepEd (DCP),0,46,1,Functional,"TP-LINK ARCHER AX12, TSDI CHARGING CART, I UNIT SILICON POWER ARMOR A60",2026-04-18 03:17:43.947284+00:00
3548,300817,2026-14579,DCP 2020 Lot 1,2021,DepEd (DCP),2,0,2,Non-Functional,"Lapel, Portable Loud Speaker",2026-04-13 07:47:49.381086+00:00
3549,300817,2026-14579,DCP 2020 - BATCH 2019-03 Lot 2,2020,DepEd (DCP),1,50,0,Functional,Wireless router,2026-04-13 07:47:49.386164+00:00
3550,300817,2026-14579,DCP BATCH NO. 38,2017,DepEd (DCP),0,0,0,Non-Functional,"Monitor, LCD Projector, Tripod Projection Screen, Audio Speaker, UPS, Networking Switch, Printer, Ink Cartridge, Table",2026-04-13 07:47:49.391006+00:00
6535,314004,2026-38536,batch 2024,2025,DepEd (DCP),46,0,1,Functional,"router, headset, mouse",2026-04-18 03:56:14.043228+00:00
6587,301591,2026-04822,2024-01,2024,LGU / SEF,46,0,1,Functional,"Wireless Router, Charging cart, External HDD5TB Flashdrive Recovery disk",2026-04-19 00:23:16.737416+00:00
6648,304715,2026-02598,44,2018,DepEd (DCP),0,100,0,Functional,,2026-04-19 13:10:05.743032+00:00
6753,305202,2026-01758,Batch 2023-01,2024,DepEd (DCP),46,0,1,Functional,Wireless Router and External Hard Drive,2026-04-20 02:47:27.555087+00:00
6764,304899,2026-03844,45,2022,DepEd (DCP),40,50,2,Functional,,2026-04-20 03:07:06.327381+00:00
6846,302197,2026-25980,Batch 33,2023,DepEd (DCP),30,0,1,Functional,,2026-04-20 04:04:27.405320+00:00
6847,302197,2026-25980,Batch 36,2024,DepEd (DCP),46,0,1,Functional,"Mouse , keyboard, Modem / Router, Printer, Speakers


",2026-04-20 04:04:27.411707+00:00
6843,305443,2026-07478,Batch 2023,2024,DepEd (DCP),46,0,1,Functional,,2026-04-20 04:01:19.447333+00:00
6909,101460,2026-09235,DCP 2018-01,2019,DepEd (DCP),0,50,0,Non-Functional,,2026-04-20 05:17:01.992236+00:00
7111,113239,2026-24971,BATCH 2023 L4T,2023,DepEd (DCP),5,0,0,Functional,"5 UNITS CARRYING BAG
5 UNITS WIRELESS MOUSE
5 UNITS HEADSET
5 UNITS RECOVERY FLASH DRIVE(64GB)",2026-04-20 11:32:43.686783+00:00
7112,113239,2026-24971,FY 2023 STV,2023,DepEd (DCP),0,0,5,Functional,5 UNITS 5T EXTERNAL DRIVE FOR STV,2026-04-20 11:32:43.693786+00:00
7113,113239,2026-24971,DCP 2019-01-eTEXTBOOKS,2019,DepEd (DCP),1,50,2,Non-Functional,"2 UNITS CHARGING AND STORAGE CART
1 UNIT ROUTER
1 UNIT 3-IN-1 INKJET PRINTER",2026-04-20 11:32:43.699667+00:00
7114,113239,2026-24971,BATCH 42(CY2017),2017,DepEd (DCP),2,0,2,Non-Functional,"12 UNITS DESKTOP MONITOR PC(ACER) S200 LIGHT BLUE LCD
12 UNITS SYSTEM UNIT ACER X4650
12 UNITS KEYBOARD ACER
12 UNITS MOUSE ACER
12 UNITS APC-UPS
1 UNIT ROUTER
2 UNITS ACER MOUSE
1 UNIT EXTERNAL DVD RECORDER",2026-04-20 11:32:43.705741+00:00
7115,113239,2026-24971,BATCH 40,2019,DepEd (DCP),1,0,0,Non-Functional,"1 UNIT INTERCTIVE PROJECTOR
1 UNIT MULTIMEDIA SPEAKER",2026-04-20 11:32:43.711586+00:00
7116,113239,2026-24971,BATCH 29,2016,DepEd (DCP),1,0,0,Non-Functional,"1 PC LAPTOP SLING BAG/USB OPTICAL USB
1 PC DEEPCOOL LAPTOP COOLER
1 SET DVD RECORDABLE DISC(6PCS)
1 UNIT EPSON LCD PROJECTOR
1 UNIT 70X70 TRIPOD PROJECTOR SCREEN
1 UNIT MICROLAB M-280 MULTIMEDIA SPEAKER WITH SUB-WOOFER",2026-04-20 11:32:43.717633+00:00
4559,307709,2026-16958,DCP PACKAGE,2024,DepEd (DCP),46,0,1,Functional,"mouse, headphones, hard drive",2026-04-14 05:52:11.731000+00:00
7241,301305,2026-18958,Batch 22,2022,DepEd (DCP),46,0,1,Functional,"2 Routers, 1 External HDD, 2 Charging Carts",2026-04-21 03:09:24.570997+00:00
4563,300820,2026-14580,Batch 2022-01,2024,DepEd (DCP),46,0,1,Functional,Batch 2022 intact and with documents,2026-04-14 05:53:47.259856+00:00
4564,300820,2026-14580,Batch 2019-03,2020,DepEd (DCP),1,50,0,Non-Functional,,2026-04-14 05:53:47.266386+00:00
4565,300820,2026-14580,Batch 36,2018,DepEd (DCP),2,0,0,Non-Functional,Not Functional/Damaged by Typhoon,2026-04-14 05:53:47.276326+00:00
4566,300820,2026-14580,Batch 33,2016,DepEd (DCP),2,0,0,Functional,ICT Room 1 c/o M' Mylene Dionisio,2026-04-14 05:53:47.284706+00:00
4570,303481,2026-36300,DCP 2023-01,2023,DepEd (DCP),46,0,1,Functional,,2026-04-14 05:55:20.713426+00:00
5253,304523,2026-44457,Batch 2023-01,2024,DepEd (DCP),46,0,0,Functional,"1 Wireless Router, 2 Charging Cart, 1 External Hard Drive",2026-04-15 02:48:51.996202+00:00
4573,303438,2026-35802,DCP,2023,DepEd (DCP),92,0,0,Functional,,2026-04-14 05:59:00.172921+00:00
4574,116788,2026-28301,Batch 2024,2024,DepEd (DCP),40,0,1,Functional,,2026-04-14 05:59:21.604495+00:00
4576,500221,2026-32872,Batch 2023-01: ELearnjng Cart (500221),2023,DepEd (DCP),46,0,0,Functional,,2026-04-14 06:03:33.915830+00:00
4577,304103,2026-40680,2022-01,2022,DepEd (DCP),46,0,1,Functional,"Charging Carts - 2
Wireless Router - 2
External HDD - 1",2026-04-14 06:04:11.919503+00:00
4618,304113,2026-40840,Batch ,2023,DepEd (DCP),92,0,2,Functional,,2026-04-14 06:21:54.624669+00:00
4619,302502,2026-28635,LOT 5: IT PACKAGE(E-TEXTBOOK),2018,DepEd (DCP),1,50,0,Non-Functional,1 UNIT ROUTER,2026-04-14 06:22:00.917298+00:00
4580,126001,2026-22531,DCP BATCH 2019-01,2019,DepEd (DCP),0,50,0,Functional,,2026-04-14 06:05:42.567762+00:00
4583,502541,2026-06752,Batch 2024,2024,DepEd (DCP),46,0,1,Functional,One of the 2 charging carts was not functional,2026-04-14 06:08:55.210520+00:00
4584,305400,2026-07265,Batch 44,2024,DepEd (DCP),46,0,0,Functional,,2026-04-14 06:09:35.816081+00:00
4582,301823,2026-22961,2022-01,2022,DepEd (DCP),46,0,1,Functional,"46 headphones, 2 router, 46 mouse, 1 External Drive",2026-04-14 06:08:40.504861+00:00
4587,303795,2026-21422,Batch,2022,DepEd (DCP),46,0,1,Functional,,2026-04-14 06:11:05.779753+00:00
4588,302426,2026-28170,Batch 2023-01,2023,DepEd (DCP),46,0,0,Functional,"2 wireless routers, 1 external HDD",2026-04-14 06:11:50.247880+00:00
4589,302426,2026-28170,Batch 2024-01,2024,DepEd (DCP),46,0,0,Functional,"2 Charging carts,2 wireless routers, 1 external HDD",2026-04-14 06:11:50.256111+00:00
4590,303001,2026-32852,Batch 2022-01-E-Learning-Cart,2024,DepEd (DCP),46,0,1,Functional,"Carrying Bags (46), Mouse Pad (46), Headset (46), Flashdrive (1), Router (2), Rugged (1)",2026-04-14 06:12:04.177515+00:00
4591,303001,2026-32852,Batch 2023-03-Laptop for Teachers,2024,DepEd (DCP),5,0,0,Non-Functional,"No charging station included so I chose ""Missing"" instread, Carrying Bags (5), Mouse (5), Headset (5), Flashdrive (5)",2026-04-14 06:12:04.185068+00:00
4592,303001,2026-32852,Non-DCP/ADM Learning tablets Package 2025,2025,Private Donor / NGO,0,10,0,Non-Functional,no charging station included,2026-04-14 06:12:04.191467+00:00
4598,302759,2026-29518,Batch 1,2024,DepEd (DCP),46,0,0,Non-Functional,1 wireless router,2026-04-14 06:13:35.795154+00:00
4600,304669,2026-45719,Lot 8: ICT Package,2019,DepEd (DCP),50,0,0,Functional,Router,2026-04-14 06:15:36.110489+00:00
4601,304669,2026-45719,DCP 2020,2020,DepEd (DCP),1,0,1,Functional,,2026-04-14 06:15:36.119834+00:00
4602,304669,2026-45719,DCP 2020,2020,DepEd (DCP),1,0,1,Functional,,2026-04-14 06:15:36.130344+00:00
4603,304669,2026-45719,Batch 33 Lot 19,2025,DepEd (DCP),46,0,0,Functional,2 units Projectot,2026-04-14 06:15:36.138991+00:00
4604,303180,2026-33254,2019,2020,DepEd (DCP),51,0,1,Functional,1 router,2026-04-14 06:16:03.392429+00:00
4605,303180,2026-33254,2022,2024,DepEd (DCP),46,0,1,Functional,1 Router and 1 TB Ext Drive,2026-04-14 06:16:03.403452+00:00
4625,302513,2026-29291,Batch 2022,2024,DepEd (DCP),46,0,1,Functional,"2 routers, 46 headphones, 1 hard drive",2026-04-14 06:25:18.532684+00:00
5458,502128,2026-22638,DCP BATCH 22,2024,DepEd (DCP),46,0,2,Functional,,2026-04-15 05:42:38.400045+00:00
4560,302735,2026-30311,DCP 2022 E-LEARNING CART PACKAGE,2024,DepEd (DCP),46,0,1,Functional,"Headphones, mouse, laptop bag",2026-04-14 05:53:38.849232+00:00
4609,303462,2026-36241,DCP2022-REBID,2024,DepEd (DCP),46,0,1,Functional,"ROUTER, HEADPHONE,MOUSE",2026-04-14 06:18:21.867131+00:00
4610,104916,2026-16654,DCP BATCH 2019,2019,DepEd (DCP),0,48,0,Non-Functional,,2026-04-14 06:19:50.151616+00:00
4611,302097,2026-25084,Batch 22,2024,DepEd (DCP),46,0,1,Functional,"Remarks : 2 Unit TPLink Router, 1 Unit External Hard Drive, 46 Headphone & Mouse. 3 Laptops Non Functional",2026-04-14 06:19:50.284504+00:00
5802,102987,2026-11146,2019-01,2019,DepEd (DCP),2,100,0,Functional,,2026-04-15 11:47:00.118268+00:00
5910,104957,2026-13682,DCP Tablet,2021,DepEd (DCP),1,50,1,Functional,,2026-04-16 01:10:47.182156+00:00
4620,302502,2026-28635,DCP 2020: MULTIMEDIA PACKAGE,2020,DepEd (DCP),1,0,1,Non-Functional,SPEAKER WITH LAPEL MIC,2026-04-14 06:22:00.925427+00:00
4621,302502,2026-28635,DCP 2021 LOT 5 (2021 FUND),2022,DepEd (DCP),4,0,0,Non-Functional,EXTERNAL HARD DRIVE,2026-04-14 06:22:00.932699+00:00
4622,302502,2026-28635,BATCH 2023-01:eLEARNING CART PACKAGE,2024,DepEd (DCP),46,0,1,Non-Functional,ROUTER,2026-04-14 06:22:00.944295+00:00
5941,102790,2026-10918,2023,2023,DepEd (DCP),0,22,0,Non-Functional,Damage caused by termites,2026-04-16 01:58:11.838366+00:00
4624,300553,2026-07367,Batch 2025,2025,DepEd (DCP),40,0,0,Functional,Headphones included ,2026-04-14 06:24:39.150207+00:00
5943,300461,2026-11200,Batch 2022,2022,DepEd (DCP),4,0,0,Functional,"Hdd, Headset, Mouse, Mousepad, laptop bag and USB flashdrive",2026-04-16 02:00:31.409211+00:00
4581,500043,2026-33130,1,2024,DepEd (DCP),92,0,2,Functional,,2026-04-14 06:08:19.769170+00:00
5944,300461,2026-11200,Batch 2022,2024,DepEd (DCP),46,0,1,Functional,"2 Router, 2 storage cart, 1 external drive, 1 flashdrive recovery disk",2026-04-16 02:00:31.414790+00:00
5945,300461,2026-11200,Batch 2023-03,2024,DepEd (DCP),5,0,0,Functional,"5 Mouse, Headset, bag, and 1 flashdrive (recovery disk)",2026-04-16 02:00:31.420433+00:00
4612,302478,2026-29013,2022-01,2024,DepEd (DCP),46,0,1,Functional,Routers,2026-04-14 06:20:09.384084+00:00
4613,302478,2026-29013,Batch 41,2018,DepEd (DCP),1,50,2,Functional,Router,2026-04-14 06:20:09.393115+00:00
4614,302478,2026-29013,2018-01,2019,DepEd (DCP),1,50,0,Functional,,2026-04-14 06:20:09.403382+00:00
4594,314223,2026-21880,Batch 33,2024,DepEd (DCP),46,0,1,Functional,,2026-04-14 06:12:26.845410+00:00
4623,302606,2026-29710,Batch 27,2022,DepEd (DCP),40,20,2,Functional,,2026-04-14 06:22:05.390225+00:00
6115,310815,2026-28089,Batch 43,2022,DepEd (DCP),46,0,1,Functional,,2026-04-16 06:33:44.926903+00:00
4627,106741,2026-16515,BATCH 14,2013,DepEd (DCP),0,0,0,Non-Functional,N COMPUTING NOT WORKING,2026-04-14 06:25:37.014872+00:00
4628,106741,2026-16515,BATCH 29,2016,DepEd (DCP),1,0,0,Non-Functional,ONLY THE PROJECTOR AND SUBWOOFER ARE WORKING,2026-04-14 06:25:37.022384+00:00
4629,106741,2026-16515,BATCH 40,2018,DepEd (DCP),1,0,0,Non-Functional,LAPTOP IS NOT CHARGING AND THE REST ARE NOT WORKING.,2026-04-14 06:25:37.030740+00:00
4630,106741,2026-16515,DCP 2020,2021,DepEd (DCP),1,0,1,Non-Functional,LAPTOP IS NO LONGER WORKING,2026-04-14 06:25:37.038627+00:00
4631,317002,2026-45607,DCP 2024,2024,DepEd (DCP),46,0,0,Functional,,2026-04-14 06:25:47.794019+00:00
4632,303234,2026-33881,BATCH 2023-01,2024,DepEd (DCP),46,0,0,Functional,"HEADPHONES, USB FLASH DRIVE, SMART TV, ROUTER, HDD",2026-04-14 06:27:41.266487+00:00
4653,306271,2026-32961,2024-01,2024,DepEd (DCP),46,0,1,Functional,"Wireless routers, external hard drive, mouse, headset, flashdrive",2026-04-14 06:36:50.444318+00:00
4634,302695,2026-30826,Batch 2,2017,DepEd (DCP),0,100,1,Functional,"Printer, Headset, Router",2026-04-14 06:28:56.590044+00:00
4635,122869,2026-37244,Batch 2023-01,2023,DepEd (DCP),46,0,1,Functional,"Routers, Headphones, Adapters",2026-04-14 06:30:06.496157+00:00
4636,305680,2026-43380,Batch 2022-01,2022,DepEd (DCP),46,0,1,Functional,,2026-04-14 06:30:35.408877+00:00
4637,360870,2026-06951,batch 2022,2025,DepEd (DCP),46,0,1,Functional,"TP LINK ROUTERS, HEAPHONE",2026-04-14 06:30:40.945692+00:00
4638,116588,2026-29254,Batch 44,2024,DepEd (DCP),46,0,1,Functional,"Routers, Headphones, Adapters, Mouses",2026-04-14 06:30:47.056584+00:00
4639,501619,2026-39166,Batch 44,2023,DepEd (DCP),46,0,1,Non-Functional,"Adapters, mouse, Hard drive, router are not functioning ",2026-04-14 06:31:17.428999+00:00
4640,303441,2026-36028,eLearning Cart Package,2024,DepEd (DCP),46,0,1,Functional,"TP Link Archer, Storage Carts, Silicon Power, Recovery Disk",2026-04-14 06:31:56.359768+00:00
5254,102336,2026-10518,Batch 2,2024,DepEd (DCP),0,0,5,Functional,,2026-04-15 02:49:54.020788+00:00
5255,102336,2026-10518,Batch 1,2024,DepEd (DCP),51,0,1,Functional,,2026-04-15 02:49:54.027289+00:00
4645,502068,2026-10942,Batch 1,2024,DepEd (DCP),46,0,1,Functional,,2026-04-14 06:35:28.159687+00:00
4646,313502,2026-36468,Batch 2022 & 2023,2024,DepEd (DCP),92,20,2,Functional,,2026-04-14 06:36:38.851673+00:00
4647,302578,2026-28369,DCP 35,2018,DepEd (DCP),2,0,0,Non-Functional,,2026-04-14 06:36:44.844060+00:00
4648,302578,2026-28369,DCP 36,2018,DepEd (DCP),2,0,0,Non-Functional,,2026-04-14 06:36:44.852105+00:00
4649,302578,2026-28369,LOT 5 ,2021,DepEd (DCP),50,0,1,Non-Functional,,2026-04-14 06:36:44.858789+00:00
4650,302578,2026-28369,LOT 7 BATCH 2023,2024,DepEd (DCP),46,0,1,Non-Functional,,2026-04-14 06:36:44.867224+00:00
4651,302578,2026-28369,LOT 1 ,2024,DepEd (DCP),10,0,0,Non-Functional,,2026-04-14 06:36:44.874621+00:00
4652,501252,2026-40478,DCP Batch 2023,2023,DepEd (DCP),46,0,0,Functional,,2026-04-14 06:36:48.303547+00:00
4643,300171,2026-09020,batch 1,2022,DepEd (DCP),46,0,1,Functional,all are package,2026-04-14 06:33:48.261843+00:00
5285,305224,2026-01795,Batch 22,2024,DepEd (DCP),42,0,1,Functional,Headphones,2026-04-15 03:06:28.231329+00:00
4670,303813,2026-21748,Etextbook FY2018,2020,DepEd (DCP),1,50,0,Functional,Wireless router,2026-04-14 06:46:58.230293+00:00
4672,304589,2026-45199,Batch20223-01,2024,DepEd (DCP),46,0,1,Functional,"Tp link, charging cart, external hdd",2026-04-14 06:48:13.428636+00:00
5281,300453,2026-10620,BATCH 41,2018,DepEd (DCP),0,50,0,Functional,,2026-04-15 03:05:58.723934+00:00
5282,300453,2026-10620,E-TEXTBOOK PACKAGE,2021,DepEd (DCP),1,50,0,Functional,,2026-04-15 03:05:58.729653+00:00
4735,501203,2026-01224,Batch 24,2019,DepEd (DCP),1,0,0,Functional,,2026-04-14 07:21:41.949325+00:00
4736,501203,2026-01224,Batch 29,2016,DepEd (DCP),1,0,0,Functional,,2026-04-14 07:21:41.958998+00:00
4737,501203,2026-01224,Batch 2020,2023,DepEd (DCP),6,0,0,Functional,,2026-04-14 07:21:41.964775+00:00
4738,501203,2026-01224,Batch 2020,2023,DepEd (DCP),0,0,7,Functional,,2026-04-14 07:21:41.976041+00:00
4739,501203,2026-01224,Batch 2023,2024,DepEd (DCP),46,0,0,Functional,,2026-04-14 07:21:41.986742+00:00
5283,300453,2026-10620,MULTIMEDIA PACKAGE,2022,DepEd (DCP),1,0,1,Functional,,2026-04-15 03:05:58.735729+00:00
4694,312952,2026-34606,Batch 18,2018,DepEd (DCP),0,50,0,Non-Functional,The tablets are no longer functional. It is beyond repair,2026-04-14 07:00:35.361577+00:00
5284,300453,2026-10620,E- Learning Cart Pacage,2024,DepEd (DCP),46,0,0,Functional,,2026-04-15 03:05:58.741275+00:00
6051,303998,2026-39690,DCP PACKAGES 2023 BATCH 2023-01:E LEARNING CART PACKAGE,2023,DepEd (DCP),46,0,1,Functional,"COBY HEADSET CD-128, COBY WIRELESS MOUSE, LAPTOP BAG, MOUSE PAD,CHARGING STATION, AND  TP LINK WIRELESS ROUTER.",2026-04-16 05:17:47.739621+00:00
6218,136603,2026-07119,Ict room batch,2025,Private Donor / NGO,0,0,0,Functional,Desktop Computer,2026-04-16 09:39:24.501217+00:00
7430,306502,2026-13119,DCP PACKAGE BATCH 2023 ECART PACKAGE,2024,DepEd (DCP),46,0,1,Functional,,2026-04-22 07:25:32.836210+00:00
5633,302488,2026-28366,Lot 5: IT Package (e-Textbook),2019,DepEd (DCP),1,50,0,Non-Functional,"Some equipment (e.g. headphones, UPS and etc.) are non-serviceable",2026-04-15 07:55:48.206956+00:00
6313,501475,2026-28521,2022-01,2022,DepEd (DCP),46,0,1,Functional,"TP-Link Archers, charging cart, external HDD, HDMI Cable",2026-04-17 03:11:30.823825+00:00
6322,116028,2026-28565,DCP - L4T,2024,DepEd (DCP),5,0,0,Functional,,2026-04-17 03:26:55.605172+00:00
4677,302518,2026-29112,Batch 2022-01,2024,DepEd (DCP),46,0,1,Functional,,2026-04-14 06:50:04.270380+00:00
5911,500919,2026-11165,2024,2024,DepEd (DCP),46,0,1,Functional,"CHARGING CARTS, EXTERNAL HARD DRIVE",2026-04-16 01:16:31.305695+00:00
4688,502308,2026-11052,BATCH 23 ECARTS PACKAGE BATCH 23,2023,DepEd (DCP),46,0,1,Non-Functional,,2026-04-14 06:55:27.907302+00:00
6117,340155,2026-01968,Batch 2023-01 Elearning Package,2024,DepEd (DCP),46,0,1,Functional,"Router
External Hard Drive",2026-04-16 06:35:49.300869+00:00
6323,116028,2026-28565,Batch 20,2021,DepEd (DCP),1,0,1,Functional,,2026-04-17 03:26:55.612735+00:00
6392,130646,2026-44757,Batch 2020,2021,DepEd (DCP),3,0,3,Non-Functional,3 lapel,2026-04-17 05:58:16.048272+00:00
6393,130646,2026-44757,Batch 30,2016,DepEd (DCP),1,0,1,Non-Functional,,2026-04-17 05:58:16.057167+00:00
6394,101410,2026-09174,Batch 19,2013,DepEd (DCP),1,0,0,Non-Functional,Batch 19 for recommended for condemnation including monitor and keyboard,2026-04-17 06:01:47.917522+00:00
6395,101410,2026-09174,Batch 29,2016,DepEd (DCP),1,0,0,Non-Functional,Batch 29 recommended for condemnation including projectors,2026-04-17 06:01:47.924878+00:00
6396,101410,2026-09174,Batch 50,2018,DepEd (DCP),1,44,0,Non-Functional,Batch 50 recommended for condemnation,2026-04-17 06:01:47.930758+00:00
6397,101410,2026-09174,Batch 40,2018,DepEd (DCP),1,0,0,Non-Functional,Batch 40 recommended for condemnation including projectors,2026-04-17 06:01:47.948182+00:00
4669,501036,2026-41263,Batch 2022-01,2024,DepEd (DCP),46,10,1,Functional,,2026-04-14 06:44:13.871573+00:00
5256,117628,2026-29503,2023-01 (Laptop for Teachers) ,2023,DepEd (DCP),5,0,0,Functional,,2026-04-15 02:51:57.760813+00:00
4655,302604,2026-29658,DCP 2023,2024,DepEd (DCP),46,0,1,Functional,"Routers, External drives",2026-04-14 06:39:18.753297+00:00
4656,500198,2026-30532,E-LEARNING CART PACKAGE,2024,DepEd (DCP),46,0,1,Functional,,2026-04-14 06:40:13.749363+00:00
5257,117628,2026-29503,2024-01 (Smart TV package) ,2024,DepEd (DCP),0,0,5,Functional,External HDD 5pcs,2026-04-15 02:51:57.767361+00:00
4711,501760,2026-01075,BATCH2023-01,2024,DepEd (DCP),46,0,1,Functional,"2 Routers, 1 External Hard Drive",2026-04-14 07:09:33.878880+00:00
4717,302201,2026-26028,E-54,2024,DepEd (DCP),46,0,1,Functional,,2026-04-14 07:10:50.992096+00:00
5636,107919,2026-16804,Batch 2019-01,2020,DepEd (DCP),1,50,1,Functional,"50 pcs headset included
1 wireless router included 
1 printer included",2026-04-15 08:00:30.875957+00:00
5655,502361,2026-41323,Batch 2022:01,2024,DepEd (DCP),46,0,1,Functional,,2026-04-15 08:13:35.949515+00:00
7243,114682,2026-26839,Laptop for Teacher,2024,DepEd (DCP),5,0,5,Functional,,2026-04-21 03:10:52.833690+00:00
5914,117666,2026-29528,Grade 4-6 package,2019,DepEd (DCP),0,50,1,Functional,Headphones,2026-04-16 01:22:40.615772+00:00
6026,305456,2026-06820,Batch 2024-01: eLearning Cart Package,2024,DepEd (DCP),46,0,1,Functional,"2 routers, 2 Charging Charts, 1 External Drive, 46 wireless mouse, 46 headset",2026-04-16 04:11:58.392874+00:00
6032,114939,2026-27146,LOT 5: IT PACKAGE,2019,DepEd (DCP),2,100,0,Functional,"Other equipment: head phone & wireless optical mouse.
Out of 100 COBY Tablets only 20 were functional
2 COBY laptops were unserviceable.",2026-04-16 04:25:24.010995+00:00
6118,501152,2026-38967,Batch 42,2024,DepEd (DCP),46,0,1,Functional,None,2026-04-16 06:36:04.227498+00:00
6131,501091,2026-28067,BATCH-01,2024,DepEd (DCP),45,0,1,Functional,,2026-04-16 06:50:50.569112+00:00
6214,501270,2026-44742,BATCH 2022,2024,DepEd (DCP),1,0,1,Functional,"Headphones, router",2026-04-16 09:36:05.478796+00:00
7544,501918,2026-37669,Batch 2024-01 &02,2025,DepEd (DCP),46,0,5,Functional,"HEADPHONES,EXTERNAL DRIVES",2026-04-24 00:14:21.107753+00:00
6234,304547,2026-45097,Batch 22,2024,DepEd (DCP),2,15,4,Functional,,2026-04-16 14:21:35.504694+00:00
7361,304030,2026-40133,Charging Cart- ViewTech VLT24,2024,DepEd (DCP),46,0,1,Functional,,2026-04-21 10:20:58.763166+00:00
7362,304030,2026-40133,Charging Cart - PIXPRO Chargestation Max XSTN-25MX,2024,DepEd (DCP),45,0,0,Functional,,2026-04-21 10:20:58.770134+00:00
6312,304584,2026-45134,DCP20-R12-022338,2025,DepEd (DCP),4,0,4,Functional,,2026-04-17 03:10:23.476093+00:00
6398,101410,2026-09174,Laptop for teaching 2025,2025,DepEd (DCP),5,0,0,Functional,,2026-04-17 06:01:47.954306+00:00
6399,101410,2026-09174,Laptop for Teaching 2021,2021,DepEd (DCP),4,0,0,Functional,,2026-04-17 06:01:47.960124+00:00
6532,304836,2026-04213,eLearning Cart Package,2023,DepEd (DCP),46,0,1,Functional,"the elearning package has also equipment that is in good condition like mouse, and head phone. ",2026-04-18 03:27:15.640634+00:00
6588,300915,2026-15009,Batch 2023,2024,DepEd (DCP),46,0,1,Functional,"Routers, mouse, HDMI, external drive, flash drive",2026-04-19 00:59:45.729115+00:00
6589,300915,2026-15009,Batch 2024,2024,DepEd (DCP),46,0,1,Functional,"Routers, mouse, HDMI, external drive, flash drive",2026-04-19 00:59:45.735742+00:00
6649,114681,2026-26838,Batch 2019-01,2020,DepEd (DCP),1,50,1,Non-Functional,,2026-04-19 13:15:30.765105+00:00
6476,301550,2026-04549,Batch44,2023,DepEd (DCP),51,0,1,Functional,Headphones,2026-04-17 11:46:05.360864+00:00
6698,305764,2026-02676,Batch 2022-01,2022,DepEd (DCP),46,0,1,Functional,"Router,wireless mouse,mouse pad, external drive, laptop bag",2026-04-20 01:37:58.309221+00:00
6990,300179,2026-09179,2022,2024,DepEd (DCP),46,0,1,Functional,"46 headset, 46 wireless mouse, 2 routers",2026-04-20 06:59:46.126891+00:00
6837,132179,2026-03220,1,2024,DepEd (DCP),48,0,6,Functional,,2026-04-20 03:51:34.854853+00:00
6910,109009,2026-18843,DCP PACKAGE 2019,2019,DepEd (DCP),1,50,0,Non-Functional,,2026-04-20 05:18:48.309350+00:00
5919,303648,2026-38319,DCP E Learning Cart Package,2025,DepEd (DCP),92,0,2,Functional,"Wireless Router - 4
Charging Cart - 4 
External Hardrive Silicon Power 5TB Armor - 2
Flash Drive - 2",2026-04-16 01:33:16.651072+00:00
6989,500174,2026-26980,BATCH 44,2019,DepEd (DCP),1,50,0,Functional,"ROUTER, HEADSET, WIRELESS MOUSE WITH PAD, CHARGING STORAGE",2026-04-20 06:58:42.091753+00:00
7047,502145,2026-03966,2020,2022,DepEd (DCP),2,0,2,Functional,2 SETS OF LAPEL,2026-04-20 08:26:39.878571+00:00
7048,502145,2026-03966,2022,2021,DepEd (DCP),46,0,1,Functional,"1 SET OF ROUTER, 2SOTRAGE CART, 1 EXTERNAL HARD DRIVE AND 1 USB FLASH DRIVE",2026-04-20 08:26:39.884664+00:00
7110,131637,2026-04315,Batch  42,2018,DepEd (DCP),1,0,0,Functional,Pixpro Interactive Projector iShow Activa X1600 and PIXPRO SOundblaster818 Multimedia Speaker,2026-04-20 11:31:26.930185+00:00
7437,500180,2026-26806,BATCH 2024,2024,DepEd (DCP),46,0,1,Functional,"TP-LINK Archer AX12, Silicon Power Armor A60",2026-04-22 07:52:05.738478+00:00
7438,300359,2026-09921,Batch 22,2024,DepEd (DCP),45,0,2,Functional,,2026-04-22 07:55:08.302131+00:00
7505,301578,2026-04936,DCP,2024,DepEd (DCP),50,0,2,Functional,,2026-04-23 09:09:19.565369+00:00
7506,301578,2026-04936,Computer Package,2019,DepEd (DCP),40,0,0,Functional,,2026-04-23 09:09:19.572351+00:00
4657,304640,2026-45623,BATCH 30,2023,DepEd (DCP),45,0,0,Functional,,2026-04-14 06:40:24.325277+00:00
4673,300470,2026-10650,batch 33,2024,DepEd (DCP),46,0,1,Functional,"wireless route, Archer AX12",2026-04-14 06:49:07.005779+00:00
4662,302561,2026-28605,eLearning Cart Package,2022,DepEd (DCP),46,0,0,Functional,"Routers - 2
Headphones - 46
Charging Cart - 2
Silicon Power - 1",2026-04-14 06:41:13.083949+00:00
4663,302561,2026-28605,E-Textbooks,2018,DepEd (DCP),1,50,1,Non-Functional,"Charging Cart - 2
External Optical Disc Drive - 1
Headset - 51
TV - 1
",2026-04-14 06:41:13.089941+00:00
4664,302561,2026-28605,Multimedia Package,2020,DepEd (DCP),2,0,2,Functional,Portable Loud Speaker with Lapel Mic - 2,2026-04-14 06:41:13.097463+00:00
4667,303933,2026-22699,ECart,2024,DepEd (DCP),92,0,2,Functional,,2026-04-14 06:41:56.544399+00:00
4668,303609,2026-37828,Batch 5,2024,DepEd (DCP),46,0,1,Functional,"routers, headphones and adapter",2026-04-14 06:44:01.068159+00:00
4615,302478,2026-29013,Batch 2020,2021,DepEd (DCP),1,0,1,Functional,,2026-04-14 06:20:09.410115+00:00
4671,305234,2026-02064,2022-01,2024,DepEd (DCP),46,0,1,Functional,,2026-04-14 06:47:28.984976+00:00
4675,302611,2026-30062,DCP Package 2023,2025,DepEd (DCP),46,0,1,Non-Functional,"ROUTERS, HARD DRIVE",2026-04-14 06:49:53.770606+00:00
4676,302611,2026-30062,DCP Package 2024,2024,DepEd (DCP),46,0,1,Non-Functional,"ROUTER, HARD DRIVE",2026-04-14 06:49:53.776740+00:00
4678,305974,2026-07379,Batch 2023-01,2024,DepEd (DCP),46,0,1,Functional,"Backpack, wireless optical mouse, headphone, flash drive, TV mount, hdmi cable, mounting kit, routers, external hard drive",2026-04-14 06:50:29.826630+00:00
7363,302298,2026-27028,2023-01,2024,DepEd (DCP),46,0,1,Functional,,2026-04-21 10:34:43.181312+00:00
5290,300493,2026-11130,Batch 2022-01 e-learning cart package,2024,DepEd (DCP),46,0,0,Non-Functional,External Drive,2026-04-15 03:08:29.128529+00:00
4679,500761,2026-45173,Batch 40,2024,DepEd (DCP),44,0,0,Functional,,2026-04-14 06:50:32.676065+00:00
4690,304619,2026-45367,Batch 2023,2024,DepEd (DCP),46,0,1,Functional,,2026-04-14 06:59:05.360179+00:00
5291,300493,2026-11130,JHS/SHS ICT Package,2021,DepEd (DCP),51,0,1,Functional,,2026-04-15 03:08:29.136311+00:00
4700,304169,2026-41147,DCP Package,2018,DepEd (DCP),51,0,1,Functional,Routers and Headphones,2026-04-14 07:05:45.804385+00:00
4718,300112,2026-08646,Batch 2022-01,2024,DepEd (DCP),46,0,1,Functional,"Router, storage cart, external hard drive, flash drive (recovery disk) ",2026-04-14 07:11:55.245117+00:00
4719,300112,2026-08646,Batch 2019-02,2021,DepEd (DCP),51,0,0,Functional,"TPLINK AC1900, EnPower Pro Series Features, Skyworth 55UB7500, EPSON 3150",2026-04-14 07:11:55.260243+00:00
4725,500967,2026-16671,N/A,2024,DepEd (DCP),42,0,0,Functional,,2026-04-14 07:16:02.951845+00:00
4626,302513,2026-29291,Batch 2019,2019,DepEd (DCP),1,50,1,Functional,"50 mouse, 50 headsets",2026-04-14 06:25:18.539043+00:00
5292,136832,2026-07493,Batch 7,2011,DepEd (DCP),0,0,0,Functional,LCD Monitors,2026-04-15 03:08:29.993887+00:00
5315,301996,2026-24106,BATCH 2024-01: E-Learning Package,2024,DepEd (DCP),46,0,1,Functional,"with wireless mouse, headset, T-P link archer, charging cart",2026-04-15 03:18:17.129313+00:00
5316,301996,2026-24106,BATCH 2022-01: E-Learning Cart Package,2024,DepEd (DCP),46,0,1,Non-Functional,"mouse, headset, charger, wireless router, charging cart, external hard drive",2026-04-15 03:18:17.135152+00:00
5317,301996,2026-24106,Batch 2019-03 : E-Textbooks,2020,DepEd (DCP),1,50,0,Non-Functional,"TP Link Archer Wireless router, Charging Cart",2026-04-15 03:18:17.142666+00:00
5470,302153,2026-25528,Batch 44,2024,DepEd (DCP),46,0,0,Functional,,2026-04-15 05:50:40.271736+00:00
5647,305993,2026-16766,2022-01,2024,DepEd (DCP),46,0,1,Functional,,2026-04-15 08:07:55.657718+00:00
7507,305906,2026-35615,23,2024,DepEd (DCP),0,0,1,Functional,"Routers, headphones",2026-04-23 09:54:54.588753+00:00
7545,301599,2026-04891,DCP 2023,2023,DepEd (DCP),46,0,1,Functional,,2026-04-24 00:29:42.723839+00:00
6314,317810,2026-03562,Batch 2023,2023,DepEd (DCP),45,0,1,Functional,,2026-04-17 03:12:36.263572+00:00
5808,500497,2026-32653,BATCH 2022-01,2022,DepEd (DCP),46,0,1,Functional,"Routers, Headphones, Mouse, External Hard drive",2026-04-15 12:06:00.883221+00:00
5915,500763,2026-45457,Batch 44,2024,DepEd (DCP),46,0,0,Functional,,2026-04-16 01:23:57.984179+00:00
5947,309764,2026-24369,Batch 2024-1,2024,DepEd (DCP),46,0,1,Functional,,2026-04-16 02:00:35.873441+00:00
5948,309764,2026-24369,Batch 2022-01,2024,DepEd (DCP),46,0,1,Functional,,2026-04-16 02:00:35.879509+00:00
5949,500715,2026-44686,Batch 2022-01,2024,DepEd (DCP),46,0,1,Functional,"Mouse, Routers",2026-04-16 02:01:05.657474+00:00
5950,500715,2026-44686,Under FY 2018,2019,DepEd (DCP),0,50,1,Non-Functional,"Headset, Mouse, Mousepad, Tablet bag",2026-04-16 02:01:05.677496+00:00
6027,344881,2026-38579,BATCH 2022-01: ELEARNING CART PACKAGE,2024,DepEd (DCP),46,0,1,Functional,"ROUTER, EXTERNAL HARD DRIVE, FLASH DRIVE",2026-04-16 04:14:44.410528+00:00
6219,300423,2026-11282,BYM53-52311,2020,DepEd (DCP),1,50,1,Non-Functional,,2026-04-16 09:39:31.491901+00:00
6235,300627,2026-12315,DCP 2018,2018,DepEd (DCP),51,51,0,Functional,With printer,2026-04-16 14:26:13.864886+00:00
6236,300627,2026-12315,DCP 2022,2022,DepEd (DCP),46,0,1,Functional,With 46 Wireless mouse and headset,2026-04-16 14:26:13.874293+00:00
6237,300627,2026-12315,DCP 2023,2023,DepEd (DCP),46,0,1,Functional,With 46 wireless mouse and headset,2026-04-16 14:26:13.881821+00:00
6316,104829,2026-13605,Batch 30,2016,DepEd (DCP),0,0,0,Functional,,2026-04-17 03:15:38.377359+00:00
6317,300923,2026-15140,Batch 2019-03 Lot 2,2020,DepEd (DCP),0,50,0,Functional,some tablets were broken,2026-04-17 03:16:25.720353+00:00
6324,305953,2026-03560,BATCH 2023-01,2024,DepEd (DCP),46,0,1,Functional,"Wireless router, external hard drive",2026-04-17 03:27:34.704192+00:00
6325,305953,2026-03560,BATCH 2023-03,2024,DepEd (DCP),5,0,0,Functional,,2026-04-17 03:27:34.712365+00:00
6326,121666,2026-35659,Batch 44,2024,DepEd (DCP),5,0,0,Functional,headphones,2026-04-17 03:31:54.147759+00:00
6400,500305,2026-45675,BATCH 44,2024,DepEd (DCP),46,0,0,Functional,,2026-04-17 06:09:44.285521+00:00
6407,303683,2026-21022,DepEd DCP-Dumalogdog NHS,2024,DepEd (DCP),55,0,1,Functional,3 routers,2026-04-17 06:29:55.331133+00:00
6533,302445,2026-29237,eCart Package,2024,DepEd (DCP),44,0,1,Functional,,2026-04-18 03:36:39.941454+00:00
6699,501144,2026-26789,Batch 2022,2024,DepEd (DCP),46,0,1,Functional,,2026-04-20 01:38:41.088259+00:00
6839,301334,2026-18307,Batch 21,2022,DepEd (DCP),46,0,0,Functional,,2026-04-20 03:53:57.707874+00:00
6755,302074,2026-24912,Batch 2022-01,2022,DepEd (DCP),46,0,0,Functional,,2026-04-20 02:54:15.316827+00:00
6911,501859,2026-40243,2022-01,2024,DepEd (DCP),45,0,0,Functional,,2026-04-20 05:23:36.995270+00:00
6991,302401,2026-27750,BATCH 2022-01,2024,DepEd (DCP),51,20,27,Functional,,2026-04-20 07:01:53.705716+00:00
7049,308005,2026-18726,Batch 2019-03,2021,DepEd (DCP),1,50,0,Functional,1 Router,2026-04-20 08:36:02.048541+00:00
7050,308005,2026-18726,DCP 2022-01,2024,DepEd (DCP),46,0,1,Functional,2  Router,2026-04-20 08:36:02.056601+00:00
4680,500719,2026-45438,34,2024,DepEd (DCP),40,0,1,Functional,HEADPHONES,2026-04-14 06:50:42.584761+00:00
4685,302550,2026-29326,IT  Package E-Textbook,2019,DepEd (DCP),0,100,0,Functional,"Routers, Headphones, Adapters",2026-04-14 06:53:47.591360+00:00
4686,302550,2026-29326,Batch 2019-02,2020,DepEd (DCP),50,0,0,Functional,"External DVD Writer, Carrying Bag, Mouse, Headphones",2026-04-14 06:53:47.597457+00:00
4687,302550,2026-29326,Batch 2022-01 E-Learning Cart Package,2024,DepEd (DCP),46,0,1,Functional,"Smart TV, Silicon Power Armor, 2 units TP-Link Archer",2026-04-14 06:53:47.604885+00:00
4689,502467,2026-38604,2023,2023,DepEd (DCP),46,0,1,Functional,Router,2026-04-14 06:55:52.904419+00:00
4691,136829,2026-07490,4,2019,DepEd (DCP),1,50,0,Functional,"Wireless router, Charging Cart, Printer",2026-04-14 07:00:05.483850+00:00
4692,136829,2026-07490,DCP 2020 Multimedia Package,2020,DepEd (DCP),2,0,2,Functional,Lapel Speaker,2026-04-14 07:00:05.494743+00:00
4693,136829,2026-07490,DCP 2024,2024,DepEd (DCP),5,0,0,Functional,,2026-04-14 07:00:05.501420+00:00
4695,302520,2026-29113,Batch 2,2020,DepEd (DCP),50,50,1,Functional,,2026-04-14 07:01:08.629718+00:00
4696,302520,2026-29113,Batch 4,2019,DepEd (DCP),0,50,0,Functional,,2026-04-14 07:01:08.635205+00:00
4698,303957,2026-39456,Batch 22-01: e-Learning cart package,2024,DepEd (DCP),46,0,1,Functional,"charger, mouse",2026-04-14 07:04:03.953370+00:00
4754,500807,2026-38279,Batch2022-01 ELearning Cart Package,2024,DepEd (DCP),46,0,1,Functional,"Routers
Storage cart
External drive
Flash drive",2026-04-14 07:36:04.312443+00:00
4701,305181,2026-01600,Batch 2024-01,2024,DepEd (DCP),46,0,1,Functional,,2026-04-14 07:06:04.481951+00:00
4732,136404,2026-02167,ECLASSROOM PACKAGE - 2022-01,2024,DepEd (DCP),46,0,1,Functional,,2026-04-14 07:21:12.267691+00:00
4714,500223,2026-33180,JHS Batch 2022-01,2022,DepEd (DCP),46,0,1,Functional,With 2 charging cart,2026-04-14 07:10:47.975649+00:00
4707,304073,2026-40475,DCP Batch 2019,2020,DepEd (DCP),51,0,1,Functional,,2026-04-14 07:08:15.416335+00:00
4708,304073,2026-40475,DCP Batch 2018,2019,DepEd (DCP),0,46,0,Functional,Not all are working,2026-04-14 07:08:15.425467+00:00
4709,313334,2026-35423,2023,2024,DepEd (DCP),46,0,1,Functional,"Mobile Wireless mouse, Stereo Headset, TPLink Archer, Silicon Power, Recovery Disk",2026-04-14 07:08:15.653094+00:00
4710,304478,2026-43991,Batch 2018-1,2019,DepEd (DCP),0,50,0,Non-Functional,,2026-04-14 07:08:29.773855+00:00
4712,303708,2026-20937,Tablet,2025,DepEd (DCP),43,23,2,Functional,"Headphone,mouse,computer laptap bag.",2026-04-14 07:09:45.978423+00:00
7364,304803,2026-03319,41,2018,DepEd (DCP),0,0,0,Non-Functional,Router,2026-04-21 10:37:09.008554+00:00
4720,302788,2026-30606,Batch 2022-01 eLearning Cart Package,2024,DepEd (DCP),46,0,1,Functional,"Router, Headsets, adapter, mouse",2026-04-14 07:12:07.804010+00:00
7365,304803,2026-03319,E1,2018,DepEd (DCP),0,0,0,Non-Functional,ROUTER,2026-04-21 10:37:09.015341+00:00
4722,302593,2026-29895,2024-01,2024,DepEd (DCP),46,0,1,Functional,"with Routers, Headphones, Mouse and Laptop Bags",2026-04-14 07:15:03.153805+00:00
4724,303360,2026-38860,E learning,2024,DepEd (DCP),46,0,1,Functional,"2 router, headphones, mouse ,charge4",2026-04-14 07:15:54.115286+00:00
4726,305536,2026-30419,2022,2024,DepEd (DCP),46,0,1,Functional,"2 routers, 1 lapel, 1 external hard drive",2026-04-14 07:17:54.435698+00:00
4727,116456,2026-29072,Batch 2024-01,2024,DepEd (DCP),51,0,1,Functional,"Routers,headphones,adapters",2026-04-14 07:18:20.240616+00:00
4728,109933,2026-04481,DCP Batch 26,2016,DepEd (DCP),1,0,1,Functional,None,2026-04-14 07:18:56.010197+00:00
4729,304555,2026-44927,Batch 2023-01: eLearning Cart Package,2024,DepEd (DCP),46,0,0,Functional,,2026-04-14 07:19:59.901519+00:00
4730,316542,2026-44033,BATCH,2024,DepEd (DCP),46,0,0,Functional,,2026-04-14 07:20:02.187621+00:00
4731,305713,2026-34563,2023,2024,DepEd (DCP),46,0,1,Functional,"with headphones, bags, external drive",2026-04-14 07:20:15.791871+00:00
4733,317004,2026-45624,Batch 2024,2024,DepEd (DCP),46,0,1,Functional,"Headphones, mouse, charger, bags",2026-04-14 07:21:31.543795+00:00
4734,317004,2026-45624,Batch 2021,2021,DepEd (DCP),0,33,0,Non-Functional,,2026-04-14 07:21:31.552227+00:00
4740,304871,2026-04384,DCP Batch 2016,2016,DepEd (DCP),0,0,0,Non-Functional,2 servers and 42 thin clients not working,2026-04-14 07:22:52.359911+00:00
4741,304871,2026-04384,ELCP,2024,DepEd (DCP),46,0,0,Functional,"Out of 46 laptops, 36 are functional and 10 not functional",2026-04-14 07:22:52.366066+00:00
7366,304803,2026-03319,2022-eLC,2024,DepEd (DCP),46,0,1,Functional,hard drive and router,2026-04-21 10:37:09.021200+00:00
4715,500223,2026-33180,SHS batch 2023-01,2023,DepEd (DCP),46,0,0,Functional,,2026-04-14 07:10:47.983109+00:00
4706,311025,2026-28670,Batch 2024-01,2024,DepEd (DCP),46,0,1,Functional,,2026-04-14 07:07:39.961616+00:00
4744,313329,2026-35371,Batch 2022-01: Elearning Cart Package,2024,DepEd (DCP),46,0,0,Functional,,2026-04-14 07:28:44.906164+00:00
4745,307901,2026-20207,batch 2022,2024,DepEd (DCP),46,0,1,Functional,"router, external harddrive",2026-04-14 07:29:47.833287+00:00
4746,307901,2026-20207,batch 2020 Multimedia Package,2022,DepEd (DCP),1,0,1,Functional,lapel,2026-04-14 07:29:47.841493+00:00
4747,300480,2026-11242,Batch 34,2018,DepEd (DCP),46,0,1,Functional,,2026-04-14 07:30:17.600010+00:00
4748,340548,2026-07397,46,2025,DepEd (DCP),46,0,0,Functional,"AC Adapter, mouse, laptop bags",2026-04-14 07:30:29.436321+00:00
1987,303255,2026-33983,Batch 44,2022,DepEd (DCP),94,50,2,Functional,,2026-04-10 05:17:19.759318+00:00
4749,302188,2026-25957,2023-01,2023,DepEd (DCP),46,0,1,Functional,,2026-04-14 07:31:11.393621+00:00
4750,309153,2026-05689,BATCH 1,2019,DepEd (DCP),46,0,0,Functional,,2026-04-14 07:31:33.321025+00:00
4751,121681,2026-35678,Batch 2023-01,2024,DepEd (DCP),46,0,1,Functional,"Routers, Headphones, External Hard drive, flash drive",2026-04-14 07:31:37.275187+00:00
4752,303025,2026-32621,Batch 2023-01 e Learning Cart Pqckage,2024,DepEd (DCP),46,0,1,Functional," Routers, HDMI Cable",2026-04-14 07:35:52.600398+00:00
4753,502152,2026-27528,BATCH 2022-01,2024,DepEd (DCP),46,0,1,Functional,,2026-04-14 07:35:58.462159+00:00
4755,320304,2026-07417,2019 eLearning Cart Package,2019,DepEd (DCP),0,48,0,Non-Functional,,2026-04-14 07:36:29.049759+00:00
4703,302490,2026-28875,2018-01,2019,DepEd (DCP),0,50,0,Functional,With wireless router; 1 laptop,2026-04-14 07:06:47.965908+00:00
4704,302490,2026-28875,2022-01,2024,DepEd (DCP),46,0,0,Functional,with Smart TV; Wireless router; 1 HDD,2026-04-14 07:06:47.972644+00:00
4716,500223,2026-33180,HS batch 2018-01,2018,DepEd (DCP),0,50,0,Functional,"2 charging carts, 50 headset",2026-04-14 07:10:47.989319+00:00
7367,304803,2026-03319,2023-L4T,2024,DepEd (DCP),5,0,0,Functional,,2026-04-21 10:37:09.029782+00:00
7433,301280,2026-19017,ELC2023,2024,DepEd (DCP),46,0,1,Functional,With routers and headphones,2026-04-22 07:37:03.526638+00:00
4756,320304,2026-07417,2022 eLearning Cart Package,2022,DepEd (DCP),0,163,0,Non-Functional,,2026-04-14 07:36:29.063084+00:00
4757,320304,2026-07417,DCP 2022 (Rebid),2022,DepEd (DCP),46,0,1,Functional,"Modem/Router, Mouse, USB Flash Drive, External Hard Drive, Headset with Microphone",2026-04-14 07:36:29.069204+00:00
4758,320304,2026-07417,DCP-L4T,2025,DepEd (DCP),5,0,0,Non-Functional,,2026-04-14 07:36:29.077608+00:00
4759,320304,2026-07417,DCP-2020 LOT 2,2021,DepEd (DCP),1,0,1,Non-Functional,,2026-04-14 07:36:29.090676+00:00
4760,113527,2026-25309,Batch 34,2018,DepEd (DCP),1,7,0,Non-Functional,,2026-04-14 07:36:29.766191+00:00
4761,113527,2026-25309,Batch 40 -Lot 4,2018,DepEd (DCP),1,0,0,Non-Functional,Projector,2026-04-14 07:36:29.773364+00:00
4762,113527,2026-25309,Batch 2021 Lot 4 2021 Fund,2023,DepEd (DCP),4,0,0,Functional,,2026-04-14 07:36:29.780414+00:00
4763,302927,2026-32672,Batch 44,2024,DepEd (DCP),0,0,0,Functional,,2026-04-14 07:37:03.867489+00:00
4764,303407,2026-35717,DepEd-DCP DR#24-0320,2024,DepEd (DCP),46,0,1,Functional,2 units storage cart (inside the cart 2 pcs TPlink; 1 silicon power 2.5 5tb armor; 1 pc apacer 128gb recovery disk,2026-04-14 07:37:22.782429+00:00
4765,303407,2026-35717,DCP BATCH 2023-01,2023,DepEd (DCP),46,0,1,Functional,"2 WIRELESS ROUTER TP-LINK ARCHER AX12
2 CHARGING CART-TNE-LT-CART-24AC",2026-04-14 07:37:22.788213+00:00
4766,303407,2026-35717,DCP 2020,2022,DepEd (DCP),3,0,2,Functional,3 PIXPRO S511 PORTABLE LOUD SPEAKER WITH LAPEL MIC,2026-04-14 07:37:22.793463+00:00
4767,303407,2026-35717,ITR-TVL-JON-24-04-0403,2024,Other,10,0,0,Functional,1 UNIT OF PRINTER,2026-04-14 07:37:22.799063+00:00
4768,303407,2026-35717,PTR-DCP-19-07-4324,2019,DepEd (DCP),2,50,0,Functional,"50 TABLETS STILL FUNCTIONAL
50 TABLETS AND 2 LAPTOPS NOT FUNCTIONAL
2 UNITS CHARGING STORAGE CART
1 WIRELESS ROUTER",2026-04-14 07:37:22.805433+00:00
4769,303472,2026-36192,Batch 22-01,2025,DepEd (DCP),46,0,1,Functional,"Routers, storage cart, external hard drive, flash drive recovery",2026-04-14 07:39:14.196412+00:00
4771,502035,2026-40835,DCP 2022 PACKAGE 1,2024,DepEd (DCP),46,0,1,Functional,,2026-04-14 07:39:46.226544+00:00
4772,502035,2026-40835,DCP 2022 PACKAGE 4 Laptop for Teachers -L4T,2024,DepEd (DCP),5,0,0,Functional,,2026-04-14 07:39:46.232316+00:00
4773,502035,2026-40835,DCP 2023 PACKAGE 4 Laptop for Teachers -L4T,2024,DepEd (DCP),5,0,0,Functional,,2026-04-14 07:39:46.238122+00:00
4774,303116,2026-32642,Batch 41,2018,DepEd (DCP),0,49,0,Functional,,2026-04-14 07:40:38.954871+00:00
4775,303116,2026-32642,Batch 36,2018,DepEd (DCP),44,0,0,Functional,,2026-04-14 07:40:38.961944+00:00
4776,132040,2026-03043,Batch 2019-01 Lot 6,2020,DepEd (DCP),0,50,0,Non-Functional,,2026-04-14 07:43:31.918648+00:00
4777,500669,2026-33109,e learning cart,2024,DepEd (DCP),45,0,0,Functional,"2 Routers, 45 mouse and 45 headset",2026-04-14 07:43:52.612143+00:00
4785,321203,2026-10000,Batch 2023-01 E-Learning Cart Package,2024,DepEd (DCP),46,0,1,Functional,,2026-04-14 07:53:39.373200+00:00
7250,304860,2026-03807,Batch 46,2024,DepEd (DCP),46,24,1,Functional,,2026-04-21 03:15:50.967482+00:00
4800,502278,2026-28672,DCP 2022 E LEARNING  CART PACKAGE,2024,DepEd (DCP),51,0,2,Functional,,2026-04-14 08:09:18.915464+00:00
4770,303503,2026-36590,Lenovo and Dell,2024,DepEd (DCP),92,0,2,Functional,,2026-04-14 07:39:36.617009+00:00
5665,313309,2026-35949,eCart DCP 2023,2023,DepEd (DCP),46,0,1,Functional,,2026-04-15 08:33:10.167731+00:00
5666,313309,2026-35949,eCart DCP 2024,2024,DepEd (DCP),46,0,1,Functional,,2026-04-15 08:33:10.175826+00:00
5695,302540,2026-29293,Batch 2018,2018,DepEd (DCP),0,50,0,Non-Functional,,2026-04-15 08:57:01.035988+00:00
5809,300477,2026-10572,DCP E-Textbooks 2019,2019,DepEd (DCP),0,50,0,Non-Functional,,2026-04-15 12:26:29.757463+00:00
5810,300477,2026-10572,DCP E-Textbooks 2018,2018,DepEd (DCP),0,47,0,Non-Functional,,2026-04-15 12:26:29.764540+00:00
5811,300477,2026-10572,MULTIMEDIA PACKAGE,2020,DepEd (DCP),1,0,1,Non-Functional,,2026-04-15 12:26:29.769786+00:00
5812,300477,2026-10572,eLC,2022,DepEd (DCP),46,0,1,Functional,,2026-04-15 12:26:29.775597+00:00
5916,304001,2026-39725,Batch 36,2019,DepEd (DCP),2,25,0,Functional,"All tablets are not functional. 
1 laptop are functional",2026-04-16 01:25:22.853158+00:00
5917,304001,2026-39725,Batch 35,2019,DepEd (DCP),2,25,0,Functional,"All tablets are not functional.
2 laptops not functional",2026-04-16 01:25:22.860357+00:00
5930,304563,2026-45048,BATCH 44,2024,DepEd (DCP),46,0,1,Functional,,2026-04-16 01:44:02.119282+00:00
5954,105056,2026-13826,Batch 28,2017,DepEd (DCP),0,0,0,Functional,,2026-04-16 02:21:22.863267+00:00
6130,125301,2026-21657,Batch 7,2022,DepEd (DCP),5,50,5,Functional,,2026-04-16 06:47:47.358242+00:00
6220,305738,2026-14952,Batch 1,2024,DepEd (DCP),46,19,1,Functional,"Routers, headphones, mouse, flash drives,",2026-04-16 09:40:40.441273+00:00
6239,304625,2026-45188,Batch 46,2024,DepEd (DCP),41,0,0,Functional,,2026-04-16 14:42:38.696574+00:00
6315,501088,2026-27969,2,2025,DepEd (DCP),46,0,1,Functional,,2026-04-17 03:14:45.059953+00:00
6591,501565,2026-12618,Batch  46,2024,DepEd (DCP),46,0,1,Functional,"Routers, tv, external drive, flash drive, headphone, bags",2026-04-19 02:14:53.235965+00:00
6034,305396,2026-07221,DCP Batch 2020,2021,DepEd (DCP),1,0,0,Functional,,2026-04-16 04:42:51.677410+00:00
6035,305396,2026-07221,DCP 2021,2022,DepEd (DCP),1,0,0,Functional,with Mouse and Headset,2026-04-16 04:42:51.684198+00:00
6036,305396,2026-07221,Batch 2020-01,2024,DepEd (DCP),0,0,5,Functional,"With accessories basic full motion TV mount; meter HDMI cable; media player/portable storage mounting kit (small)
 2 TNE LT CART 24AC 1 Charging Cart
1 External Drive (Seagate Lacie Mini 5TV)",2026-04-16 04:42:51.689477+00:00
6401,500468,2026-24133,BATCH 22/ ELEARNING CART PACKAGE,2025,DepEd (DCP),46,0,1,Functional,"ROUTER, EXTERNAL HARDRIVE, FLAS DRIVE",2026-04-17 06:14:41.362856+00:00
6478,306603,2026-13308,DCP Package,2020,DepEd (DCP),46,20,17,Functional,,2026-04-17 12:07:24.335169+00:00
6534,301598,2026-04849,Batch 2024,2024,DepEd (DCP),46,0,0,Functional,Black Acer Backpack Carrying Bag/ DeluxM139 Optical Wireless Mouse/ Goodness GS-355 Headset/ 64 GB USB Flash drive(recovery drive) / TP-link Archer AX12 Wireless Router/ Viewtech VL24 Charging Cart/ LaCie STJJ500400 Rugged Mni 5TB Ext. HDD,2026-04-18 03:44:37.382039+00:00
6652,115466,2026-27748,Batch 2020,2020,Other,1,0,1,Non-Functional,no charging station,2026-04-19 13:26:39.133892+00:00
6653,115466,2026-27748,Batch 26,2015,Other,1,0,1,Non-Functional,,2026-04-19 13:26:39.140412+00:00
6756,303274,2026-34464,Batch 2023-01,2024,DepEd (DCP),46,0,1,Functional,"2 wireless router, 1 external drive, 2 charging carts",2026-04-20 02:55:06.594745+00:00
6757,317928,2026-03657,2023,2023,DepEd (DCP),46,0,1,Non-Functional,"2 routers, 46 mouse and bags ",2026-04-20 02:55:31.646216+00:00
6992,500423,2026-32567,2023-01,2024,DepEd (DCP),46,0,0,Functional,none,2026-04-20 07:03:18.832751+00:00
7051,113333,2026-25082,e-Learning Package,2024,DepEd (DCP),46,0,1,Functional,"wireless Optical mouse,router,headphones, & Laptop bags",2026-04-20 08:47:12.657407+00:00
4778,119191,2026-32298,2019-01,2020,DepEd (DCP),1,50,1,Functional,"Router, headset, mouse/pad, smart tv, hardisk, charging cart",2026-04-14 07:45:34.362845+00:00
4779,303350,2026-35367,2022,2022,DepEd (DCP),46,0,1,Functional,"ROUTERS,EXTERNAL HARD DRIVE",2026-04-14 07:45:36.916245+00:00
4780,119492,2026-32659,DCP BATCH 2019,2019,DepEd (DCP),50,0,1,Functional,,2026-04-14 07:45:42.299515+00:00
4783,302516,2026-29441,Batch 2022-01,2024,DepEd (DCP),46,0,1,Functional,,2026-04-14 07:49:48.330179+00:00
4784,303387,2026-35580,DCP,2024,DepEd (DCP),46,0,1,Functional,,2026-04-14 07:50:44.982458+00:00
4786,302941,2026-32513,BATCH 2024-01 ELEARNING CART,2024,DepEd (DCP),46,0,0,Functional,,2026-04-14 07:54:39.880882+00:00
4787,302941,2026-32513,BATCH 2022-01 ELEARNING CART,2024,DepEd (DCP),46,0,0,Functional,,2026-04-14 07:54:39.886579+00:00
4788,303905,2026-22649,50,2020,DepEd (DCP),50,50,3,Non-Functional,,2026-04-14 07:56:24.184459+00:00
4789,111076,2026-05846,Batch 2023-01,2024,DepEd (DCP),46,0,0,Functional,,2026-04-14 07:57:28.732750+00:00
4790,301279,2026-18040,Batch 2023-1,2024,DepEd (DCP),46,0,1,Functional,,2026-04-14 07:59:50.669327+00:00
4796,324803,2026-34609,2023-01,2023,DepEd (DCP),46,0,0,Functional,headphones,2026-04-14 08:03:01.291585+00:00
4797,501980,2026-22609,BATCH 2024-01: eLearning Cart Package,2024,DepEd (DCP),46,0,1,Functional,"Additional:
2 units TP-LINK Archer AX12
2 units TSDI Charging Cart
1 unit Silicon Power Armor A60 HDD",2026-04-14 08:03:24.645294+00:00
4798,501980,2026-22609,DCP 2020 Multimedia Package,2020,DepEd (DCP),2,0,2,Functional,"2 wall mount
2 headset
2 HDMI
2 laptop bag
2 Maono AU-C01 Lapel Speaker",2026-04-14 08:03:24.652023+00:00
5652,300533,2026-11608,Batch  2022 -03,2022,DepEd (DCP),46,32,1,Functional,Router,2026-04-15 08:11:54.605297+00:00
4803,303337,2026-35800,Batch 22,2022,DepEd (DCP),46,0,1,Functional,"Router, headphones ",2026-04-14 08:12:21.449376+00:00
4799,117580,2026-29442,2019-117580-A,2020,DepEd (DCP),1,50,1,Functional,,2026-04-14 08:07:33.312811+00:00
4818,129462,2026-42659,Batch 2024-01,2024,DepEd (DCP),46,0,1,Functional,,2026-04-14 08:20:02.301618+00:00
4819,320702,2026-07621,DCP20,2022,DepEd (DCP),1,0,1,Functional,Lapel,2026-04-14 08:20:45.329878+00:00
4820,320702,2026-07621,BATCH2022-01,2024,DepEd (DCP),46,0,1,Functional,"Backpack, wireless mouse, headphone, flashdrive, TV mount, HDMI cable, Mounting Kit, Router, charging cart, external drive",2026-04-14 08:20:45.337189+00:00
4821,500312,2026-04341,E-learning Cart Package,2020,DepEd (DCP),1,0,1,Functional,,2026-04-14 08:21:39.894761+00:00
4822,500488,2026-32190,Batch 23,2024,DepEd (DCP),46,0,1,Functional,"headphones, mouse, bags",2026-04-14 08:22:18.095569+00:00
5660,314319,2026-22289,2019-02-JHS/SHS ICT PACKAGE-LOT6,2020,DepEd (DCP),50,0,1,Functional,NOT FUNCTIONAL ,2026-04-15 08:21:33.380230+00:00
5662,301170,2026-20107,2023-01,2024,DepEd (DCP),46,0,1,Functional,"2pc router, 1HDD",2026-04-15 08:25:42.289319+00:00
5813,500667,2026-32890,E-LEARNING PACKAGE,2025,DepEd (DCP),46,0,1,Functional,"2 ROUTERS, 46 WIRELESS MOUSE, HEADSET AND SMART TV",2026-04-15 12:30:26.888116+00:00
5918,302539,2026-29292,Batch 44,2025,DepEd (DCP),50,0,0,Functional,,2026-04-16 01:26:39.534144+00:00
6037,313510,2026-38735,01,2024,DepEd (DCP),46,0,1,Functional,,2026-04-16 04:45:34.572047+00:00
4842,120270,2026-34586,2018 IT Package E-Textbook DCP,2019,DepEd (DCP),0,50,0,Non-Functional,,2026-04-14 08:23:57.696327+00:00
4843,120270,2026-34586,DCP Batch 40,2018,DepEd (DCP),1,0,0,Non-Functional,,2026-04-14 08:23:57.703382+00:00
4844,120270,2026-34586,DCP Batch 24,2019,DepEd (DCP),1,0,0,Non-Functional,,2026-04-14 08:23:57.710245+00:00
4866,301639,2026-05453,"Lot No.4, e-textbooks",2019,DepEd (DCP),0,50,0,Functional,2 charging carts,2026-04-14 08:27:27.059752+00:00
4867,301639,2026-05453,DCP 2019-02 JHS ICT Package- Lot 3,2021,DepEd (DCP),50,0,1,Non-Functional,,2026-04-14 08:27:27.066068+00:00
4868,301639,2026-05453,DCP 2023-03,2024,DepEd (DCP),5,0,0,Non-Functional,,2026-04-14 08:27:27.072126+00:00
4869,301639,2026-05453,DCP 2022-01,2024,DepEd (DCP),46,0,1,Non-Functional,,2026-04-14 08:27:27.078159+00:00
4878,303009,2026-32748,Batch 2022-01 Elearning Cart Package,2024,DepEd (DCP),46,0,1,Functional,"Routers, Headset, Optical Mouse",2026-04-14 08:39:51.415367+00:00
4879,303009,2026-32748,Batch 2025-03 Laptop for Teaching (L4T),2025,DepEd (DCP),5,0,0,Functional,"Headset, Mouse",2026-04-14 08:39:51.422100+00:00
4793,116210,2026-28776,Batch 2021,2024,DepEd (DCP),4,0,0,Non-Functional,Hard Drives,2026-04-14 08:00:59.451742+00:00
4794,116210,2026-28776,Batch 2025,2025,DepEd (DCP),0,0,5,Functional,Hard Drives,2026-04-14 08:00:59.458551+00:00
6122,308901,2026-04964,Batch 2023-01: ELEARNING CART PACKAGE,2024,DepEd (DCP),46,10,1,Functional,,2026-04-16 06:39:44.399252+00:00
6124,300465,2026-11258,Batch 1,2024,DepEd (DCP),46,0,1,Functional,"Mouse, Laptop Bag, Headset, Router, Storage Cart, External Hard Drive and Flash Drive",2026-04-16 06:40:15.169227+00:00
6125,300465,2026-11258,Batch 2019-03,2021,DepEd (DCP),1,50,0,Functional,"Bag, head set, mouse, router,",2026-04-16 06:40:15.174727+00:00
6136,302086,2026-24929,DCP 2024,2024,DepEd (DCP),26,0,2,Functional,"Headphones, bag, mouse",2026-04-16 06:59:02.716519+00:00
6137,302086,2026-24929,DCP 2022,2022,DepEd (DCP),46,0,0,Functional,"headphones, bags",2026-04-16 06:59:02.723778+00:00
6148,305421,2026-07307,Batch 44,2025,DepEd (DCP),42,0,0,Functional,,2026-04-16 07:14:42.215150+00:00
6149,305421,2026-07307,SEF,2019,LGU / SEF,197,1124,41,Functional,,2026-04-16 07:14:42.222239+00:00
6222,303688,2026-20424,Batch 36,2024,DepEd (DCP),56,10,1,Functional,NA,2026-04-16 10:05:34.570146+00:00
6240,109492,2026-19327,DCP 2022:Bayanihan II,2022,DepEd (DCP),1,0,0,Functional,,2026-04-16 14:47:57.959962+00:00
6241,109492,2026-19327,DCP 2020: Multimedia Package,2021,DepEd (DCP),1,0,1,Functional,Lapel Speaker,2026-04-16 14:47:57.966977+00:00
6242,109492,2026-19327,DCP Batch 31,2016,DepEd (DCP),1,0,0,Functional,,2026-04-16 14:47:57.973464+00:00
6243,109492,2026-19327,Batch 2024-02,2024,DepEd (DCP),0,0,1,Functional,"HDMI Cable, USB",2026-04-16 14:47:57.979144+00:00
6327,116855,2026-28386,BATCH 1,2023,DepEd (DCP),46,0,1,Functional,2 ROUTER,2026-04-17 03:34:20.670919+00:00
6329,120282,2026-34598,Batch 42,2019,DepEd (DCP),0,11,0,Non-Functional,Need repair,2026-04-17 03:37:22.185669+00:00
6402,340695,2026-07047,Batch 2024-01 eLearning Cart Package,2024,DepEd (DCP),92,0,2,Functional,"routers, headphones, mouse",2026-04-17 06:23:18.551084+00:00
5830,501804,2026-29185,BATCH 2022-01 ELEARNING CART PACKAGE,2022,DepEd (DCP),46,0,1,Functional,,2026-04-15 13:06:57.637468+00:00
6480,306004,2026-10892,1,2023,DepEd (DCP),46,0,1,Functional,"2-routers
46-mouse
46-headphones",2026-04-17 12:19:48.699402+00:00
6536,114625,2026-26767,Batch 40,2017,DepEd (DCP),1,0,0,Non-Functional,,2026-04-18 04:32:36.892416+00:00
6537,114625,2026-26767,Laptop for Teacher,2025,DepEd (DCP),5,0,0,Functional,,2026-04-18 04:32:36.899592+00:00
4782,136894,2026-07586,BATCH 2024,2021,DepEd (DCP),45,0,0,Functional,"USB RECOVERY FLASHDRIVE, HEADPHONE, MOUSE",2026-04-14 07:48:53.476096+00:00
7252,317907,2026-04030,42,2023,DepEd (DCP),46,0,0,Functional,,2026-04-21 03:20:37.620616+00:00
7368,304918,2026-04069,Batch 2018-01,2020,DepEd (DCP),1,50,0,Non-Functional,"Wireless router, ",2026-04-21 11:32:11.911922+00:00
4806,300232,2026-09067,LOT 1: IT PACKAGE (E-TEXTBOOK) UNDER FY 2018 DEPED,2019,DepEd (DCP),1,50,0,Non-Functional,"WIRELESS ROUTER"" LINKSY EA 7500
COBY HEADSET (CD-128)
COBY MAGNETO (RWOD-8X ODD)
COBY MINI-BAG (TABLET PC)
COBY LAPTOP BAG & HEADSET
COBY WIRELESS MOUSE (SM-364AG)",2026-04-14 08:13:35.652366+00:00
7369,304918,2026-04069,DCP Batch 2020,2022,DepEd (DCP),1,0,1,Non-Functional,Moana lapel,2026-04-21 11:32:11.918814+00:00
7434,301398,2026-19110,Batch 35,2018,DepEd (DCP),0,0,1,Non-Functional,Unserviceable ,2026-04-22 07:41:48.117891+00:00
4809,303078,2026-32729,Batch 2022-01,2024,DepEd (DCP),46,0,1,Functional,"Routers, Flash Drive, Hard Drive",2026-04-14 08:14:41.321308+00:00
4810,300159,2026-09117,2022-01 Elearning Cart,2022,DepEd (DCP),46,0,1,Functional,router,2026-04-14 08:18:00.255086+00:00
4811,500670,2026-33176,Batch 2022-01,2024,DepEd (DCP),46,0,1,Functional,,2026-04-14 08:18:19.540197+00:00
4812,500670,2026-33176,Lot:9 IT PACKAGE (E-TEXTBOOK),2019,DepEd (DCP),1,50,0,Functional,Laptop and tablet are not functional or defective ,2026-04-14 08:18:19.547785+00:00
4813,109331,2026-19933,batch 44,2018,DepEd (DCP),12,0,2,Functional,,2026-04-14 08:18:58.512641+00:00
4814,109331,2026-19933,batch 40,2018,DepEd (DCP),1,0,0,Functional,,2026-04-14 08:18:58.522382+00:00
4815,109331,2026-19933,batch 29,2016,DepEd (DCP),1,0,0,Functional,,2026-04-14 08:18:58.529778+00:00
4816,109331,2026-19933,batch 26,2015,DepEd (DCP),1,0,0,Functional,,2026-04-14 08:18:58.537446+00:00
7435,301398,2026-19110,Batch 36,2018,DepEd (DCP),0,0,1,Non-Functional,Unserviceable ,2026-04-22 07:41:48.124537+00:00
7447,132018,2026-02805,Batch 2019-01,2019,DepEd (DCP),1,50,1,Functional,,2026-04-22 08:08:58.438764+00:00
7511,500513,2026-15835,E-LEARNING CART PACKAGE 2023,2023,DepEd (DCP),46,0,1,Functional,"Wireless router, charging cart",2026-04-23 15:35:27.327230+00:00
7546,301599,2026-04891,L4T 2023,2023,DepEd (DCP),10,0,0,Functional,,2026-04-24 00:29:42.730722+00:00
4829,316720,2026-44963,DCP Batch 2024,2024,DepEd (DCP),46,0,1,Functional,"wireless routers, external drive, charging storage cart",2026-04-14 08:22:56.257058+00:00
4834,500338,2026-07517,Batch 44,2024,DepEd (DCP),46,0,0,Functional,headphone,2026-04-14 08:23:01.996813+00:00
4835,303444,2026-36438,Batch 8,2011,DepEd (DCP),0,0,0,Non-Functional,"HOST CPU-ACER VERITON M490G
MONITOR-ACER V193 LCD
KEYBOARD -ACERV193HQVB
COMPUTER MOUSE W/ PAD M-U9X-AZ2
DESKTOP VIRTUALIZATION DEVICE:NCOMPUTING
UNINTERRUPTIBLE POWER SUPPLY- Emerson Liebert PS500-PH
Wireless Broaband Router EDIMAX BR-6428nS
Lexmark Printer with bundled 5M CATe, UTP Cable w/ RJ45 Connector, USB Cable, Power Cord, CD Driver
Switch TL-SG1024, 24 ports, 10/100/1000Mbps, TPLink
Face to Face Lecture & Hands in Training
",2026-04-14 08:23:28.984751+00:00
4836,303444,2026-36438,Batch 9,2011,DepEd (DCP),0,0,0,Non-Functional,"DESKTOP PERSONAL COMPUTER, branded, ACER VERITION M275, Microprocessor: 2.93HGz 3MB L2 cache, 1066MHz, Memory - 1 x 2 GB(DDR3)
UNINTERRUPTIBLE POWER SUPPLY (UPS), branded, EMERSON LIEBERT PS-500PH, Output Power Capacity: 300 Watts/500VA, Nominal Output Voltage: 230V
PRINTER, 3-In-1 INKJET, branded, BROTHER, DCP-195C, A4, Letter, Legal - Paper Size
WIRELESS BROADBAND ROUTER, branded, D-LINK DIR 600 WIRELESS 150 ROUTER, DATA Trasnfer Rate: 54Mbps, Frequency Band: 2.4GHz
",2026-04-14 08:23:28.990873+00:00
4837,303444,2026-36438,Batch 35 ,2018,DepEd (DCP),2,0,0,Functional,"CANON G2010 3/1 Printer
COBY - Keyboard & Mouse
COBY CV490 Headphone
COBY DPC1910 - Host-PC
COBY DPC1910 - Monitor
COBY MAGNETO RWO8X - External ODD
Laptop Sling, Bag, Mouse, Mouse Pad, Cooler
Extension 6 Gang
KSTAR 1200VA - UPS
Networking Peripherals (14x3M, 14Mx7M,5X10M), Cable Tie, Rubber Molding
PIXPRO Soundblaster818 - Multimedia Speaker
PIXPRO SVC-1500-AVR
PIXPRO iSHOWX1600 with Tripod Proj.Screen&Mounting Brckt
SHARE FL300 - Virtualization Device
TENDA Networking Switch
",2026-04-14 08:23:28.996621+00:00
4838,303444,2026-36438,Batch 2024-01,2024,DepEd (DCP),46,0,1,Functional,"Laptop bags
Bluetooth Wireless Mouse
Headset 
Power adapter: Type - C
TV leg stand
Remote control 
Wall mounting kit
HDMI cable 5 meters
TP-link Archer AX12",2026-04-14 08:23:29.002266+00:00
4839,303444,2026-36438,Batch 2022-01,2024,DepEd (DCP),46,0,1,Functional,"Laptop bags 
MS3320W Mobile Wireless Mouse 
Headset
Power adapter
TV leg stand
Remote control 
Wall mounting kit 
HDMI cable 5 meters
TP-Link Archer AX12",2026-04-14 08:23:29.008915+00:00
4840,303444,2026-36438,2018-01: E-Textbooks,2020,DepEd (DCP),1,50,0,Non-Functional,"Charging/Storage Cart:Pixpro (2 pcs)
Wireless Router: LINKSYS EA7500 ( 1 Pc)
Power Adapter
Mouse
Headset",2026-04-14 08:23:29.022679+00:00
4841,303444,2026-36438,Batch 2023-03: Laptop for Teaching ,2024,DepEd (DCP),5,0,0,Functional,"Wireless Optical Mouse 
Mouse pad
Headset 
Power adapter 
Laptop bag
USB (flash drive) Recovery ",2026-04-14 08:23:29.031429+00:00
4845,120270,2026-34586,L4T 2025,2025,DepEd (DCP),5,0,0,Functional,,2026-04-14 08:23:57.716400+00:00
5477,300351,2026-09803,batch 2022,2022,DepEd (DCP),46,0,1,Functional,,2026-04-15 05:58:03.463112+00:00
5478,300351,2026-09803,batch 2023,2023,DepEd (DCP),46,0,1,Functional,,2026-04-15 05:58:03.469221+00:00
7547,301599,2026-04891,DCP 2020,2020,DepEd (DCP),50,0,0,Functional,,2026-04-24 00:29:42.741650+00:00
5480,302357,2026-27527,Batch 2023-01,2025,DepEd (DCP),46,0,1,Functional,"Routers, Charging Station, External Hard Drives",2026-04-15 06:05:03.801914+00:00
5687,307728,2026-17501,33,2024,DepEd (DCP),46,0,1,Functional,,2026-04-15 08:46:55.709347+00:00
5688,305170,2026-01501,DPC 2026,2025,DepEd (DCP),42,0,0,Functional,,2026-04-15 08:50:28.547335+00:00
5689,305170,2026-01501,Electronic Cart CDG-BI,2024,DepEd (DCP),0,0,0,Functional,"Headphones, Mouse, Charger, Laptop Bag",2026-04-15 08:50:28.570820+00:00
4854,305944,2026-16580,E-Classroom Package 2022,2024,DepEd (DCP),46,0,0,Functional,"Wireless Mouse, Backpack, Flash Drive, Router, Headphone, ",2026-04-14 08:25:18.513270+00:00
4855,303443,2026-35684,e-Carts,2024,DepEd (DCP),46,0,1,Functional,Functional,2026-04-14 08:25:47.411573+00:00
5731,304650,2026-45611,Batch2023-01-E-Learning Package,2024,DepEd (DCP),46,0,1,Functional,,2026-04-15 09:37:24.352118+00:00
4857,313330,2026-35854,Batch 44,2025,DepEd (DCP),90,0,2,Functional,,2026-04-14 08:26:01.100575+00:00
4858,303618,2026-37733,Batch 2024 DCP e-Learning Cart Package,2024,DepEd (DCP),46,0,1,Functional,"2 units wireless router
1 unit external hard drive
1 pc usb flashdrive",2026-04-14 08:26:34.083434+00:00
4859,303618,2026-37733,Batch 22 e-Learning Cart Package,2024,DepEd (DCP),46,0,1,Functional,"2 units wireless router
1 unit external hard drive
1 pc usb flashdrive",2026-04-14 08:26:34.088716+00:00
5732,304650,2026-45611,Batch2019-02: JHS/SHS ICT Package,2020,DepEd (DCP),51,0,1,Functional,,2026-04-15 09:37:24.358634+00:00
4873,500780,2026-44547,Batch 44,2025,DepEd (DCP),45,0,1,Functional,,2026-04-14 08:34:12.842750+00:00
5733,304650,2026-45611,Batch2018-01-ETextbook,2020,DepEd (DCP),0,50,0,Functional,,2026-04-15 09:37:24.364220+00:00
4861,136221,2026-01891,Batch 24,2016,DepEd (DCP),1,0,0,Non-Functional,"Unserviceable, includes 6 monitor with 1 Host pc wich are Unserviceable ",2026-04-14 08:26:58.834499+00:00
4870,303429,2026-35902,Batch 2023,2023,DepEd (DCP),52,42,0,Functional,All tablets are not functional.,2026-04-14 08:28:54.829053+00:00
4995,312408,2026-32989,ADM TABLET,2025,Other,0,10,0,Functional,Includes keyboard and charger,2026-04-14 12:52:57.533925+00:00
7253,103945,2026-12229,DCP 2020,2020,DepEd (DCP),1,50,0,Functional,,2026-04-21 03:22:31.934724+00:00
4884,303140,2026-33135,BATCH 2022-01:ELEARNING CART PACKAGE,2024,DepEd (DCP),46,0,1,Functional,,2026-04-14 08:46:36.121705+00:00
4898,314809,2026-22831,E LEARNING PACKAGE,2024,DepEd (DCP),46,0,1,Functional,4 BOXES ROUTERS AND EXT. DRIVE,2026-04-14 09:11:20.038103+00:00
5269,302581,2026-28445,e textbook,2018,DepEd (DCP),1,50,0,Functional,"1 wireless router, ",2026-04-15 03:00:43.598418+00:00
4872,302447,2026-28690,Batch 2022-01/e-Learning Cart Package,2024,DepEd (DCP),46,0,1,Functional,"headphones, mouse",2026-04-14 08:31:40.948691+00:00
5270,302581,2026-28445,Batch 44,2018,DepEd (DCP),0,50,0,Functional,1 wireless router,2026-04-15 03:00:43.606763+00:00
5271,302581,2026-28445,Batch 2020,2022,DepEd (DCP),1,0,1,Non-Functional,1 lapel,2026-04-15 03:00:43.613075+00:00
5277,301066,2026-16368,2023-01,2023,DepEd (DCP),46,0,0,Functional,Mouse and laptop bags,2026-04-15 03:03:47.956556+00:00
5479,311013,2026-29241,batch 39,2019,DepEd (DCP),0,50,0,Functional,"






",2026-04-15 06:04:59.241861+00:00
7370,317940,2026-03945,Batch 40,2023,DepEd (DCP),46,50,0,Functional,Routers,2026-04-21 11:35:26.640924+00:00
5814,300847,2026-14408,2024-01  E-learning Cart,2024,DepEd (DCP),46,0,1,Functional,Routers,2026-04-15 12:39:45.756996+00:00
5815,300847,2026-14408,2022-01 E-learning Cart ,2022,DepEd (DCP),46,0,1,Functional,"2 Routers, 46 Headphones",2026-04-15 12:39:45.764052+00:00
5921,500199,2026-30538,Batch 22,2024,DepEd (DCP),42,0,1,Functional,"2 routers, 42 headseats, 42 mouses, 42 chargers",2026-04-16 01:35:48.962046+00:00
6861,500320,2026-03757,BATCH 1,2020,DepEd (DCP),1,50,0,Functional,"
1 unit
WIRELESS ROUTER
LINKSYS EA7500",2026-04-20 04:25:44.509737+00:00
7439,300880,2026-15200,Batch 2022,2024,DepEd (DCP),46,46,1,Functional,,2026-04-22 08:00:14.656086+00:00
4865,136221,2026-01891,Batch 2024-02,2024,DepEd (DCP),0,0,5,Functional,"Functional, use by grades 6,5,4,3,1. Includes 5 external HD care to teachers of grade 6,4,3,1 and School head",2026-04-14 08:26:58.861497+00:00
6223,300759,2026-13693,BATCH 2022-01:ELEARNING CART PACKAGE,2024,DepEd (DCP),46,0,1,Functional,"Modem/Router, External Hard Drive",2026-04-16 10:08:28.268298+00:00
6227,500740,2026-24420,Batch 2024-01 e learning cart package,2024,DepEd (DCP),20,0,1,Functional,,2026-04-16 10:48:51.040266+00:00
6228,500740,2026-24420,Dcp 2022 e learning cart package ,2024,DepEd (DCP),19,0,1,Functional,,2026-04-16 10:48:51.047252+00:00
6244,300442,2026-11303,BATCH 22-01,2024,DepEd (DCP),46,0,1,Functional,"ROUTER,EXTERNAL HARD DRIVE",2026-04-16 15:19:01.602277+00:00
6245,306730,2026-13777,Batch 2023-01,2024,DepEd (DCP),46,0,1,Functional,"Charging cart, backpack, mouse and headset ",2026-04-16 15:20:30.932675+00:00
6319,132387,2026-03450,Batch 20,2020,DepEd (DCP),0,65,0,Non-Functional,,2026-04-17 03:22:48.132486+00:00
6403,136048,2026-01748,Batch 2023-02,2023,DepEd (DCP),0,0,5,Functional,HDMI Cord,2026-04-17 06:25:45.933097+00:00
6404,136048,2026-01748,Batch 2023-03,2023,DepEd (DCP),0,0,0,Functional,"Headset, Mouse, External Drive",2026-04-17 06:25:45.940643+00:00
6405,136048,2026-01748,LED SMART TV,2023,DepEd (DCP),0,0,0,Functional,"HDMI, External Drive",2026-04-17 06:25:45.946805+00:00
6406,136048,2026-01748,HYTEQ ANDROID TABLETS,2021,Other,0,25,0,Functional,"Charger, SD card",2026-04-17 06:25:45.951781+00:00
1915,342300,2026-16813,TVL TOOLS AND EQUIPMENT LOT 1-LUZON,2019,DepEd (DCP),0,0,0,Non-Functional,"25 Units Desktop Computer
1 unit wireless router
10 units AVR
3-in-1 multi functional inkjet printer

",2026-04-10 04:30:05.051363+00:00
1914,342300,2026-16813,TVL-VARIOUS TOOLS AND EQUIPMENT (INFORMATION TECHNOLOGY DEVICES AND ACCESSORIES),2021,DepEd (DCP),11,0,1,Functional,1 LAPEL SPEAKER,2026-04-10 04:30:05.046022+00:00
1916,342300,2026-16813,DCP 2020 LOT 2,2021,DepEd (DCP),1,0,1,Non-Functional,1 unit Lapel speaker,2026-04-10 04:30:05.060220+00:00
6538,114625,2026-26767,G4-G6 ICT Package,2019,DepEd (DCP),1,50,1,Non-Functional,"router, charging cart, mouse, headphone, Multifunction printer",2026-04-18 04:32:36.906704+00:00
6592,126277,2026-38962,"batch 29, 24",2024,DepEd (DCP),7,1,5,Functional,"headphone adopters
",2026-04-19 02:23:19.971148+00:00
6593,126277,2026-38962,BATCH 29 DCP,2024,DepEd (DCP),7,0,5,Functional,HEADPHONES ADAPTER,2026-04-19 02:23:19.978447+00:00
6654,301376,2026-18851,DCP e-Learning Package 2019,2019,DepEd (DCP),2,50,0,Functional,,2026-04-19 13:45:07.560025+00:00
6701,305524,2026-18823,Batch 44,2024,DepEd (DCP),46,0,1,Functional,,2026-04-20 01:50:38.309819+00:00
6759,301287,2026-19105,DCP Packages 2024 Batch 2024-01,2024,DepEd (DCP),46,0,1,Functional,,2026-04-20 03:01:59.810011+00:00
6760,301287,2026-19105,Batch 2019-03:E-textbooks,2021,DepEd (DCP),1,50,0,Functional,,2026-04-20 03:01:59.817019+00:00
6850,501343,2026-00616,BACTH 44,2025,Other,46,0,1,Functional,"2 ROUTERS AND 46 HEADPHONES,CHARGERS, AND MOUSES.",2026-04-20 04:05:28.263634+00:00
6851,305523,2026-35922,Batch 2023-01,2024,DepEd (DCP),46,0,1,Functional,"2 Wireless Routers, 1 flash drive recovery disk, external harddrive, 2 TP Link",2026-04-20 04:06:41.268248+00:00
6868,301293,2026-18779,2022-01,2022,DepEd (DCP),46,0,0,Functional,Router,2026-04-20 04:35:11.620163+00:00
7548,308204,2026-19523,batch 44,2022,DepEd (DCP),46,0,0,Functional,,2026-04-24 00:56:14.078741+00:00
6874,132670,2026-03662,DCP BATCH 40,2018,DepEd (DCP),1,0,0,Functional,1 PROJECTOR,2026-04-20 04:42:27.274283+00:00
6875,132670,2026-03662,DCP BATCH 26,2015,DepEd (DCP),1,0,0,Functional,6 COMPUTER SET  - NOT FUNCTIONAL,2026-04-20 04:42:27.280545+00:00
6876,132670,2026-03662,DCP 2020: MULTIMEDIA PACKAGE,2022,DepEd (DCP),1,0,1,Functional,,2026-04-20 04:42:27.285828+00:00
6877,132670,2026-03662,DCP Batch 2024-02: Smart TV Package,2022,DepEd (DCP),0,0,5,Functional,1 UNIT IS NOT FUNCTIONAL,2026-04-20 04:42:27.291835+00:00
6878,132670,2026-03662,DCP Batch 2024-03: LAPTOP FOR TEACHING,2024,DepEd (DCP),5,0,0,Functional,,2026-04-20 04:42:27.297607+00:00
6913,127477,2026-40248,batch 6 DCP,2025,DepEd (DCP),5,0,0,Functional,,2026-04-20 05:28:28.073024+00:00
6996,317921,2026-03964,ICT/COMPUTER Inventory (DCP Batch 2023),2023,DepEd (DCP),46,0,0,Functional,"Coby Headset CD-128,Charging Cart-PIXPRO Charge Station MAX CSTN- 25MX",2026-04-20 07:07:07.068758+00:00
7007,323106,2026-38601,Batch 2024-01,2024,DepEd (DCP),46,0,1,Functional,,2026-04-20 07:25:50.570328+00:00
7014,301296,2026-18290,Batch  2023-01,2024,DepEd (DCP),46,50,2,Non-Functional,0,2026-04-20 07:33:34.333484+00:00
7052,306937,2026-15012,2024c-ICTS3(009),2024,DepEd (DCP),46,1,0,Functional,"WITH 2 UNITS WIRELESS ROUTER (TENDA RX), 2 UNITS CHARGING/STORAGE CART (TNE LT-CART-24AC-1) AND 1 UNIT EXTERNAL HARD DRIVE (LACIE RUGGED MINI)",2026-04-20 08:47:35.634317+00:00
7053,306937,2026-15012,DCP PACKAGE BATCH 2023-03 L4T2023,2024,DepEd (DCP),5,0,0,Functional,WITH COMPLIMENTARY LAPTOP BAG,2026-04-20 08:47:35.640323+00:00
5267,999058,999058,DCP 2024-1,2025,DepEd (DCP),0,0,2,Non-Functional,,2026-04-15 02:58:26.838911+00:00
4897,314316,2026-22322,Batch 44,2024,DepEd (DCP),46,47,1,Functional,routers-2 external harddrive-1,2026-04-14 09:08:38.044315+00:00
5481,107099,2026-16237,DCP PACKAGE BATCH 2018,2018,DepEd (DCP),0,49,0,Functional,,2026-04-15 06:06:26.014381+00:00
5661,305212,2026-02232,Batch 01,2024,DepEd (DCP),0,0,0,Functional,,2026-04-15 08:24:04.002135+00:00
5677,312503,2026-33124,batch 2024-o1,2024,DepEd (DCP),8,0,0,Functional,,2026-04-15 08:40:32.209753+00:00
5816,303398,2026-35645,2024-01,2024,DepEd (DCP),46,0,1,Functional,,2026-04-15 12:45:01.674189+00:00
5817,303398,2026-35645,2025 (EPA) LOT 2,2025,DepEd (DCP),5,0,0,Functional,,2026-04-15 12:45:01.681729+00:00
5818,303398,2026-35645,2025c-BLCR4(006)BII-CB018-C119,2026,DepEd (DCP),23,0,0,Functional,,2026-04-15 12:45:01.689985+00:00
5821,302962,2026-32427,Batch 2022-01: Elearning Cart Package,2024,DepEd (DCP),46,0,1,Functional,"3 Routers, 1 External Hard drive",2026-04-15 12:52:48.772454+00:00
5822,302962,2026-32427,Batch 2023-03: Laptop for Teaching Package,2024,DepEd (DCP),5,0,0,Functional,N/A,2026-04-15 12:52:48.778890+00:00
5823,302962,2026-32427,Lot 9: IT Package (E - TEXTBOOK),2019,DepEd (DCP),1,52,0,Functional,"STORAGE CART, ROUTER",2026-04-15 12:52:48.784830+00:00
5931,300224,2026-09457,E-Learning Cart,2023,DepEd (DCP),46,0,1,Functional,,2026-04-16 01:44:19.037534+00:00
5922,303026,2026-32622,batch 2023-01,2024,DepEd (DCP),46,0,1,Functional,"headset-46, optical mouse-45, tp link router-2, charging cart-2",2026-04-16 01:36:29.768938+00:00
6039,313339,2026-35670,DCP 2023,2023,DepEd (DCP),46,39,2,Functional,,2026-04-16 04:51:55.266157+00:00
6040,313339,2026-35670,DCP 2024,2024,DepEd (DCP),46,0,1,Functional,,2026-04-16 04:51:55.272341+00:00
6224,137024,2026-29273,BATCH 2025-02,2025,DepEd (DCP),0,0,5,Functional,"HDMI CABLE, TV LEG STAND, WALL MOUNTING KIT, EXTERNAL HDD",2026-04-16 10:27:26.882060+00:00
6225,137024,2026-29273,2024-10922,2024,DepEd (DCP),5,0,0,Functional,"Headphones, mouse",2026-04-16 10:27:26.904132+00:00
6246,135962,2026-01672,Batch 44,2024,DepEd (DCP),48,0,0,Functional,Headphones,2026-04-16 15:31:44.834373+00:00
7375,301405,2026-19111,Batch 2024-01,2024,DepEd (DCP),46,0,1,Functional,"Package includes back pack, mouse, headphone, flash drive, HDMI cable, mounting kit, wifi router, two charging carts and HDD",2026-04-21 12:37:06.660803+00:00
7549,304035,2026-40193,Batch 2024-01,2024,DepEd (DCP),46,0,1,Functional,,2026-04-24 02:01:30.222595+00:00
6408,500428,2026-27912,BATCH 2022-01,2024,DepEd (DCP),46,0,1,Functional,"Router TP LInk (2 units),  External Hard Drive (1 unit), Flash Drive Recovery Dick (1 unit)",2026-04-17 06:44:47.107096+00:00
6481,314005,2026-38557,Batch 2023-01,2024,DepEd (DCP),46,0,0,Functional,,2026-04-17 12:30:50.997138+00:00
6483,302428,2026-28267,2024-01,2024,DepEd (DCP),46,0,0,Functional,With headphones,2026-04-17 12:48:26.801306+00:00
6539,303910,2026-22634,2023-01,2024,DepEd (DCP),46,0,1,Functional,,2026-04-18 04:35:00.064512+00:00
6540,303910,2026-22634,2023-03 HP245 G9,2024,DepEd (DCP),5,0,0,Functional,,2026-04-18 04:35:00.081503+00:00
6594,305353,2026-07057,E-Textbooks,2019,DepEd (DCP),0,50,0,Functional,,2026-04-19 03:21:20.338528+00:00
6595,305353,2026-07057,Batch 2023-01: E-Learning Cart Package,2024,DepEd (DCP),46,0,1,Functional,"Mouse, Headphone, Router",2026-04-19 03:21:20.344820+00:00
6655,102178,2026-18103,Batch 2019-03,2019,DepEd (DCP),1,50,1,Functional,,2026-04-19 13:45:54.915398+00:00
6702,300488,2026-11050,Batch 35-36,2018,DepEd (DCP),3,0,0,Non-Functional,"For Replacement: 3 host PC, 3 UPS, 6 AVR, 1 projector
Working: 1 Speaker, 1 AVR",2026-04-20 01:51:42.258859+00:00
6761,305748,2026-07211,e-Learning Cart package,2024,DepEd (DCP),46,0,1,Functional,,2026-04-20 03:05:54.770941+00:00
6762,501870,2026-40268,eLearning Package,2022,DepEd (DCP),46,0,1,Functional,"Router, External Hard Drive ",2026-04-20 03:06:16.190984+00:00
6995,304736,2026-02769,Batch 42,2024,DepEd (DCP),46,0,1,Functional,"Routers, Headphones, External Hard drive",2026-04-20 07:06:12.165703+00:00
7054,500583,2026-03908,batch 44,2022,DepEd (DCP),35,20,12,Functional,,2026-04-20 08:50:33.498907+00:00
7117,113239,2026-24971,BATCH 26(CY 2015),2015,DepEd (DCP),2,0,0,Non-Functional,"1 UNIT HP COMPAQ L2206 TM 21.5 TOUCH MONITOR MICROPROCESSOR: INTEL COREi5-4670 3.50GHz, 6MB L3

6 UNITS NCOMPUTING M300
6 UNITS HP V193 18.5"" LED MONITOR
6 UNITS HP USB MOUSE AND KEYBOARD W/ MOUSEPAD
1 UNIT HP PRINTER DESKJET 1515
2 UNITS INFOCUS IN PROJECTOR 112A
1 UNIT 70X70 ALL WHITE-TRIPOD PROJECTOR SCREEN
1 UNITS LASER POINTER, 15M VGA CABLE
1 UNIT MOUNTING BRACKET
1 UNIT 70X70 ALL WHITE-TRIPOD PROJECTOR SCREEN
1 UNIT HP 242 G2 LAPTOP, WINDOWS 8 PRO, CPU i3-4000M
1 UNIT MICROLAB M290 SPEAKER
1 UNIT EMERSON LIEBERT PSA 1000MT3
1 UNIT STAVOL DVC-1000VA AVR, 6 GANG POWER EXTENSION CORD.",2026-04-20 11:32:43.722787+00:00
7550,304035,2026-40193,Batch 36,2020,DepEd (DCP),1,46,0,Non-Functional,Software and hardware problem/failure,2026-04-24 02:01:30.231382+00:00
7588,302805,2026-29574,Batch 42,2024,DepEd (DCP),2,48,1,Functional,,2026-04-25 02:55:00.017421+00:00
7376,301405,2026-19111,Batch 35,2018,DepEd (DCP),0,0,0,Functional,This batch has thin clients paired with desktop monitor.,2026-04-21 12:37:06.666744+00:00
7377,301405,2026-19111,Batch 36,2018,DepEd (DCP),0,0,0,Functional,This batch has thin clients connected with desktop monitor.,2026-04-21 12:37:06.671875+00:00
7378,301405,2026-19111,Batch 2019-03,2021,DepEd (DCP),0,50,0,Functional,,2026-04-21 12:37:06.677200+00:00
7254,313305,2026-36007,IAR-DCP22-L11-PKG1-APT-24-167,2024,DepEd (DCP),46,0,1,Functional,"46 LAPTOP BAG, 46 WIRELESS MOUSE, 46 STEREO HEADSET, TV ACCESSORIES (TV LEG STAND, REMOTE CONTROL W/ BATTERY, WALL MOUNTING KIT, EXTERNAL HDD BRACKET, HDMI CABLE), 2  TPLINK ARCHER AX12, 1 HARD DRIVE, 1 RECOVERY DISC",2026-04-21 03:26:07.576339+00:00
7440,167503,2026-19738,Batch 26,2015,DepEd (DCP),1,0,0,Functional,,2026-04-22 08:01:04.265517+00:00
7441,167503,2026-19738,Batch 29,2016,DepEd (DCP),1,0,0,Non-Functional,,2026-04-22 08:01:04.272519+00:00
7442,167503,2026-19738,Batch 40,2018,DepEd (DCP),1,0,0,Functional,,2026-04-22 08:01:04.278300+00:00
7443,167503,2026-19738,Batch 2020,2021,DepEd (DCP),1,0,1,Functional,,2026-04-22 08:01:04.284661+00:00
7444,167503,2026-19738,Batch 2024-02,2024,DepEd (DCP),0,0,5,Functional,,2026-04-22 08:01:04.291620+00:00
7445,167503,2026-19738,Batch 2024-03,2024,DepEd (DCP),5,0,0,Functional,,2026-04-22 08:01:04.297511+00:00
7255,132019,2026-02918,Batch 2020,2021,DepEd (DCP),1,0,1,Non-Functional,,2026-04-21 03:27:02.111064+00:00
7267,132774,2026-03768,54,2022,DepEd (DCP),3,2,4,Non-Functional,,2026-04-21 04:06:46.221695+00:00
5268,305301,2026-06885,DCP,2023,DepEd (DCP),46,0,1,Functional,wireless router and external hdd still working ,2026-04-15 02:59:22.302629+00:00
5312,324806,2026-34576,Batch 2023-01,2024,DepEd (DCP),46,0,0,Functional,,2026-04-15 03:15:38.331204+00:00
5323,500008,2026-10573,2022-01,2024,DepEd (DCP),46,0,1,Functional,"Mouse, Headset, Bag, External Hard Drive, Flash Drive, Router",2026-04-15 03:30:29.368084+00:00
5324,500008,2026-10573,2023-03,2024,DepEd (DCP),0,0,5,Functional,"HDMI, Wall Mounting Kit, External Hard Drive",2026-04-15 03:30:29.375040+00:00
5482,500477,2026-16207,DCP2024-01,2024,DepEd (DCP),46,0,1,Functional,,2026-04-15 06:07:29.802054+00:00
5667,320501,2026-07504,Batch 2024,2024,DepEd (DCP),46,0,1,Functional,No tablet ,2026-04-15 08:33:25.407828+00:00
5678,302368,2026-27223,Batch 36,2018,DepEd (DCP),0,75,0,Non-Functional,,2026-04-15 08:41:00.990344+00:00
5819,302579,2026-29219,1,2018,DepEd (DCP),1,50,0,Functional,,2026-04-15 12:50:18.489301+00:00
5958,317320,2026-02365,Batch 44,2018,DepEd (DCP),0,57,0,Functional, 1 router provided,2026-04-16 02:30:16.247118+00:00
5959,317320,2026-02365,Batch,2024,DepEd (DCP),46,0,1,Functional,"1 pc Router, ",2026-04-16 02:30:16.256284+00:00
6133,301915,2026-23478,Batch 2019-03 Lot 4,2021,DepEd (DCP),0,51,0,Non-Functional,"No included charging cart
All units are with mouse, headset and carrying bag",2026-04-16 06:54:38.277266+00:00
6134,301915,2026-23478,Batch 2022-01,2024,DepEd (DCP),52,0,1,Functional,"All units are with mouse, headset and carrying bag.
Inclusion of hard drive and wireless router.",2026-04-16 06:54:38.285642+00:00
6135,301915,2026-23478,Batch 2023-01,2024,DepEd (DCP),46,0,1,Functional,"All units are with mouse, headset and carrying bag.
Inclusion of router,external hard drive and usb.",2026-04-16 06:54:38.291339+00:00
6226,301964,2026-24530,Batch 40,2020,DepEd (DCP),30,0,0,Non-Functional,,2026-04-16 10:40:37.424015+00:00
6248,300440,2026-11184,BATCH 1,2024,DepEd (DCP),46,0,1,Functional,,2026-04-16 17:16:53.908277+00:00
6482,502080,2026-11223,Batch 2022,2024,DepEd (DCP),46,0,0,Functional,,2026-04-17 12:45:09.199213+00:00
6409,300456,2026-10940,Batch 2019-03,2021,DepEd (DCP),0,50,0,Functional,,2026-04-17 06:45:29.876707+00:00
6541,306422,2026-10815,batch 2022-01,2024,DepEd (DCP),46,0,0,Functional,"2 routers TP link, 1 flash drive, 1 external drive, 2 storage cart",2026-04-18 05:02:30.711291+00:00
6542,306422,2026-10815,Batch 2023-01,2024,DepEd (DCP),46,0,0,Functional,"2 router, 1 flash drive, 2 charging cart, 1 external hard drive",2026-04-18 05:02:30.718942+00:00
6543,317809,2026-03561,Batch 42,2025,DepEd (DCP),47,18,11,Functional,,2026-04-18 05:03:19.549280+00:00
6546,304789,2026-03298,Batch 22-01: e-learning cart package,2024,DepEd (DCP),46,0,1,Functional,,2026-04-18 05:38:57.652691+00:00
6547,304789,2026-03298,Batch 2023-01E learning package,2024,DepEd (DCP),46,0,1,Functional,,2026-04-18 05:38:57.660327+00:00
6548,305785,2026-04916,BATCH 2024,2024,DepEd (DCP),51,0,1,Functional,,2026-04-18 05:46:34.038464+00:00
6596,314924,2026-39406,2018-01,2018,DepEd (DCP),0,20,0,Functional,,2026-04-19 03:23:58.442031+00:00
6597,502307,2026-11021,Batch 23,2023,DepEd (DCP),46,0,1,Functional,"Headphones, Mouse",2026-04-19 03:26:27.416554+00:00
6598,502307,2026-11021,Batch 26,2026,DepEd (DCP),0,42,0,Functional,Charger,2026-04-19 03:26:27.422723+00:00
6656,115745,2026-28063,1,2024,DepEd (DCP),0,32,0,Functional,"Headphones, Mouse, Charger",2026-04-19 14:29:13.787481+00:00
6703,300488,2026-11050,Batch 2019-02,2021,DepEd (DCP),50,0,1,Functional,"With 1 wireless router and Multifunction inkjet printer

Laptops: 25 working, 15 for repair, 10 for replacement",2026-04-20 01:51:42.265120+00:00
6704,300488,2026-11050,2019-03,2021,DepEd (DCP),1,50,0,Functional,"with 1 router
Tablets: 20 working, 30 for replacement",2026-04-20 01:51:42.270737+00:00
6705,300488,2026-11050,2022 e-Learning Cart,2022,DepEd (DCP),46,0,0,Functional,"with 46 Headphone, 46 mouse, 2 router, Recovery Flashdrive",2026-04-20 01:51:42.280631+00:00
6726,305765,2026-04305,Batch2023-01,2023,DepEd (DCP),43,0,1,Functional,"routers, headphones and external hard drive ",2026-04-20 02:10:10.794896+00:00
6763,120007,2026-33297,Batch 2024-01 ELEANING CART PACKAGE LOT 8,2024,DepEd (DCP),46,0,1,Functional,,2026-04-20 03:06:21.200800+00:00
6853,132688,2026-03682,DCP Packages,2025,DepEd (DCP),5,58,5,Functional,"Charger, headphones",2026-04-20 04:07:57.605589+00:00
6915,345530,2026-14769,DCP2023,2024,DepEd (DCP),46,0,1,Functional,,2026-04-20 05:34:43.395375+00:00
6916,345530,2026-14769,Batch 2019-03: E-Textbook,2020,DepEd (DCP),0,50,0,Functional,,2026-04-20 05:34:43.409229+00:00
6997,301397,2026-19186,2022-01,2024,DepEd (DCP),46,0,1,Functional,,2026-04-20 07:08:24.705337+00:00
7055,108802,2026-18589,Batch 42,2019,DepEd (DCP),1,50,0,Functional,"Routers, Headphones, mouse, tablet bag, mouse pad",2026-04-20 08:53:11.944916+00:00
4593,302757,2026-29538,BATCH 2023-01,2024,DepEd (DCP),46,0,1,Functional,"CHARGING CART, TP LINK, SILICON ARMOR POWER",2026-04-14 06:12:22.075661+00:00
7070,301388,2026-18654,Batch 2024-01; eLearning Cart Package,2024,DepEd (DCP),46,0,1,Functional,With 2 TP link router,2026-04-20 09:22:11.950821+00:00
7446,500005,2026-09881,PAckage 1 (E-learning Cart),2023,DepEd (DCP),46,0,1,Functional,,2026-04-22 08:08:18.023966+00:00
5663,306726,2026-13961,Batch 2022,2024,DepEd (DCP),46,0,1,Functional,"Headphones, routers, external hard disk.",2026-04-15 08:26:41.719365+00:00
4883,305333,2026-06983,Batch 2024,2024,DepEd (DCP),48,50,2,Functional,"Routers, headphones",2026-04-14 08:43:05.902472+00:00
4901,305452,2026-07524,DCP 2022 (Rebid),2024,DepEd (DCP),46,0,1,Functional,,2026-04-14 09:12:35.327896+00:00
4902,305452,2026-07524,FY2018 - DCP,2019,DepEd (DCP),1,50,0,Non-Functional,,2026-04-14 09:12:35.337752+00:00
5483,500477,2026-16207,DCP2022-01,2024,DepEd (DCP),46,0,1,Functional,,2026-04-15 06:07:29.810130+00:00
6488,302334,2026-27073,Etextbooks,2021,DepEd (DCP),1,50,0,Non-Functional,,2026-04-17 13:12:55.723484+00:00
7057,502091,2026-18267,2022-01,2022,DepEd (DCP),46,0,1,Functional,wireless router - 2,2026-04-20 08:57:45.546745+00:00
5832,300467,2026-11148,Batch 2022-01: eLearning Cart Package,2024,DepEd (DCP),46,0,1,Functional,"Router, external hard drive",2026-04-15 13:10:36.154395+00:00
7061,501265,2026-18832,DCP BATCH 2022-01,2024,DepEd (DCP),45,0,1,Functional,,2026-04-20 09:04:20.139058+00:00
5841,116492,2026-29127,Batch 44,2024,DepEd (DCP),41,0,1,Functional,,2026-04-15 13:39:58.575558+00:00
5924,111486,2026-06675,Batch 42,2018,DepEd (DCP),2,0,0,Functional,Needs repair,2026-04-16 01:39:52.016936+00:00
5925,111486,2026-06675,SMART TV,2025,DepEd (DCP),0,0,5,Functional,5 units Lacie Hard drive ,2026-04-16 01:39:52.023962+00:00
5926,111486,2026-06675,Batch 40,2018,DepEd (DCP),1,0,0,Functional,Needs repair ,2026-04-16 01:39:52.030077+00:00
5927,111486,2026-06675,DCP 2020,2022,DepEd (DCP),1,0,1,Functional,Laptop needs repair ,2026-04-16 01:39:52.035234+00:00
5928,111486,2026-06675,Batch 29,2016,DepEd (DCP),1,0,0,Functional,"Projector 
Laptop needs repair ",2026-04-16 01:39:52.041329+00:00
4880,315402,2026-40834,BATCH 2024 - SHS (COBY),2024,DepEd (DCP),46,0,0,Functional,Charging Carts & Networking Equipment,2026-04-14 08:40:25.050348+00:00
4881,315402,2026-40834, BATCH 2024 - JHS (ACER),2024,DepEd (DCP),46,0,1,Functional,Charging Cart and Networking Devices,2026-04-14 08:40:25.056919+00:00
6138,501334,2026-30698,2023,2024,DepEd (DCP),46,0,0,Functional,"Routers, headset, mouse, smart tv, charging cart",2026-04-16 06:59:53.524288+00:00
6139,501334,2026-30698,2024,2024,DepEd (DCP),45,0,0,Functional,"routers, mouse, headset, smart tv, charging cart",2026-04-16 06:59:53.530779+00:00
6154,303672,2026-20586,Batch 2024-01,2024,DepEd (DCP),46,0,1,Functional,laptops are all functional,2026-04-16 07:21:15.422326+00:00
6155,303672,2026-20586,Batch 2024-03,2024,DepEd (DCP),5,0,0,Functional,,2026-04-16 07:21:15.427486+00:00
7256,302315,2026-27008,DCP2022 e-Learning Cart Package and Smart TV Package,2024,DepEd (DCP),46,0,1,Functional,,2026-04-21 03:31:27.187553+00:00
6229,302505,2026-28797,Batch 36,2018,DepEd (DCP),1,41,2,Non-Functional,Laptops and tablet is broken,2026-04-16 11:01:05.728226+00:00
6330,501876,2026-40354,Batch 40,2024,DepEd (DCP),46,0,1,Functional,,2026-04-17 03:42:41.799610+00:00
6410,502371,2026-41619,BATCH 22,2024,DepEd (DCP),46,0,1,Functional,"1 ROUTER, HEADPHONES, E-CART, HARDDRIVE",2026-04-17 06:56:21.769649+00:00
6484,304333,2026-42441,Batch 22,2024,DepEd (DCP),46,0,1,Functional,,2026-04-17 13:05:09.145491+00:00
6544,302319,2026-27071,Batch 2022-01,2022,DepEd (DCP),46,0,1,Functional,"TP link archer
Charging Cart
Silicon power bank",2026-04-18 05:05:37.149797+00:00
6599,500159,2026-24979,batch 36,2018,DepEd (DCP),17,30,19,Functional,,2026-04-19 03:30:56.559129+00:00
7257,302315,2026-27008,DCP Batch 36,2018,DepEd (DCP),2,0,0,Functional,"This package includes 42 set of Thin Client Terminal Access Device, 2 units Host PC, 2 units UPS, 7 units AVR, 2 units Projector, speaker, and printer",2026-04-21 03:31:27.194378+00:00
6708,501099,2026-27971,BATCH 2022-01: ELEARNING CART PACKAGE,2024,DepEd (DCP),46,0,1,Functional,"TP-LINK ARCHER AX12 (BROKEN)
SILICON POWER ARMOR A60 ",2026-04-20 01:56:01.661285+00:00
6765,500031,2026-25107,Batch 2023,2023,DepEd (DCP),46,0,0,Functional,,2026-04-20 03:12:18.442594+00:00
6766,500031,2026-25107,Batch 2024,2024,DepEd (DCP),46,0,0,Functional,,2026-04-20 03:12:18.449824+00:00
7258,302315,2026-27008,DCP 20,2021,DepEd (DCP),1,0,1,Non-Functional,The laptop is not functional while the Smart TV is functional ,2026-04-21 03:31:27.199857+00:00
6854,501092,2026-27897,eLearning Cart package,2024,DepEd (DCP),92,0,1,Functional,,2026-04-20 04:07:58.683918+00:00
6919,500576,2026-03882,BATCH 40,2024,DepEd (DCP),46,10,2,Functional,OTHER APARATUSES ARE UNSERVICEABLE,2026-04-20 05:40:22.173450+00:00
6998,304895,2026-03808,2018 E-LEARNING CART,2018,DepEd (DCP),3,50,1,Functional,,2026-04-20 07:09:18.152929+00:00
6917,501638,2026-40195,N/A,2024,DepEd (DCP),46,0,1,Functional,"ROUTER,ADAPTERS,HEADSET,PACKBAG,MOUSE,CHARGER,FLASH DRIVE,HDMI CABLE, LACIE 5TB EXT.HDD,XITRIX MEDIA PLAYER",2026-04-20 05:38:46.070548+00:00
6706,300447,2026-11049,Batch 2024-01,2024,DepEd (DCP),46,50,1,Functional,,2026-04-20 01:54:14.506440+00:00
7380,302340,2026-27096,2018,2019,DepEd (DCP),0,50,1,Functional,,2026-04-21 12:51:08.186371+00:00
5648,300772,2026-13860,batch 2022-01,2024,DepEd (DCP),46,0,1,Functional,,2026-04-15 08:08:34.399071+00:00
7552,305393,2026-07219,Batch 2024-01,2024,DepEd (DCP),44,0,0,Non-Functional,,2026-04-24 02:37:33.709592+00:00
7590,502642,2026-13197,eLearning Cart Package Batch 2024,2024,DepEd (DCP),46,0,1,Functional,"TP-Link Archer AX12: Wireless router - 2pcs
External Hard Drive: Seagate Lacie STJJ5000400 Rugged Mini 5TB - 1pc",2026-04-25 04:49:19.434897+00:00
5273,304556,2026-44987,IT Package (e-Textbook),2020,DepEd (DCP),1,50,0,Functional,"Charging Storage Cart: PixPro
Wireless Router LinkSys EA 7500",2026-04-15 03:02:16.042081+00:00
4886,117840,2026-30578,BATCH 2019-01,2021,DepEd (DCP),50,0,1,Functional,"Wireless Router, 3in1 Printer",2026-04-14 08:54:03.002130+00:00
4887,303922,2026-22812,1,2024,DepEd (DCP),10,0,0,Functional,,2026-04-14 08:56:23.909529+00:00
4888,323403,2026-43278,BATCH 44,2025,DepEd (DCP),0,0,0,Functional,,2026-04-14 08:56:51.021384+00:00
7259,304167,2026-41145,E-learning Package,2024,DepEd (DCP),46,0,1,Functional,,2026-04-21 03:38:25.745895+00:00
5274,304556,2026-44987,BE-LCP,2023,DepEd (DCP),0,80,0,Functional,,2026-04-15 03:02:16.058783+00:00
5300,303868,2026-22286,DCP e-Learning Package,2024,DepEd (DCP),51,50,1,Functional,"Router - 2pcs
Headphones - 51",2026-04-15 03:11:49.780295+00:00
6331,304850,2026-03543,44,2024,DepEd (DCP),92,0,5,Functional,"50
",2026-04-17 03:45:26.745604+00:00
5484,311026,2026-29410,Batch 2018 SHS Package,2018,DepEd (DCP),1,50,0,Functional,"50 Headphones
50 Mouse",2026-04-15 06:11:53.043779+00:00
5668,305261,2026-02008,2024-1,2024,DepEd (DCP),46,0,1,Functional,"TP-Link Archer Ax12, TSDI Charging Cart, External HD: Silicon Power Armor A60",2026-04-15 08:35:12.255595+00:00
5824,300443,2026-10906,Batch 2019-03,2021,DepEd (DCP),1,50,0,Functional,"head set, cd writer, tp link,  power adapter, mouse",2026-04-15 12:56:35.384397+00:00
5825,300443,2026-10906,DCP 2022 ELC PACKAGE,2024,DepEd (DCP),46,0,1,Functional,,2026-04-15 12:56:35.390985+00:00
5932,126831,2026-41310,"Batch 30, Batch 40 ",2016,DepEd (DCP),22,45,5,Functional,,2026-04-16 01:46:04.147362+00:00
7381,300281,2026-09602,Batch 2022-01,2024,DepEd (DCP),46,0,1,Functional,"Inclusion of Router, External Hard Drive",2026-04-21 13:19:17.682254+00:00
7450,301297,2026-18396,DCP E-Classroom Package,2024,DepEd (DCP),46,0,1,Functional,,2026-04-22 09:00:24.126659+00:00
6043,300390,2026-10210,Batch 1,2022,DepEd (DCP),46,50,1,Functional,"Mouse, headset and bags for laptops.",2026-04-16 04:59:24.020792+00:00
6411,305282,2026-02196,Batch 2024-01,2024,DepEd (DCP),46,0,1,Functional,Adapters,2026-04-17 07:04:28.930422+00:00
6485,501956,2026-42464,Batch 42,2024,DepEd (DCP),46,0,1,Functional,,2026-04-17 13:09:19.383455+00:00
6142,301457,2026-19911,BATCH 2019-03,2021,DepEd (DCP),1,50,0,Functional,"Headset -51 Mouse pad-51, Wireless Mouse -51, Wireless Router-1, coby mini bag -51",2026-04-16 07:02:20.733525+00:00
6143,301457,2026-19911,E-Learning Package,2024,DepEd (DCP),46,0,1,Functional,"Wireless Mouse -46, Laptop Bag 46, TP-Link Wireless Router Archer 2, TV Mounting Kit for External HDD, 2meter USB Cable -1, Flash Drive -1",2026-04-16 07:02:20.747078+00:00
6144,301457,2026-19911,BATCH 20 (SHS),2022,DepEd (DCP),1,0,1,Functional,Lapel,2026-04-16 07:02:20.756347+00:00
6145,301457,2026-19911,BATCH 20,2022,DepEd (DCP),1,0,1,Functional,Lapel,2026-04-16 07:02:20.764857+00:00
6047,300430,2026-11320,2024-01,2024,DepEd (DCP),46,0,1,Functional,charging carts,2026-04-16 05:08:58.882433+00:00
6230,300948,2026-15646,eLC 2023 - SHS,2023,DepEd (DCP),46,0,1,Functional,,2026-04-16 11:18:45.105773+00:00
6231,300948,2026-15646,eLC -JHS,2023,DepEd (DCP),46,0,1,Functional,,2026-04-16 11:18:45.118190+00:00
6251,302945,2026-32175,DCP BATCH 2018-01 JUNIOR HIGH SCHOOL,2019,DepEd (DCP),2,70,0,Functional,,2026-04-16 19:59:21.980877+00:00
6252,302945,2026-32175,DCP BATCH 2019-02: SENIOR HIGH SCHOOL ICT PACKAGE - LOT 5,2020,DepEd (DCP),46,0,1,Functional,,2026-04-16 19:59:21.987795+00:00
6253,302945,2026-32175,BATCH 2022-01:  ELEARNING CART PACKAGE SO# 24-PC0001  SWPS#213484 JUNIOR HIGH SCHOOL,2024,DepEd (DCP),46,0,1,Functional,,2026-04-16 19:59:21.995118+00:00
6254,302945,2026-32175,"Batch 2024-01: ELEARNING CART PACKAGE SO#24-PC0011, SWPS#215206 JUNIOR HIGH SCHOOL",2024,DepEd (DCP),46,0,1,Functional,,2026-04-16 19:59:22.002305+00:00
6255,302945,2026-32175,DCP 2020 Multimedia Package for Teachers,2024,DepEd (DCP),1,0,1,Functional,,2026-04-16 19:59:22.009608+00:00
6256,302945,2026-32175,BATCH 2024-03: LAPTOP FOR TEACHING PACKAGE SO#24-PC0015 SWPS#216450,2024,DepEd (DCP),5,0,0,Functional,,2026-04-16 19:59:22.015132+00:00
6346,126424,2026-39125,BATCH 19/23A,2014,DepEd (DCP),1,0,0,Functional,"Monitor, Keyboard, Mouse, Projectors, Router, Cable Adoptors, Speakers",2026-04-17 04:08:07.977292+00:00
6347,126424,2026-39125,BATCH 29,2016,DepEd (DCP),1,0,0,Functional,"Speakers, Projector",2026-04-17 04:08:07.985199+00:00
6348,126424,2026-39125,BATCH 40,2018,DepEd (DCP),1,0,0,Functional,Speakers and Projector,2026-04-17 04:08:07.991416+00:00
6349,126424,2026-39125,BATCH 2020,2022,DepEd (DCP),1,0,1,Functional,Lapel,2026-04-17 04:08:07.997930+00:00
6350,126424,2026-39125,DCP 2020 Batch 2,2024,DepEd (DCP),1,0,1,Functional,Lapel,2026-04-17 04:08:08.003348+00:00
6855,301604,2026-04993,batch 22,2018,DepEd (DCP),1,30,0,Functional,none,2026-04-20 04:09:43.309450+00:00
6600,304677,2026-02311,Batch 2024-01: eLearning Cart Package,2024,DepEd (DCP),46,0,1,Functional,"With HEadset, wireless mouse, 2 tp-link wireless router archer AX12, 2 charging station, 1 external hard drive",2026-04-19 03:48:34.704715+00:00
6658,500335,2026-07235,Batch 40,2019,DepEd (DCP),1,50,0,Functional,"Wireless mouse , head set and carrying bag",2026-04-19 15:22:42.429681+00:00
6545,302332,2026-26937,2024-01,2024,DepEd (DCP),46,0,1,Functional,,2026-04-18 05:12:00.366633+00:00
6918,500802,2026-40948,Batch 33,2022,DepEd (DCP),46,0,2,Functional,,2026-04-20 05:39:18.448569+00:00
6767,302299,2026-26802,Batch 2022-01,2024,DepEd (DCP),46,0,0,Functional,,2026-04-20 03:12:45.878840+00:00
6793,303959,2026-39063,Batch 2020,2021,DepEd (DCP),1,0,1,Non-Functional,Lapel,2026-04-20 03:35:18.286734+00:00
6794,303959,2026-39063,Batch 2022,2024,DepEd (DCP),46,0,1,Functional,"External drive, tp link,  charging cart, usb",2026-04-20 03:35:18.293340+00:00
6795,303959,2026-39063,Batch 2018-01,2020,DepEd (DCP),1,50,0,Non-Functional,"Charging storage cart, wireless router, headset",2026-04-20 03:35:18.299032+00:00
6796,303959,2026-39063,Batch 36,2019,DepEd (DCP),2,0,0,Functional,"Desktop 42, host pc 2, tripod projector screen 2 pcs, avr 7 pcs. , speaker 1 pc, network peripherals 7 set, ups 2set, external 1pc, printer cannon 1 pc.",2026-04-20 03:35:18.304969+00:00
6929,308032,2026-19038,Batch 2023,2024,DepEd (DCP),46,0,1,Functional,"Optimal mouse, headphone, media player, recovery flash drive, external hard drive 5TB, acer back pack bag",2026-04-20 06:03:26.832591+00:00
6932,303288,2026-34396,22-01,2024,DepEd (DCP),46,0,1,Functional,,2026-04-20 06:07:46.411426+00:00
6937,500578,2026-03759,2022-01,2024,DepEd (DCP),46,0,1,Functional,"Routers, External and Flash Drive",2026-04-20 06:11:30.134109+00:00
6943,304136,2026-40946,34,2018,DepEd (DCP),50,0,0,Non-Functional,"Headphones, AVR",2026-04-20 06:16:43.072886+00:00
6944,304136,2026-40946,35,2019,DepEd (DCP),51,0,0,Functional,"Rimouter, headphones, AVR",2026-04-20 06:16:43.081043+00:00
6945,304136,2026-40946,36,2020,DepEd (DCP),51,0,0,Functional,"Router, headphones AVR",2026-04-20 06:16:43.090674+00:00
6946,304136,2026-40946,37,2021,DepEd (DCP),50,0,1,Functional,"Router, Headphones, AVR",2026-04-20 06:16:43.099068+00:00
4892,303112,2026-32041,Batch 2022-01,2024,DepEd (DCP),45,0,1,Functional,,2026-04-14 09:01:19.117209+00:00
4893,303112,2026-32041,E-Textbooks,2019,DepEd (DCP),0,50,0,Non-Functional,,2026-04-14 09:01:19.123736+00:00
4894,303365,2026-35347,Batch 22,2022,DepEd (DCP),46,0,1,Functional,"Charging Carts, Wireless Router, External HDD",2026-04-14 09:03:32.584168+00:00
4899,305168,2026-01573,DCP 2022-01,2024,DepEd (DCP),46,0,1,Functional,,2026-04-14 09:11:35.089994+00:00
4900,305168,2026-01573,DCP 2023-01,2024,DepEd (DCP),46,0,1,Functional,,2026-04-14 09:11:35.096261+00:00
4903,301495,2026-19652,Batch 2022 - E learning Cart Package,2022,DepEd (DCP),46,0,1,Functional,,2026-04-14 09:14:09.652167+00:00
4905,302032,2026-24481,BATCH 2022 - 01,2024,DepEd (DCP),46,0,1,Functional,,2026-04-14 09:18:43.716821+00:00
4907,502034,2026-21442,FY 2024 eLC,2024,DepEd (DCP),46,0,1,Functional,External Hard Drive,2026-04-14 09:23:03.001089+00:00
4908,305424,2026-07348,Batch 2019 -02,2020,DepEd (DCP),2,50,0,Functional,,2026-04-14 09:28:28.704274+00:00
4910,500705,2026-41318,Batch 44,2019,DepEd (DCP),0,50,0,Functional,Some tablets are not functional,2026-04-14 09:45:00.853885+00:00
4911,300804,2026-14494,Batch 2022-01,2022,DepEd (DCP),96,0,1,Functional,,2026-04-14 09:51:56.349020+00:00
4909,305399,2026-07246,SY 2023-2024,2023,DepEd (DCP),46,0,0,Functional,,2026-04-14 09:35:11.113332+00:00
5275,500274,2026-44460,batch 2,2022,DepEd (DCP),0,50,0,Non-Functional,,2026-04-15 03:02:40.524801+00:00
4913,302677,2026-30063,BATCH 2022-01,2024,DepEd (DCP),46,0,1,Functional,"tP LINK aRCHER aX12,SILICON POWER ARMOR 60",2026-04-14 09:56:35.916735+00:00
4914,302677,2026-30063,BATCH 2023-03,2024,DepEd (DCP),5,0,0,Functional,HEADSET,2026-04-14 09:56:35.923605+00:00
7260,300621,2026-12417,Batch 2023-01,2023,DepEd (DCP),46,0,0,Functional,,2026-04-21 03:49:47.250636+00:00
4916,305190,2026-01450,DCP 2024,2025,DepEd (DCP),46,0,1,Functional,,2026-04-14 09:57:28.431965+00:00
4917,501241,2026-45391,Batch 43,2024,DepEd (DCP),46,0,0,Functional,,2026-04-14 09:58:25.338872+00:00
4918,116657,2026-29338,eLearning Package,2024,DepEd (DCP),46,0,1,Functional,"routers, external hard drive",2026-04-14 09:58:33.308754+00:00
4919,302621,2026-29812,BATCH 2023-01: DEPED DCP ELEARNING PACKAGE 2023,2024,DepEd (DCP),46,0,1,Functional,"WIRELESS ROUTER - 2
EXTERNAL HDD - 1",2026-04-14 10:00:04.811937+00:00
7261,300621,2026-12417,Batch 2019-03,2021,DepEd (DCP),1,50,0,Functional,,2026-04-21 03:49:47.257972+00:00
4904,308125,2026-19288,Batch 22,2024,DepEd (DCP),46,0,1,Functional,,2026-04-14 09:18:11.388027+00:00
4922,159014,2026-14216,DCP,2015,DepEd (DCP),1,0,0,Functional,Functional,2026-04-14 10:13:31.777084+00:00
4923,303339,2026-35757,E-CART PACKAGE,2024,DepEd (DCP),46,0,1,Functional,WITH WIRELESS MOUSE & HEADSET,2026-04-14 10:14:40.879414+00:00
4924,500618,2026-09511,BATCH 2022-01-ELEARNING CART PACKAGE,2024,DepEd (DCP),46,0,0,Functional,,2026-04-14 10:16:17.799222+00:00
4925,303160,2026-33201,DCP 2019,2020,DepEd (DCP),51,0,1,Functional,one of the charging cart is not functional,2026-04-14 10:30:49.059118+00:00
4926,303160,2026-33201,2 in 1 Tablet DCP,2019,DepEd (DCP),1,50,0,Functional,,2026-04-14 10:30:49.066935+00:00
4927,303160,2026-33201,DCP2023-01 E-Learning Cart Package,2024,DepEd (DCP),46,0,1,Functional,,2026-04-14 10:30:49.072825+00:00
4928,303160,2026-33201,DCP2024-01 E-LEARNING CART PACKAGE,2024,DepEd (DCP),46,0,1,Functional,,2026-04-14 10:30:49.078446+00:00
7382,301379,2026-18987,Batch 2024 ACER Laptop,2024,DepEd (DCP),46,30,1,Functional,,2026-04-21 13:29:44.417237+00:00
5485,303466,2026-36183,eLC2022,2022,DepEd (DCP),46,0,1,Functional,,2026-04-15 06:13:02.838726+00:00
4933,305321,2026-06963,DCP,2021,DepEd (DCP),50,0,1,Functional,"External 8x DVD Writer = 50
Acer Wireless Mouse = 50
Dolby Goodness Headset = 50
TP Link Archer C9 = 1
LG 55UT 640s Smart TV = 1",2026-04-14 10:42:11.836276+00:00
4934,305321,2026-06963,2024-ICTS3-(001)-BV1-CB005-C096 (Lot 16),2024,DepEd (DCP),46,0,1,Functional,"Promate Wireless Mouse and Head Phone = 50
USB Recovery Flash Drive = 1
TP Link Archer AX12 Router = 2
Silicon Power 5TB Ext. HDD = 1",2026-04-14 10:42:11.843597+00:00
5486,303466,2026-36183,eLC2024,2024,DepEd (DCP),46,0,1,Functional,,2026-04-15 06:13:02.848311+00:00
4936,304550,2026-44796,Batch 2023-03,2023,DepEd (DCP),46,0,2,Functional,,2026-04-14 10:50:12.579896+00:00
4938,500587,2026-04397,DCP2022,2022,DepEd (DCP),46,0,1,Functional,"Router, Head Set and Mouse",2026-04-14 10:53:09.516031+00:00
4939,132979,2026-04383,2025-98-03-RI0X-612,2025,DepEd (DCP),0,30,0,Functional,none,2026-04-14 10:54:52.736502+00:00
4940,115377,2026-27645,Batch 40,2018,DepEd (DCP),3,0,3,Functional,,2026-04-14 11:07:42.878518+00:00
4941,304509,2026-44288,45,2023,DepEd (DCP),46,26,4,Functional,,2026-04-14 11:07:57.798455+00:00
4942,130636,2026-44737,Batch 42,2018,DepEd (DCP),0,0,0,Non-Functional,"For repair and update, missing/broken wires",2026-04-14 11:08:38.968449+00:00
4943,130636,2026-44737,Batch 40,2018,DepEd (DCP),0,0,0,Non-Functional,"Needs repair/update, missing/broken wires",2026-04-14 11:08:38.975101+00:00
7383,300285,2026-09647,Batch 2023,2023,DepEd (DCP),46,0,1,Functional,"Routers, Wireless mouse, Headphones",2026-04-21 13:37:41.736239+00:00
4937,501193,2026-40460,DCP Batch 2022,2024,DepEd (DCP),36,0,1,Functional,"Routers, Headphones and Adapters",2026-04-14 10:52:58.752737+00:00
4945,303487,2026-36313,DCP Batch eLC 2022,2024,DepEd (DCP),46,0,1,Functional,routers - 2; storage cart - 2; external hard drive - 1; flash drive recovery - 1,2026-04-14 11:17:29.350215+00:00
4946,303487,2026-36313,Batch 2018-2,2020,DepEd (DCP),0,0,1,Non-Functional,7 units are functional,2026-04-14 11:17:29.356212+00:00
4947,303345,2026-34960,2022-01,2022,DepEd (DCP),46,0,1,Functional,"Charging carts, wireless router, external HDD ",2026-04-14 11:18:56.762413+00:00
4931,121316,2026-35246,Batch 42,2018,DepEd (DCP),1,0,1,Non-Functional,"Coby Keyboard and Mouse
Coby DCP 1910 Monitor 
Coby SFP 1710 - Host Mini PC
Kstar 1200VA-UPS
Tenda AC29-Wireless Router (some items needs repair, some are unserviceable)",2026-04-14 10:32:53.086446+00:00
4921,302582,2026-28716,E-Textbooks,2019,DepEd (DCP),1,50,1,Non-Functional,Many of the tablets are no longer functional.,2026-04-14 10:02:47.244230+00:00
4944,316703,2026-44739,DCP,2025,DepEd (DCP),96,0,2,Functional,,2026-04-14 11:15:55.088897+00:00
4890,136872,2026-07539,LGU RED TABLET ,2025,LGU / SEF,0,40,0,Functional,,2026-04-14 08:58:31.790572+00:00
5487,303466,2026-36183,L4T2023,2023,DepEd (DCP),4,0,0,Functional,,2026-04-15 06:13:02.855148+00:00
5669,301831,2026-23186,Elearning Cart Package,2025,DepEd (DCP),46,0,1,Functional,"Router, charging cart, external hd",2026-04-15 08:35:43.024625+00:00
4891,501481,2026-28482,batch 22,2022,DepEd (DCP),46,0,0,Functional,"router, headphones, adaptor, mouse, 1 tv",2026-04-14 09:00:13.295212+00:00
4929,304282,2026-43585,Bacth 2022,2024,DepEd (DCP),46,0,1,Functional,"Headset, Mouse, Laptop Bag, Charger",2026-04-14 10:32:52.653638+00:00
4948,303345,2026-34960,2024-01,2024,DepEd (DCP),5,0,0,Non-Functional,,2026-04-14 11:18:56.769236+00:00
4952,305837,2026-03094,Batch 2024-1,2024,DepEd (DCP),46,0,1,Functional,,2026-04-14 11:20:46.883215+00:00
5279,501521,2026-03100,DCP 2023,2024,DepEd (DCP),46,0,6,Functional,,2026-04-15 03:05:38.547742+00:00
4971,500052,2026-07270,batch 36,2017,DepEd (DCP),50,0,1,Functional,,2026-04-14 12:04:44.309036+00:00
7262,300643,2026-12233,eCart Batch 3 2019,2019,DepEd (DCP),0,50,0,Functional,,2026-04-21 03:56:26.230256+00:00
7451,301297,2026-18396,DCP Batch 2019-03:E-Textbooks-Lot3,2021,DepEd (DCP),1,50,0,Functional,,2026-04-22 09:00:24.133832+00:00
7263,300643,2026-12233,DCP Batch 2020,2020,DepEd (DCP),45,0,1,Functional,,2026-04-21 03:56:26.236908+00:00
5293,501552,2026-03151,DCP 2022 Package 1,2024,DepEd (DCP),46,0,1,Functional,"External Hard Drive- ADATA HD710P (Pro), USB Flashdrive (for recovery), Router",2026-04-15 03:08:47.769408+00:00
5294,501552,2026-03151,DCP BATCH 36 LOT 8,2019,DepEd (DCP),1,0,0,Non-Functional,"3-in-1 printer Cannon Pixma G2010
Host PC Coby DCP1910
UPS- 1200VA KSTAR 1200VA
AVR PIXPRO
NETWORKING SWITCHES TENDA TEG1016D
NETWORKING SW Cable- UTP Cat 6, 24 AWG
TERMINAL ACCESS DEVICE COBY(Mouse, keyboard, headset )
Multimedia Speaker Pixpro soundblaster818
",2026-04-15 03:08:47.778417+00:00
5295,501552,2026-03151,LOT 8: IT Package,2019,DepEd (DCP),1,50,0,Non-Functional,Wireless Router:Linksys EA7500,2026-04-15 03:08:47.784120+00:00
5296,501552,2026-03151,DCP 2020: Multimedia Package,2021,DepEd (DCP),1,0,1,Non-Functional,Maono AU Lapel Speaker,2026-04-15 03:08:47.790449+00:00
7272,301315,2026-18895,Batch 46,2022,DepEd (DCP),46,0,0,Functional,complete set but the router is unserviceable in the area since the school has no internet connection due to poor signal.,2026-04-21 04:21:20.759085+00:00
7273,301315,2026-18895,batch ,2019,DepEd (DCP),1,50,0,Functional,,2026-04-21 04:21:20.765846+00:00
7058,132308,2026-04125,batch 44,2024,DepEd (DCP),2,0,4,Functional,,2026-04-20 09:00:12.090180+00:00
5488,102673,2026-10824,E-Learning Cart Package,2021,DepEd (DCP),0,50,0,Functional,,2026-04-15 06:14:41.986019+00:00
7064,302094,2026-24978,FY 2023 ELC,2025,DepEd (DCP),46,0,1,Functional,"With Recovery Flash drive, Router, Headset, Wireless Mouse, and External drive",2026-04-20 09:08:02.303954+00:00
7384,300285,2026-09647,Batch 2021,2021,DepEd (DCP),0,20,0,Functional,,2026-04-21 13:37:41.746270+00:00
5276,117629,2026-29504,ICT DCP,2024,DepEd (DCP),0,0,5,Functional,None so far,2026-04-15 03:03:32.254821+00:00
5670,313345,2026-36064,Batch 2018,2018,DepEd (DCP),1,100,0,Non-Functional,,2026-04-15 08:37:40.828144+00:00
5671,313345,2026-36064,Batch 2019,2019,DepEd (DCP),1,50,0,Non-Functional,,2026-04-15 08:37:40.836069+00:00
5672,313345,2026-36064,Batch 2020,2020,DepEd (DCP),1,0,1,Functional,,2026-04-15 08:37:40.843421+00:00
5673,313345,2026-36064,Batch 2022,2022,DepEd (DCP),5,0,0,Functional,,2026-04-15 08:37:40.848458+00:00
5674,313345,2026-36064,Batch 2023,2023,DepEd (DCP),46,0,1,Functional,,2026-04-15 08:37:40.853100+00:00
5675,313345,2026-36064,E-LEARNING ECART PACKAGE,2022,DepEd (DCP),46,0,1,Functional,,2026-04-15 08:37:40.858604+00:00
7385,300285,2026-09647,Batch 2022,2022,DepEd (DCP),0,45,0,Functional,,2026-04-21 13:37:41.752172+00:00
7591,303057,2026-32600,2022-01,2025,DepEd (DCP),46,0,1,Functional,"routers, headphones, adapters",2026-04-25 05:04:27.001393+00:00
5935,302079,2026-36276,DCP PACKAGE 2023,2024,DepEd (DCP),46,0,1,Functional,"1 Routers, 1 Charging cart and 1 External hard drive",2026-04-16 01:53:59.615452+00:00
5936,302079,2026-36276,Batch 2022-01,2024,DepEd (DCP),46,0,1,Functional,"2 Routers, 2 Storage/Charging Cart, 1 External Hard Drive, 1 Flash Drive",2026-04-16 01:53:59.622246+00:00
6147,300898,2026-14806,DCP 2022-01 E-Learning,2024,DepEd (DCP),92,0,2,Functional,wall bracket/ headphone with microphone/mouse/hard drive/ usb drive/ dvd player/ wifi router/ hdmi cable/ ,2026-04-16 07:14:39.126067+00:00
6158,300892,2026-14879,BATCH 2023-02,2024,DepEd (DCP),46,0,5,Functional,,2026-04-16 07:31:14.694041+00:00
6160,502333,2026-13349,2024-01,2024,DepEd (DCP),46,0,1,Functional,"Modem/Router, External Hard Drive, Charging Cart, Mouse, Head set with Microphone, USB Flashdrive",2026-04-16 07:36:03.504205+00:00
6161,502333,2026-13349,2023,2023,DepEd (DCP),46,0,1,Functional,"Modem/Router, Charging Cart, External Hard Drive",2026-04-16 07:36:03.514795+00:00
6044,305865,2026-13837,Batch 2023-01: eLearning Cart Package,2024,DepEd (DCP),46,0,0,Functional,"Smart TV, External Hard drive, Router",2026-04-16 05:01:28.450605+00:00
6257,500386,2026-09940,Batch 2023-01,2023,DepEd (DCP),46,0,1,Functional,,2026-04-16 20:59:12.106595+00:00
6258,500386,2026-09940,Batch 2024-01,2024,DepEd (DCP),46,0,1,Functional,,2026-04-16 20:59:12.113982+00:00
6412,131427,2026-02476,26,2025,DepEd (DCP),46,0,1,Functional,"routers, headphones",2026-04-17 07:07:36.531734+00:00
6486,302509,2026-29111,batch  19,2019,DepEd (DCP),51,50,0,Functional,"wireless router, printer, charging cart",2026-04-17 13:11:24.635108+00:00
6487,302509,2026-29111,Batch 24,2024,DepEd (DCP),46,0,0,Functional,"Cart, Router",2026-04-17 13:11:24.641307+00:00
6602,300426,2026-11018,Batch 44,2024,DepEd (DCP),46,0,1,Functional,,2026-04-19 04:10:29.961235+00:00
6661,317804,2026-03477,2024-01,2024,DepEd (DCP),46,0,0,Functional,"2 router, 1 hdd",2026-04-19 15:54:38.847524+00:00
6768,302719,2026-30270,Batch 2023-01,2023,DepEd (DCP),50,0,0,Functional,"Headphones, Mouse, Bag ",2026-04-20 03:13:10.440630+00:00
6771,501692,2026-03760,Batch 2023-01,2023,DepEd (DCP),46,0,0,Functional,FUNCTIONAL,2026-04-20 03:17:44.781945+00:00
6772,501692,2026-03760,Batch 2020-Multi-Media Package,2022,DepEd (DCP),1,0,1,Functional,1 set Lapel,2026-04-20 03:17:44.789531+00:00
6773,319112,2026-01848,Batch 32,2022,DepEd (DCP),55,0,0,Functional,,2026-04-20 03:20:01.212914+00:00
6857,300204,2026-09533,batch 2022-01,2024,DepEd (DCP),46,0,0,Functional,"Smart TV Xitrix XPN DSA5850
Router -TPlink Archer AX12
Stoarage Cart 
External Hard drive
Flash Drive ",2026-04-20 04:11:29.481545+00:00
6920,322206,2026-33512,eLearning Cart Package,2024,DepEd (DCP),46,0,1,Functional,,2026-04-20 05:53:16.214697+00:00
6921,322206,2026-33512,Laptop for Teaching,2024,DepEd (DCP),5,0,0,Functional,,2026-04-20 05:53:16.222696+00:00
5489,502077,2026-11111,DCP2022-L03,2024,DepEd (DCP),46,0,1,Functional,"46 MOUSE, 46 HEADPHONES, 2 ROUTER, 1 EXTERNAL HARD DRIVE",2026-04-15 06:14:42.621009+00:00
4954,320305,2026-07418,Batch 2023-01,2024,DepEd (DCP),46,0,1,Functional,"2 Wireless Router, 1 External HDD",2026-04-14 11:21:45.841274+00:00
4957,300529,2026-11595,e-Textbook Package,2021,DepEd (DCP),1,50,0,Functional,,2026-04-14 11:26:30.761210+00:00
4958,300529,2026-11595,eLearning Cart Package,2018,DepEd (DCP),1,50,2,Non-Functional,,2026-04-14 11:26:30.767084+00:00
4959,300529,2026-11595,eLearning Cart Package,2024,DepEd (DCP),51,0,1,Functional,,2026-04-14 11:26:30.772841+00:00
4984,302693,2026-30166,2022-01,2022,DepEd (DCP),46,0,1,Functional,"Wireless Router, External HDD",2026-04-14 12:37:39.981853+00:00
4961,302199,2026-26027,2022,2024,DepEd (DCP),46,0,1,Functional,,2026-04-14 11:36:31.393442+00:00
4962,303713,2026-20718,2023-01,2024,DepEd (DCP),46,0,1,Functional,,2026-04-14 11:40:13.554465+00:00
4963,303889,2026-44047,DCP2022,2024,DepEd (DCP),46,0,1,Functional,,2026-04-14 11:43:23.835615+00:00
4965,501205,2026-41185,2023-01,2024,DepEd (DCP),46,0,1,Functional,"2 routers, 2 charging cart, 1 external",2026-04-14 11:51:25.234757+00:00
4932,121316,2026-35246,Batch 29,2016,DepEd (DCP),1,0,0,Non-Functional,"COBY MOUSE PAD
COBY MOUSE PAD
COOLING FAN
PIXPRO ISHOW  X1500 PROJECTOR
PIXPRO SOUNDBLASTER 818 MULTIMEDIA SPEAKER
PULL-DOWN PROJECTOR SCREEN & 15 METERS VGA Cable (some needs repair, some are unserviceable)",2026-04-14 10:32:53.092890+00:00
4966,303017,2026-32639,2022-01,2024,DepEd (DCP),46,0,1,Functional,,2026-04-14 11:54:45.922998+00:00
4967,303017,2026-32639,36,2018,DepEd (DCP),0,50,0,Non-Functional,,2026-04-14 11:54:45.929048+00:00
4968,501123,2026-41357,2022-01,2024,DepEd (DCP),46,0,0,Functional,,2026-04-14 11:59:44.370857+00:00
7264,305098,2026-00640,2023-01,2024,DepEd (DCP),46,0,1,Functional,,2026-04-21 03:59:38.267232+00:00
4970,130957,2026-45163,batch,2024,DepEd (DCP),40,0,6,Functional,"headphones, mouse",2026-04-14 12:03:47.714568+00:00
4972,317510,2026-03149,LOT 8: IT PACKAGE SHS ,2021,DepEd (DCP),1,50,0,Functional,Wireless Router:Linksys EA7500,2026-04-14 12:07:23.196053+00:00
4993,312408,2026-32989,DCP BATCH 2023-03 L4T,2024,DepEd (DCP),5,0,0,Functional,Equiped with charger/headphone/mouse/micro sd card,2026-04-14 12:52:57.518777+00:00
4974,316521,2026-43784,Batch 44,2024,DepEd (DCP),46,0,0,Functional,"External hard drive, Wireless router, storage / charging cart",2026-04-14 12:10:33.343008+00:00
4994,312408,2026-32989,DCP BATCH 2023-01 ELC,2024,DepEd (DCP),46,0,1,Functional,Equiped with charger/mouse/headphone,2026-04-14 12:52:57.525060+00:00
5278,306010,2026-10622,2023,2024,DepEd (DCP),46,0,1,Functional,"Mouse, headset and bag",2026-04-15 03:04:28.345264+00:00
4978,304566,2026-44834,BATCH 01,2023,DepEd (DCP),46,0,1,Functional," USB Bootable Software
Wireless Router
Storage Charging Cart- 
External Hard Drive",2026-04-14 12:15:47.590105+00:00
5001,305187,2026-01668,Batch 01,2023,DepEd (DCP),46,0,1,Functional,complete package,2026-04-14 13:03:55.444944+00:00
4964,129063,2026-43573,2022-01,2024,DepEd (DCP),46,0,1,Functional,,2026-04-14 11:49:20.819686+00:00
4980,126728,2026-39347,Batch 20,2020,DepEd (DCP),2,0,0,Non-Functional,Not functional anymore,2026-04-14 12:18:03.446030+00:00
4981,313407,2026-36342,2018-01,2018,DepEd (DCP),1,50,0,Functional,Wireless router,2026-04-14 12:21:55.626081+00:00
4982,302450,2026-28304,e-learning 2022,2022,DepEd (DCP),46,0,1,Functional,,2026-04-14 12:22:13.171098+00:00
7265,305098,2026-00640,2023-03,2024,DepEd (DCP),10,0,0,Functional,,2026-04-21 03:59:38.273233+00:00
4985,302534,2026-28518,Batch 2023- 01: E- Learning Cart Package,2023,DepEd (DCP),46,0,0,Functional,,2026-04-14 12:38:27.969939+00:00
4986,302358,2026-27309,DEPED DCP E-LEARNING 2024,2024,DepEd (DCP),46,0,1,Functional,"Routers, Headphones, Adapters",2026-04-14 12:42:32.172027+00:00
4987,302358,2026-27309,DEPED DCP E-LEARNING CART 2024,2024,DepEd (DCP),46,0,0,Functional,"Routers, Headphones, Adapters",2026-04-14 12:42:32.178427+00:00
4988,500294,2026-44685,ELC,2024,DepEd (DCP),46,0,1,Functional,6 UNITS ARE NEED TO REPAIR,2026-04-14 12:42:41.977012+00:00
4989,302647,2026-30015,Batch,2025,DepEd (DCP),46,0,0,Functional,,2026-04-14 12:50:31.625564+00:00
5009,303595,2026-37698,BATCH 2022,2024,DepEd (DCP),46,0,0,Functional,,2026-04-14 13:23:56.061731+00:00
4992,502355,2026-41320,Batch 2022-01,2024,DepEd (DCP),46,0,1,Functional,"2 routers, 2 charging carts, 1 external hard drive",2026-04-14 12:52:54.319545+00:00
4996,300474,2026-10726,Batch 2022,2022,DepEd (DCP),0,46,1,Functional,,2026-04-14 12:53:43.216732+00:00
5006,102686,2026-11246,2018-01 under FY2018 DCP,2018,DepEd (DCP),1,50,0,Non-Functional,NON FUNCTIONAL,2026-04-14 13:19:56.388102+00:00
5007,311011,2026-28419,2022-01: ELEARNING Package,2024,DepEd (DCP),46,0,0,Functional,,2026-04-14 13:20:11.196299+00:00
5010,303595,2026-37698,BATCH 2018,2018,DepEd (DCP),0,0,0,Functional,,2026-04-14 13:23:56.075422+00:00
4997,302462,2026-28954,BATCH 2023-01,2023,DepEd (DCP),46,0,1,Functional,"4 BOXES ROUTERS, 2 PCS CHARGING CARTS, EXTERNAL DRIVE",2026-04-14 13:00:47.385755+00:00
4998,301940,2026-24186,2023-01-B11,2025,DepEd (DCP),46,0,2,Functional,"46 MOUSE, 46 HEADSETS,1 EXTERNAL HARD DRIVE AND 1 ROUTER ",2026-04-14 13:01:36.992020+00:00
4999,301940,2026-24186,2024-01-E92,2025,DepEd (DCP),46,0,1,Functional,"46 MOUSE, 46 HEADSETS,1 EXTERNAL HARD DRIVE AND 1 ROUTER ",2026-04-14 13:01:36.999104+00:00
4955,302510,2026-28279,Batch 2018-01,2019,DepEd (DCP),0,50,0,Functional,"Router (1), Mouse (50), Headphone (50), External CD Drive (1), Tablet bag (50), Charger (50)",2026-04-14 11:26:24.828832+00:00
4956,302510,2026-28279,Batch 22-01,2024,DepEd (DCP),46,0,1,Functional,"Router (1), Headphone (46), Mouse (46), Laptop Bag (46), External Hard drive 1TB (1), Charger (46)",2026-04-14 11:26:24.835735+00:00
5002,502334,2026-12250,Batch 22,2024,DepEd (DCP),46,0,1,Functional,"External Hard drive, mouse, headphone, charger",2026-04-14 13:15:07.252041+00:00
5003,305198,2026-02278,Batch 33,2023,DepEd (DCP),46,0,1,Functional,,2026-04-14 13:16:15.683457+00:00
5004,321506,2026-19926,Batch 33,2019,DepEd (DCP),8,0,2,Functional,,2026-04-14 13:18:31.433790+00:00
5005,321506,2026-19926,Batch ,2024,DepEd (DCP),40,0,1,Functional,,2026-04-14 13:18:31.440217+00:00
5011,306228,2026-10739,ELC2024,2024,DepEd (DCP),46,0,1,Functional,2 HEADPHONES 2 ROUTERS,2026-04-14 13:25:27.018462+00:00
1671,306264,2026-19356,2024-01,2024,DepEd (DCP),46,0,1,Functional,Headphones,2026-04-10 02:50:43.409570+00:00
5016,311020,2026-29095,Batch 35,2018,DepEd (DCP),1,50,0,Functional,,2026-04-14 13:44:55.761286+00:00
4991,302694,2026-30177,Batch 2022-01,2024,DepEd (DCP),46,0,1,Functional,"mouse, headset",2026-04-14 12:51:21.769314+00:00
7592,110042,2026-04637,Batch 40,2018,DepEd (DCP),0,50,0,Functional,,2026-04-25 05:16:16.209366+00:00
7593,110042,2026-04637,Batch 41,2021,DepEd (DCP),0,50,0,Functional,,2026-04-25 05:16:16.216989+00:00
5012,129840,2026-43645,NA,2024,DepEd (DCP),5,0,5,Functional,,2026-04-14 13:28:34.641036+00:00
5013,303422,2026-35420,DCP eLearning Cart Package,2023,DepEd (DCP),46,0,1,Functional,"46 Bluetooth mouse, 46 headphones, 46 laptop bags and 2 charging carts",2026-04-14 13:30:43.931113+00:00
5014,303094,2026-32888,e-Learning Cart Package,2022,DepEd (DCP),46,0,1,Functional,"Router, Storage Cart, Flash Drive",2026-04-14 13:33:27.255474+00:00
7266,305098,2026-00640,2022-01,2024,DepEd (DCP),46,0,1,Functional,,2026-04-21 03:59:38.279598+00:00
5280,305167,2026-01473,2022-1,2024,DepEd (DCP),46,0,1,Functional,,2026-04-15 03:05:42.482971+00:00
5490,308502,2026-19740,Batch 2022-01 Elearning Cart Package,2024,DepEd (DCP),46,0,1,Functional,"2 charging station, 1 hard drive, 2 TP-link router",2026-04-15 06:16:57.846428+00:00
5676,302150,2026-25457,DCP 2020 BATCH 2019-03 LOT 4: E-TEXTBOOKS ,2021,DepEd (DCP),1,50,0,Functional,,2026-04-15 08:39:54.923173+00:00
5685,502707,2026-10352,DCP PACKAGE BATCH 2023-01,2024,DepEd (DCP),46,0,1,Functional,"Headsets, Laptop Bags and Mouse Pad, Router, Wireless Mouse",2026-04-15 08:45:17.713833+00:00
7452,500172,2026-27030,DCP2022-Batch01,2024,DepEd (DCP),46,0,1,Functional,External Hard Drive,2026-04-22 09:28:24.930886+00:00
7453,502575,2026-30778,Batch 2024,2024,DepEd (DCP),46,0,0,Functional,Computer accessories,2026-04-22 10:16:28.831828+00:00
7553,303395,2026-35531,BATCH 44,2024,DepEd (DCP),46,50,2,Functional,"routers, headphones, mouse, hard drive",2026-04-24 02:47:10.459993+00:00
6126,300747,2026-13528,2019,2020,DepEd (DCP),1,1,0,Functional,,2026-04-16 06:41:13.778211+00:00
6127,300747,2026-13528,2024,2024,DepEd (DCP),1,0,0,Functional,,2026-04-16 06:41:13.783567+00:00
6046,304275,2026-42123,Batch 2022,2023,DepEd (DCP),46,0,1,Functional,"Routers, Headphones, External Harddisk",2026-04-16 05:08:56.040786+00:00
6150,104909,2026-13655,Batch 2019-01,2019,DepEd (DCP),50,0,1,Functional,with some broken units,2026-04-16 07:15:40.202401+00:00
6181,300434,2026-10710,L4T 2021 COLUMBIA,2021,DepEd (DCP),4,0,0,Functional,,2026-04-16 08:04:08.658068+00:00
6182,300434,2026-10710,ELC BATCH 2022,2022,DepEd (DCP),46,0,1,Functional,,2026-04-16 08:04:08.680284+00:00
6183,300434,2026-10710,ELC BATCH 2023,2023,DepEd (DCP),46,0,1,Functional,,2026-04-16 08:04:08.696453+00:00
6184,300434,2026-10710,DCP BATCH 2019-2,2019,DepEd (DCP),51,0,1,Functional,,2026-04-16 08:04:08.701997+00:00
6259,302449,2026-28516,DCP FOR SHS,2022,DepEd (DCP),0,100,2,Functional,"Headsets, Mouse",2026-04-16 21:57:44.483849+00:00
6261,304735,2026-04275,DCP-Batch 2023-01 E Learning Packages 1,2023,DepEd (DCP),46,0,1,Functional,TP link wireless router Archer AX12,2026-04-16 22:45:57.321125+00:00
6413,304561,2026-45046,Batch 2023,2023,DepEd (DCP),46,0,1,Functional,"wireless router, charging cart, external hard drive",2026-04-17 07:08:23.915947+00:00
6414,324404,2026-04221,44,2018,DepEd (DCP),0,44,0,Non-Functional,with charging carts and adaptor,2026-04-17 07:17:33.127931+00:00
6489,305478,2026-02981,Batch 2022-1,2024,DepEd (DCP),46,0,1,Functional,"Routers,Headphones,External Hardrive",2026-04-17 13:22:36.769082+00:00
6493,302439,2026-28203,Batch,2022,DepEd (DCP),46,0,1,Functional,"Router, External HDD",2026-04-17 13:33:07.939422+00:00
6858,302587,2026-30746,2022,2024,DepEd (DCP),45,0,1,Functional,,2026-04-20 04:13:51.318703+00:00
6923,312402,2026-33485,Batch 2022-01,2024,DepEd (DCP),46,0,1,Functional,"Router, headset, flash drive, external HDD",2026-04-20 05:57:54.260519+00:00
6930,304863,2026-03616,BATCH 2024-01,2024,DepEd (DCP),46,0,1,Functional,"WITH 46 UNITS COBY MOUSE AND MOUSE PAD
WITH 46 PCS LAPTOP BAG
WITH 1 UNIT EXTERNAL HARD DRIVE SILICON POWER ARMOR-A62
WITH 2 UNITS CHARGING CART PIXPRO CHARGING STATION MAX CSTN-25MX
WITH 2 UNITS WIRELESS ROUTER TPLINK ARCHER - AX12
WITH 1 UNIT FLASH DRIVE- (RECOVERY DISK)",2026-04-20 06:05:55.824106+00:00
7001,317416,2026-02901,36,2016,DepEd (DCP),1,0,0,Non-Functional,,2026-04-20 07:11:32.232339+00:00
7059,302295,2026-27045,Batch 2028-01,2019,DepEd (DCP),4,50,0,Functional,"Wireless mouse, Head seat, external ODD, router",2026-04-20 09:00:50.518153+00:00
7060,302295,2026-27045,Batch 2024-01,2024,DepEd (DCP),46,0,1,Functional,"TP-Link Archer, Silicon Power Armor",2026-04-20 09:00:50.525827+00:00
5017,311020,2026-29095,batch 36,2018,DepEd (DCP),2,0,0,Non-Functional,,2026-04-14 13:44:55.767186+00:00
5018,311020,2026-29095,batch 2023,2023,DepEd (DCP),46,0,1,Functional,,2026-04-14 13:44:55.773345+00:00
5019,120267,2026-34583,Batch 2018-1 (E-TB),2018,DepEd (DCP),1,50,0,Non-Functional,router,2026-04-14 13:47:23.668065+00:00
5020,120267,2026-34583,Batch 26,2016,DepEd (DCP),1,0,0,Non-Functional,"AVR, PROJECTOR, UPS, PRINTER, MULTIMEDIA SPEAKER, HOST",2026-04-14 13:47:23.677794+00:00
5021,120267,2026-34583,Batch 40,2018,DepEd (DCP),5,0,0,Non-Functional,"5 Multimedia Speaker PIXPRO, 5 Interactive Projector all were unserviceable",2026-04-14 13:47:23.695543+00:00
5022,120267,2026-34583,Batch 2019-2,2020,DepEd (DCP),1,50,0,Non-Functional,"printer, router, charging carts were unserviecable and only 10 tablets are serviceable.",2026-04-14 13:47:23.701271+00:00
5023,501929,2026-38182,DEPED,2024,DepEd (DCP),42,0,2,Non-Functional,"router, headphone ,adaptor",2026-04-14 13:47:27.321405+00:00
5491,500447,2026-33440,Batch 2023-01,2024,DepEd (DCP),46,0,1,Functional,"headset, mouse, USB recovery drive ",2026-04-15 06:17:23.562233+00:00
5679,104845,2026-13625,DCP 2024,2024,DepEd (DCP),1,0,0,Functional,,2026-04-15 08:41:15.125961+00:00
5680,104845,2026-13625,DCP 2021,2024,DepEd (DCP),5,0,0,Functional,,2026-04-15 08:41:15.133118+00:00
5681,104845,2026-13625,SMART TV FOR KINDERGARTEN,2021,DepEd (DCP),0,0,1,Functional,,2026-04-15 08:41:15.139144+00:00
5682,104845,2026-13625,BATCH 40,2018,DepEd (DCP),1,0,0,Functional,PROJECTOR,2026-04-15 08:41:15.144461+00:00
5683,104845,2026-13625,BATCH 29,2016,DepEd (DCP),1,0,0,Functional,DESKTOP -7,2026-04-15 08:41:15.149429+00:00
5684,104845,2026-13625,BATCH 26,2016,DepEd (DCP),1,0,0,Functional,,2026-04-15 08:41:15.154292+00:00
1673,106358,2026-15383,DCP Batch 1,2025,DepEd (DCP),5,0,5,Functional,CDs,2026-04-10 02:52:30.504097+00:00
5705,313336,2026-35470,LOT 6: IT PACKAGE (E-TEXTBOOK),2019,DepEd (DCP),1,50,0,Functional,,2026-04-15 09:11:37.055895+00:00
5706,313336,2026-35470,Batch 2023-01: E-Learning Cart Package,2024,DepEd (DCP),46,0,1,Functional,,2026-04-15 09:11:37.062155+00:00
5707,313336,2026-35470,E-Learning Cart Package,2024,DepEd (DCP),46,0,1,Functional,,2026-04-15 09:11:37.069115+00:00
5833,302663,2026-29993,Batch 1,2018,DepEd (DCP),0,50,0,Functional,Installer,2026-04-15 13:11:41.985682+00:00
5838,302528,2026-29038,BATCH 2023 -01,2024,DepEd (DCP),46,0,1,Functional,"2 Charging Cart
2 pc Server (bundle)",2026-04-15 13:27:43.953000+00:00
5839,303414,2026-35613,DCP packages 2024-01,2024,DepEd (DCP),46,0,1,Functional,N/A,2026-04-15 13:31:53.423139+00:00
5884,104835,2026-13615,INTERACTIVE DATA HUB 2026,2026,DepEd (DCP),0,0,1,Functional,,2026-04-15 23:58:25.235640+00:00
5286,321121,2026-09388,Batch 2022-01,2024,DepEd (DCP),46,0,1,Functional,"2-Router, 2 Storage Cart, 1 External Hard Drive, 1 Flash Drive (Recovery Disk)",2026-04-15 03:07:36.728347+00:00
6049,300929,2026-14951,"DCP Packages 2023 Batch 2023-01 eLearning Cart Package and Batch 2023-02 Smart TV Package, 2024c-ICTS3(009)-BVI-CB008-C067 (LOT3)",2023,DepEd (DCP),45,0,1,Functional,,2026-04-16 05:15:37.483297+00:00
6151,502365,2026-41353,Batch 2023-01,2024,DepEd (DCP),46,0,1,Functional,,2026-04-16 07:16:15.574164+00:00
6260,302547,2026-29093,022,2019,DepEd (DCP),0,50,0,Non-Functional,"Charger, mouse, ",2026-04-16 22:31:51.509867+00:00
6264,116533,2026-29187,Batch 20 ,2020,DepEd (DCP),1,0,1,Non-Functional,,2026-04-16 23:17:41.981270+00:00
6336,302346,2026-27182,Batch 2025,2025,DepEd (DCP),46,0,1,Functional,,2026-04-17 03:49:11.196367+00:00
6415,501558,2026-40038,Batch 2022-01,2024,DepEd (DCP),46,0,1,Functional,,2026-04-17 07:18:49.562799+00:00
6551,305201,2026-01757,DCP,2024,DepEd (DCP),107,0,1,Functional,,2026-04-18 06:41:16.029938+00:00
6663,127292,2026-40370,LAPTOP FOR TEACHING PACKAGE,2024,DepEd (DCP),5,0,0,Non-Functional,"To be repaired Headphones, Adaptor, LCD Screen",2026-04-19 18:04:38.629555+00:00
6721,500177,2026-26858,2018-01,2018,DepEd (DCP),1,0,0,Functional,Epson Projector with Screen - Non-functional,2026-04-20 02:08:18.997295+00:00
6722,500177,2026-26858,DCP 2020,2022,DepEd (DCP),1,0,1,Functional,"Laptop - obsolete OS
PixPro S511 Portable Loud Speaker - Non-Functional",2026-04-20 02:08:19.003577+00:00
6723,500177,2026-26858,Batch 40,2018,DepEd (DCP),1,0,0,Functional,"Laptop - Obsolete OS
Interactive Projector - Nonfunctional
Multimedia Speaker - Nonfunctional",2026-04-20 02:08:19.009951+00:00
6724,500177,2026-26858,DCP Batch 35,2018,DepEd (DCP),1,0,0,Functional,"Canon Printer - Functional
2 Units Host PC, 4 Units Switches, 42 sets Thin Client PCs, etc. - Non-Functional",2026-04-20 02:08:19.015329+00:00
6725,500177,2026-26858,DCP 2018-01,2019,DepEd (DCP),1,50,0,Non-Functional,"Laptop, Charging Cart, 3 Tablets - Functional
Tablets - Non-Functional",2026-04-20 02:08:19.020413+00:00
6431,313341,2026-34935,Batch 2023,2024,DepEd (DCP),46,0,1,Functional,"Mouse, Headphone",2026-04-17 08:06:06.718020+00:00
6770,322201,2026-33511,ecart Package,2024,DepEd (DCP),46,0,0,Functional,,2026-04-20 03:16:45.769393+00:00
6604,500798,2026-02745,Batch 22,2024,DepEd (DCP),46,0,1,Functional,,2026-04-19 04:17:48.194876+00:00
6859,500170,2026-26836,Batch 45,2024,DepEd (DCP),51,0,5,Functional,,2026-04-20 04:14:07.617889+00:00
6924,304898,2026-03843,40,2023,DepEd (DCP),25,20,2,Non-Functional,Adapters ,2026-04-20 05:58:01.741769+00:00
7002,301385,2026-18959,Batch 23-01,2024,DepEd (DCP),46,0,1,Functional,,2026-04-20 07:12:18.555699+00:00
7062,302437,2026-28202,Batch 22,2022,DepEd (DCP),46,0,1,Functional,"Router, Headset, Adapter",2026-04-20 09:04:42.890832+00:00
7063,302437,2026-28202,Batch 23,2023,DepEd (DCP),46,0,1,Functional,"Routers, Headphones, Adapters",2026-04-20 09:04:42.897333+00:00
7072,115443,2026-27722,BATCH 10,2015,Private Donor / NGO,25,0,0,Functional,,2026-04-20 09:30:59.700393+00:00
7390,304055,2026-40322,Batch 2022,2024,DepEd (DCP),46,0,1,Functional,,2026-04-21 13:53:00.317495+00:00
7454,301865,2026-23304,LOT #6 Batch 2024-01,2024,DepEd (DCP),46,0,0,Functional,,2026-04-22 11:07:12.588561+00:00
5029,501445,2026-28996,DepEd DCP Package,2024,DepEd (DCP),46,0,2,Functional,"routers, mouse, headphones, external drive, installer, laptop bags, charger cable",2026-04-14 14:16:02.008981+00:00
7554,301049,2026-16245,2022,2024,DepEd (DCP),46,0,1,Functional,,2026-04-24 03:14:36.275897+00:00
4135,500071,2026-11793,N/A,2024,DepEd (DCP),46,0,1,Functional,,2026-04-14 02:30:22.147920+00:00
5025,300222,2026-09406,2024-02,2024,DepEd (DCP),46,0,0,Functional,good,2026-04-14 13:54:00.250341+00:00
5027,314124,2026-20408,DCP BATCH 46,2023,DepEd (DCP),46,0,1,Functional,Router and mouse,2026-04-14 14:10:00.017588+00:00
5036,502376,2026-44771,Batch 30,2015,DepEd (DCP),0,0,0,Functional,,2026-04-14 14:33:39.854307+00:00
5028,501454,2026-29430,Batch 2022,2024,DepEd (DCP),46,0,1,Functional,,2026-04-14 14:12:24.817989+00:00
5026,302612,2026-29748,DCP 2022,2022,DepEd (DCP),46,0,1,Functional,,2026-04-14 14:00:56.334522+00:00
5298,304532,2026-44636,Batch 42,2024,DepEd (DCP),42,0,1,Functional,,2026-04-15 03:09:21.718859+00:00
5492,500843,2026-44687,batch 22-01,2024,DepEd (DCP),47,0,2,Functional,,2026-04-15 06:20:24.072553+00:00
5704,300776,2026-13754,Batch 2023,2023,DepEd (DCP),46,0,1,Functional,,2026-04-15 09:06:51.768189+00:00
5834,302663,2026-29993,Batch 44,2018,DepEd (DCP),1,50,1,Functional,"Lapel, usb and manual",2026-04-15 13:11:41.993549+00:00
5835,302663,2026-29993,Batch 2022-01/E-learning cart package,2024,DepEd (DCP),46,0,1,Functional,"2 routers, 2 storage cart, external hard drive, flask drive (recovery disc)",2026-04-15 13:11:41.999480+00:00
5840,501429,2026-34272,DCP Batch eLearning Package,2024,DepEd (DCP),41,0,0,Functional,Routers,2026-04-15 13:31:53.600691+00:00
5946,300461,2026-11200,Batch 2019-03,2021,DepEd (DCP),1,50,0,Functional,"Batteries are bloated, with TP Link Router, wireless mouse, headset, CD Writer, EnPower Pro Series Features",2026-04-16 02:00:31.426462+00:00
6050,305081,2026-00546,batch 2021,2021,DepEd (DCP),2,0,2,Non-Functional,charger,2026-04-16 05:16:33.941934+00:00
6262,322506,2026-04074,Batch 44,2025,DepEd (DCP),46,0,1,Functional,"Headphone, MOUSE, storage cart",2026-04-16 22:50:40.709476+00:00
6416,500762,2026-45341,Batch 39,2024,DepEd (DCP),42,0,0,Functional,,2026-04-17 07:21:03.499953+00:00
6491,500569,2026-06937,BATCH 2025,2025,DepEd (DCP),46,0,0,Functional,,2026-04-17 13:30:36.863015+00:00
6605,300444,2026-10751,2024-01,2024,DepEd (DCP),46,0,1,Functional,,2026-04-19 05:44:52.765057+00:00
6606,300444,2026-10751,2022-01,2024,DepEd (DCP),46,0,1,Functional,,2026-04-19 05:44:52.774483+00:00
6607,300444,2026-10751,2019-02,2021,DepEd (DCP),0,49,0,Functional,,2026-04-19 05:44:52.780116+00:00
6727,126508,2026-39200,2021,2021,DepEd (DCP),5,0,0,Functional,,2026-04-20 02:12:40.110893+00:00
6775,304896,2026-03809,Batch 32,2025,DepEd (DCP),46,0,1,Functional,Headphones,2026-04-20 03:26:17.373791+00:00
7455,301292,2026-18490,Batch 01,2024,DepEd (DCP),46,0,1,Functional,"2 Router,Externa HDD,Headphones",2026-04-22 11:12:42.555848+00:00
6787,501802,2026-30800,44,2024,DepEd (DCP),46,0,0,Functional,2 link router,2026-04-20 03:29:54.522765+00:00
6788,301410,2026-18582,Batch 1,2024,DepEd (DCP),46,0,1,Functional,,2026-04-20 03:30:06.086763+00:00
6552,302423,2026-28153,36,2019,DepEd (DCP),0,50,0,Functional,"Mouse, Headphones, Routers",2026-04-18 06:46:52.977695+00:00
7457,301283,2026-18755,Program Support Fund,2019,DepEd (DCP),54,50,1,Functional,"Charging Cart, Modem, Server",2026-04-22 11:32:33.002489+00:00
6925,305336,2026-07015,2024-01,2024,DepEd (DCP),46,0,1,Functional,"Router, headphones, external drive",2026-04-20 05:59:00.797998+00:00
7458,301283,2026-18755,Batch 2019,2021,DepEd (DCP),1,50,0,Functional,"Thin Client Server, Monitor, UPS, Printer, Projector, Server, Modem, Charging Cart, Mouse, ",2026-04-22 11:32:33.008608+00:00
6934,131831,2026-02989,Batch 2025,2025,DepEd (DCP),5,0,0,Functional,Portable sound system,2026-04-20 06:10:31.040061+00:00
6942,300384,2026-10204,Batch ,2016,DepEd (DCP),0,50,0,Non-Functional,,2026-04-20 06:15:58.568420+00:00
7003,500181,2026-26981,Batch 2023-01:E-learning Cart Package,2023,DepEd (DCP),0,0,1,Functional,2 unit TP-Link Archer Ax12; 2 unit TSDI Charging Cart; 1 unit Silicon Power Armor A60,2026-04-20 07:12:27.881564+00:00
7008,312810,2026-33320,DCP 2022,2022,DepEd (DCP),46,0,1,Functional,,2026-04-20 07:28:02.544330+00:00
7459,301283,2026-18755,Batch 35,2018,DepEd (DCP),54,0,0,Functional,"Head set, mouse, charging cart,",2026-04-22 11:32:33.014344+00:00
6664,501097,2026-28128,BATCH 2022-01,2024,DepEd (DCP),46,0,1,Functional,"2Routers, 46 headset,46 bags,46 mouse and 46 adapters",2026-04-19 19:30:40.176057+00:00
5493,500559,2026-16230,Batch 2024-01,2024,DepEd (DCP),46,0,1,Functional,,2026-04-15 06:20:30.926479+00:00
6157,300722,2026-13493,2019,2020,DepEd (DCP),2,50,0,Functional,,2026-04-16 07:23:32.385271+00:00
7557,500590,2026-00571,DCP 2022,2024,DepEd (DCP),46,0,1,Functional,,2026-04-24 04:00:31.417211+00:00
7558,500590,2026-00571,DCP 2023,2024,DepEd (DCP),46,0,1,Functional,,2026-04-24 04:00:31.422755+00:00
7595,313327,2026-36094,eLearning Cart Package,2024,DepEd (DCP),0,0,0,Functional,,2026-04-25 08:55:08.641885+00:00
5047,501498,2026-29385,BATCH 2022-01,2024,DepEd (DCP),46,0,1,Functional,2 ROUTERS AND 1 EXTERNAL DRIVE,2026-04-14 15:02:14.131934+00:00
5031,322004,2026-33422,Batch ,2022,DepEd (DCP),46,0,2,Functional,"Chargers, bags",2026-04-14 14:26:34.564673+00:00
7278,500743,2026-00530,BATCH 2023-01,2024,DepEd (DCP),46,0,1,Functional,"TP LINK, CHARGING CART, EXTERNL HARD DRIVE",2026-04-21 04:25:08.192658+00:00
5033,303123,2026-32042,batch 1,2019,DepEd (DCP),1,50,0,Functional,"REMARKS: ALL TABLETS ARE UNSERVICEABLE. OTHERS: WIRELESS ROUTER LINKSYS EA 7500, COBY NBPC 1758 LAPTOP W/  LAPTOP BAG & HEADSET, and PIXPRO CHARGING STORAGE CART ",2026-04-14 14:31:34.738345+00:00
5034,303123,2026-32042,Batch 2023-01,2024,DepEd (DCP),46,0,1,Functional,"LAPTOP CARRYING BAG, 
DELUX  OPTICAL WIRELESS MOUSE
GOODNES GS-355 HEADSET
REMARKS: SOME LAPTOPS WERE HIBERNATED, AND CANNOT BE OPENED. 
OTHERS:
64GB USB FLASH DRIVE (RECOVERY DRIVE)
TP LINK ARCHER AX12 WIRELESS ROUTER
VIEWTECH CHARGING CART
LaCie ST115000400 RUGGED MINI 5TB EXT HDD
",2026-04-14 14:31:34.745463+00:00
5037,314601,2026-22559,DCP 2018,2019,DepEd (DCP),0,50,0,Functional,,2026-04-14 14:39:03.435137+00:00
5038,306427,2026-10740,Batch 44,2024,DepEd (DCP),54,0,0,Functional,,2026-04-14 14:40:24.885400+00:00
5039,303379,2026-35497,Batch 2023-03:LAPTOP FOR TEACHING PACKAGE,2024,DepEd (DCP),5,0,0,Functional,,2026-04-14 14:42:27.271410+00:00
5042,305798,2026-30272,2,2024,DepEd (DCP),46,0,1,Functional,,2026-04-14 14:45:42.091629+00:00
5043,304652,2026-45584,Batch 44,2024,DepEd (DCP),46,0,1,Functional,,2026-04-14 14:51:02.401651+00:00
7391,304731,2026-02635,DCP,2023,DepEd (DCP),45,0,0,Functional,"Routers, Headphones ",2026-04-21 15:45:39.348627+00:00
5045,501073,2026-29551,E-CART ,2024,DepEd (DCP),46,0,1,Functional,"Routers, headphones, chargers, mouse, laptop bags,  USB, ",2026-04-14 14:53:15.596385+00:00
5305,303841,2026-21946,Batch 2021,2021,DepEd (DCP),0,51,2,Functional,,2026-04-15 03:13:33.416080+00:00
5035,500493,2026-44464,BATCH 22,2023,DepEd (DCP),92,0,0,Functional,,2026-04-14 14:33:06.462838+00:00
5046,500301,2026-44664,DCP,2024,DepEd (DCP),46,0,0,Functional,,2026-04-14 14:59:28.353222+00:00
5048,120634,2026-34618,Batch 2018,2019,DepEd (DCP),1,50,0,Functional,,2026-04-14 15:05:12.972381+00:00
5040,300485,2026-11007,Batch 2019-3,2021,DepEd (DCP),0,50,0,Functional,,2026-04-14 14:42:54.929270+00:00
5041,300485,2026-11007,Batch 2022-01,2023,DepEd (DCP),46,0,1,Functional,,2026-04-14 14:42:54.934386+00:00
5049,501930,2026-36458,BATCH ,2025,DepEd (DCP),35,0,0,Functional,HEADPHONES,2026-04-14 15:19:52.335937+00:00
7456,110181,2026-04984,DCP PACKAGE,2017,DepEd (DCP),10,0,0,Non-Functional,,2026-04-22 11:22:43.814619+00:00
5306,303841,2026-21946,Batch 2020,2020,DepEd (DCP),0,51,0,Functional,,2026-04-15 03:13:33.423393+00:00
5307,303841,2026-21946,Batch 2023,2023,DepEd (DCP),46,0,1,Functional,Headphones,2026-04-15 03:13:33.434612+00:00
5308,302441,2026-29037,BATCH 2022-01,2024,DepEd (DCP),46,0,1,Functional,2 UNITS ROUTER,2026-04-15 03:13:43.856901+00:00
5325,301208,2026-17750,batch 2022-01,2022,DepEd (DCP),51,0,1,Functional,"external hard drive, modem/router, charging cart",2026-04-15 03:31:21.156305+00:00
5494,303367,2026-35172,"Batch 1/ Dell Latitude 3440, BTX Laptop",2024,DepEd (DCP),46,0,1,Functional,With Headphones & router,2026-04-15 06:20:32.402867+00:00
5495,303367,2026-35172,"Batch 2/ Dell Latitude 3440, BTX Laptop",2024,DepEd (DCP),46,0,1,Functional,"Routers, headphones",2026-04-15 06:20:32.409538+00:00
5690,300087,2026-08054,batch 22,2024,DepEd (DCP),46,0,1,Functional,,2026-04-15 08:50:33.682395+00:00
6492,306020,2026-10671,DCP2022-BATCH1,2024,DepEd (DCP),46,0,1,Functional,,2026-04-17 13:31:48.074626+00:00
5059,302676,2026-29638,Batch 1 ,2024,DepEd (DCP),51,0,1,Functional,,2026-04-14 16:20:33.115136+00:00
5060,305549,2026-22591,DCP 2024,2024,DepEd (DCP),46,0,1,Functional,Headphones ,2026-04-14 16:21:33.546861+00:00
6417,314603,2026-22581,2022&2024,2024,DepEd (DCP),92,0,2,Functional,,2026-04-17 07:21:29.061740+00:00
5067,300452,2026-10619,2022 E LEARNING CART,2022,DepEd (DCP),46,0,1,Functional,,2026-04-14 16:33:18.178173+00:00
5847,306721,2026-13863,Batch 2023,2023,DepEd (DCP),46,0,1,Functional,"2-Wireless Router
1-External Hard Drive
2-Charging Cart
",2026-04-15 13:58:09.461725+00:00
5848,306721,2026-13863,Batch 2019-03,2019,DepEd (DCP),51,0,0,Functional,50 mousepads 50 headsets 50 Carrying Bags 1 External DVD Writer 1 wireless mouse with pad 1 Router 2 Charging Carts,2026-04-15 13:58:09.473467+00:00
6159,116709,2026-29399,batch 4,2023,DepEd (DCP),2,30,4,Functional,.....,2026-04-16 07:32:12.906444+00:00
5836,500196,2026-30531,DCP BATCH 2024-01:ELearning Cart Package,2024,DepEd (DCP),46,0,1,Functional,"2 Wireless Router, 1 External HDD,",2026-04-15 13:14:58.183732+00:00
5951,302345,2026-27656,Batch 2023-01,2024,DepEd (DCP),46,0,1,Functional,4 boxes routes & Ext. Drive,2026-04-16 02:01:36.087430+00:00
5076,117717,2026-30430,Batch 1,2025,DepEd (DCP),0,21,0,Functional,,2026-04-14 16:54:50.894424+00:00
5077,302183,2026-26209,Batch 2020,2020,DepEd (DCP),1,49,1,Functional,"complete package with accessories
almost all tablets are not working properly
laptop is not working
",2026-04-14 16:55:17.450363+00:00
6926,306906,2026-15045,Batch 2024-01,2024,DepEd (DCP),46,0,1,Functional,,2026-04-20 05:59:30.405955+00:00
6338,302789,2026-30575,batch 44,2023,DepEd (DCP),56,0,0,Functional,,2026-04-17 03:51:47.132190+00:00
6418,108916,2026-18720,Batch 42,2022,DepEd (DCP),4,0,0,Functional,,2026-04-17 07:22:34.232514+00:00
6419,301437,2026-19249,DCP 2023,2024,DepEd (DCP),46,0,1,Functional,,2026-04-17 07:22:51.542869+00:00
6608,108766,2026-18547,DCP 2020,2020,DepEd (DCP),1,0,1,Non-Functional,"lapel, speaker",2026-04-19 06:09:05.939018+00:00
6665,313307,2026-35193,Batch 2022-01,2022,DepEd (DCP),46,0,1,Functional,"Charging Carts, Wireless Router, External HDD",2026-04-19 22:34:44.678229+00:00
6777,500645,2026-10240,BATCH 2022,2023,DepEd (DCP),46,0,1,Functional,,2026-04-20 03:27:32.824145+00:00
6553,314122,2026-20425,DCP 2023,2023,DepEd (DCP),46,0,1,Functional,,2026-04-18 07:02:32.989729+00:00
6554,314122,2026-20425,DCP 2024,2024,DepEd (DCP),46,0,0,Functional,,2026-04-18 07:02:33.009080+00:00
6862,108502,2026-18220,BATCH 20,2021,DepEd (DCP),1,50,1,Functional,,2026-04-20 04:25:52.887575+00:00
6881,310813,2026-27896,DCP,2023,DepEd (DCP),51,44,2,Non-Functional,,2026-04-20 04:45:33.186209+00:00
6884,300425,2026-10592,BATCH 2,2021,DepEd (DCP),51,0,1,Functional,,2026-04-20 04:48:55.809175+00:00
6885,300425,2026-10592,BATCH 3,2021,DepEd (DCP),0,50,0,Functional,,2026-04-20 04:48:55.817503+00:00
6891,300713,2026-13388,Batch 22,2025,DepEd (DCP),45,0,0,Functional,Router,2026-04-20 04:56:46.528261+00:00
7004,305093,2026-00601,Batch 2023-1,2023,DepEd (DCP),46,0,0,Non-Functional,,2026-04-20 07:15:43.051330+00:00
7015,305094,2026-00758,DepEd-DCP DR#2024-0013,2024,DepEd (DCP),46,0,1,Functional,,2026-04-20 07:35:16.715025+00:00
7066,501431,2026-34250,Batch 2022-01,2024,DepEd (DCP),45,0,1,Functional,"router, charging cart, xitrex smart tv",2026-04-20 09:14:45.290526+00:00
5082,501790,2026-22449,Batch 2024-Matatag Days,2024,DepEd (DCP),46,0,1,Functional,"Selinog Integrated School has received forty-six (46) units of DCP laptops, complete with accessories such as headphones, mouse, mouse pads, laptop bags, and chargers. These are intended for learners’ use, particularly in support of the teaching and learning process. We are sincerely grateful for this assistance, as it enabled the school, for the first time, to participate in the NCAE online examination. However, it was observed that some units are non-functional while others are still operational. We respectfully hope that the school will be considered as a recipient of additional batches of laptops, televisions, and tablets to further support learners’ educational needs. Thank you very much.",2026-04-14 19:20:58.688722+00:00
5083,108164,2026-17843,dcp 2019,2019,DepEd (DCP),1,50,1,Functional,some keyboard for tablets and mouse doest now work,2026-04-14 19:51:16.125447+00:00
5084,136859,2026-06811,Batch 31,2016,DepEd (DCP),2,0,2,Functional,,2026-04-14 20:09:48.908963+00:00
5085,136859,2026-06811,Batch 40,2018,DepEd (DCP),1,0,0,Functional,,2026-04-14 20:09:48.919199+00:00
5086,136859,2026-06811,Batch 2020,2021,DepEd (DCP),1,0,1,Functional,,2026-04-14 20:09:48.925804+00:00
5087,136859,2026-06811,Batch 2022,2024,DepEd (DCP),5,0,5,Functional,,2026-04-14 20:09:48.932511+00:00
7279,305096,2026-00515,2023-01,2024,DepEd (DCP),46,0,1,Functional,"Router, Headset, External Hard drive, Charging cart",2026-04-21 04:31:29.571814+00:00
5097,304604,2026-45388,Batch 2023-01,2023,DepEd (DCP),46,0,1,Functional,"Router, headphones,hard drive",2026-04-14 23:22:27.432258+00:00
5090,303366,2026-34961,Batch 2024-1,2024,DepEd (DCP),46,0,1,Functional,,2026-04-14 21:54:53.599826+00:00
5092,302721,2026-30281,Batch 35 and Batch36,2024,DepEd (DCP),92,0,2,Functional,,2026-04-14 22:34:37.533094+00:00
5093,305495,2026-34836,Batch 47,2025,DepEd (DCP),47,0,1,Functional,0,2026-04-14 22:48:36.902065+00:00
5691,501478,2026-28908,Batch 2023-01,2024,DepEd (DCP),46,0,1,Functional,"headset, mouse,  hard drive",2026-04-15 08:55:12.875468+00:00
5095,312403,2026-32515,E-learning Cart Package,2024,DepEd (DCP),46,0,1,Functional,,2026-04-14 22:56:42.426202+00:00
5096,501470,2026-28671,24-01,2024,DepEd (DCP),46,0,1,Functional,"Headphones, External Hard Drive",2026-04-14 23:06:00.677911+00:00
6265,300497,2026-10907,Batch 1,2024,DepEd (DCP),46,0,1,Functional,"2 Wireless Router
1 External Drive
1 Flash drive",2026-04-17 00:06:55.434122+00:00
5098,304240,2026-42074,E-Textbook,2019,DepEd (DCP),0,0,0,Functional,,2026-04-14 23:29:33.390694+00:00
5099,302477,2026-28735,Batch 2019-02,2020,DepEd (DCP),51,0,1,Functional,,2026-04-14 23:30:21.721603+00:00
5100,302477,2026-28735,Batch 2018,2019,DepEd (DCP),0,190,0,Functional,,2026-04-14 23:30:21.727936+00:00
6266,300497,2026-10907,Batch 1,2024,DepEd (DCP),46,0,1,Functional,"2 Wireless Router
1 External Drive
1 Flash Drive",2026-04-17 00:06:55.441938+00:00
5301,325203,2026-12917,DCP-2022,2022,DepEd (DCP),46,0,1,Functional,Router/external drive,2026-04-15 03:13:11.033703+00:00
5302,325203,2026-12917,DCP-2023,2023,DepEd (DCP),46,0,1,Functional,Headphones/mouse,2026-04-15 03:13:11.043806+00:00
5109,307501,2026-16342,Batch,2024,DepEd (DCP),46,0,1,Functional,,2026-04-14 23:42:54.483720+00:00
5111,300845,2026-14357,DCP Package 2022,2024,DepEd (DCP),46,0,1,Functional,"2 charging carts
2 wireless routers
1 external hard drive",2026-04-14 23:52:47.817733+00:00
5112,302651,2026-29828,2023-01,2023,DepEd (DCP),0,0,0,Functional,,2026-04-14 23:59:50.998780+00:00
5837,303262,2026-34106,BATCH 2022,2024,DepEd (DCP),46,0,1,Functional,"HEADPHONES, CHARGING CART, WIRELESS MOUSE, FLASH DRIVE, WIRELESS ROUTER, CARRYING BAGS",2026-04-15 13:24:15.472681+00:00
5118,301798,2026-06790,Batch 2024-01,2024,DepEd (DCP),46,0,1,Functional,"2 pc modem/router  TP-Link Archer AX12
2 charging cart",2026-04-15 00:21:24.551264+00:00
5119,301798,2026-06790,DCP Batch Lot 4,2019,DepEd (DCP),0,50,0,Functional,14 Unserviceable for disposal units,2026-04-15 00:21:24.556622+00:00
5120,501449,2026-29243,20,2024,DepEd (DCP),47,0,3,Functional,,2026-04-15 00:22:11.155959+00:00
5121,314102,2026-20704,Batch 2023-01,2024,DepEd (DCP),46,0,1,Functional,TP-LINKARCHER AX12,2026-04-15 00:25:27.889978+00:00
5122,314102,2026-20704,BATCH 2023-03,2024,DepEd (DCP),46,0,1,Functional,,2026-04-15 00:25:27.900163+00:00
5125,117248,2026-29983,Batch 2019-01,2020,DepEd (DCP),50,0,0,Functional,,2026-04-15 00:33:00.259370+00:00
5126,502135,2026-04355,Batch 2022-01 e learning cart package,2024,DepEd (DCP),46,0,1,Functional,"Router 2pcs, Smart TV 1pc, Storage Cart 2pc, external hardrive 1pc.",2026-04-15 00:36:57.506682+00:00
5127,102788,2026-10916,Batch 44,2023,DepEd (DCP),42,0,0,Functional,,2026-04-15 00:45:47.621795+00:00
5952,105055,2026-13825,Batch 42,2018,DepEd (DCP),10,0,0,Functional,,2026-04-16 02:09:27.828832+00:00
6267,300497,2026-10907,Batch 2019-02,2021,DepEd (DCP),51,0,1,Functional,"1 unit TP link 
1 unit Epson 3150 Printer",2026-04-17 00:06:55.454373+00:00
6268,300497,2026-10907,Batch 2019-03,2021,DepEd (DCP),1,50,0,Functional,1 Unit TP link,2026-04-17 00:06:55.461516+00:00
6339,302082,2026-24943,1,2024,DepEd (DCP),46,0,1,Functional,,2026-04-17 03:52:56.493063+00:00
6162,302648,2026-30016,Batch 22,2022,DepEd (DCP),46,0,1,Functional,,2026-04-16 07:36:50.591905+00:00
6422,502283,2026-30478,Batch 2024-01,2024,DepEd (DCP),46,0,1,Functional,Headset,2026-04-17 07:42:01.686781+00:00
5124,322508,2026-04105,Batch 43,2024,DepEd (DCP),46,0,1,Functional,"headphones, bluetooth mouse",2026-04-15 00:26:03.507134+00:00
6615,300918,2026-15138,Batch 2022 elearning cart package,2024,DepEd (DCP),92,0,2,Functional,"With charging station, bag, mouse, headset",2026-04-19 06:14:05.725970+00:00
6616,300918,2026-15138,Batch 2023 laptop for teaching package,2024,DepEd (DCP),10,0,0,Functional,"With mouse, bag, headset. No charging base or station",2026-04-19 06:14:05.731857+00:00
6666,132540,2026-03548,no batch,2025,DepEd (DCP),5,0,0,Functional,none,2026-04-19 22:55:16.474609+00:00
6778,303467,2026-38598,Batch 17,2014,DepEd (DCP),42,0,0,Non-Functional,Desktops- 42,2026-04-20 03:28:24.764865+00:00
6779,303467,2026-38598,Batch 36,2022,DepEd (DCP),44,0,0,Functional,,2026-04-20 03:28:24.772242+00:00
6780,303467,2026-38598,DepEd Lot 6: IT Package,2018,DepEd (DCP),0,48,0,Functional,,2026-04-20 03:28:24.777871+00:00
6781,303467,2026-38598,DCP 2020 Lot,2020,DepEd (DCP),1,0,1,Functional,,2026-04-20 03:28:24.783595+00:00
